[{"date":"2020-01-11","product":"COPERNICUS/S1_GRD","band":"VH","value":-16.6874,"farmer_unique_id":"30459","site_id":2238},{"date":"2020-01-23","product":"COPERNICUS/S1_GRD","band":"VH","value":-17.408,"farmer_unique_id":"30459","site_id":2238},{"date":"2020-02-04","product":"COPERNICUS/S1_GRD","band":"VH","value":-15.3214,"farmer_unique_id":"30459","site_id":2238},{"date":"2020-02-16","product":"COPERNICUS/S1_GRD","band":"VH","value":-15.3367,"farmer_unique_id":"30459","site_id":2238},{"date":"2020-02-28","product":"COPERNICUS/S1_GRD","band":"VH","value":-16.588,"farmer_unique_id":"30459","site_id":2238},{"date":"2020-03-11","product":"COPERNICUS/S1_GRD","band":"VH","value":-14.9638,"farmer_unique_id":"30459","site_id":2238},{"date":"2020-03-23","product":"COPERNICUS/S1_GRD","band":"VH","value":-17.5336,"farmer_unique_id":"30459","site_id":2238},{"date":"2020-04-04","product":"COPERNICUS/S1_GRD","band":"VH","value":-17.7243,"farmer_unique_id":"30459","site_id":2238},{"date":"2020-04-16","product":"COPERNICUS/S1_GRD","band":"VH","value":-16.2094,"farmer_unique_id":"30459","site_id":2238},{"date":"2020-04-28","product":"COPERNICUS/S1_GRD","band":"VH","value":-17.5607,"farmer_unique_id":"30459","site_id":2238},{"date":"2020-05-10","product":"COPERNICUS/S1_GRD","band":"VH","value":-18.053,"farmer_unique_id":"30459","site_id":2238},{"date":"2020-05-22","product":"COPERNICUS/S1_GRD","band":"VH","value":-12.8425,"farmer_unique_id":"30459","site_id":2238},{"date":"2020-06-15","product":"COPERNICUS/S1_GRD","band":"VH","value":-18.5135,"farmer_unique_id":"30459","site_id":2238},{"date":"2020-06-27","product":"COPERNICUS/S1_GRD","band":"VH","value":-16.3399,"farmer_unique_id":"30459","site_id":2238},{"date":"2020-07-09","product":"COPERNICUS/S1_GRD","band":"VH","value":-20.6756,"farmer_unique_id":"30459","site_id":2238},{"date":"2020-07-21","product":"COPERNICUS/S1_GRD","band":"VH","value":-17.4096,"farmer_unique_id":"30459","site_id":2238},{"date":"2020-08-02","product":"COPERNICUS/S1_GRD","band":"VH","value":-20.9103,"farmer_unique_id":"30459","site_id":2238},{"date":"2020-08-14","product":"COPERNICUS/S1_GRD","band":"VH","value":-20.8483,"farmer_unique_id":"30459","site_id":2238},{"date":"2020-08-26","product":"COPERNICUS/S1_GRD","band":"VH","value":-16.7426,"farmer_unique_id":"30459","site_id":2238},{"date":"2020-09-07","product":"COPERNICUS/S1_GRD","band":"VH","value":-20.4204,"farmer_unique_id":"30459","site_id":2238},{"date":"2020-09-19","product":"COPERNICUS/S1_GRD","band":"VH","value":-15.733,"farmer_unique_id":"30459","site_id":2238},{"date":"2020-10-01","product":"COPERNICUS/S1_GRD","band":"VH","value":-18.9041,"farmer_unique_id":"30459","site_id":2238},{"date":"2020-10-13","product":"COPERNICUS/S1_GRD","band":"VH","value":-17.0046,"farmer_unique_id":"30459","site_id":2238},{"date":"2020-10-25","product":"COPERNICUS/S1_GRD","band":"VH","value":-14.1039,"farmer_unique_id":"30459","site_id":2238},{"date":"2020-11-06","product":"COPERNICUS/S1_GRD","band":"VH","value":-18.4666,"farmer_unique_id":"30459","site_id":2238},{"date":"2020-11-18","product":"COPERNICUS/S1_GRD","band":"VH","value":-18.0204,"farmer_unique_id":"30459","site_id":2238},{"date":"2020-11-30","product":"COPERNICUS/S1_GRD","band":"VH","value":-15.1641,"farmer_unique_id":"30459","site_id":2238},{"date":"2020-12-12","product":"COPERNICUS/S1_GRD","band":"VH","value":-14.7556,"farmer_unique_id":"30459","site_id":2238},{"date":"2020-12-24","product":"COPERNICUS/S1_GRD","band":"VH","value":-16.9793,"farmer_unique_id":"30459","site_id":2238},{"date":"2021-01-05","product":"COPERNICUS/S1_GRD","band":"VH","value":-16.7855,"farmer_unique_id":"30459","site_id":2238},{"date":"2021-01-17","product":"COPERNICUS/S1_GRD","band":"VH","value":-16.3147,"farmer_unique_id":"30459","site_id":2238},{"date":"2021-01-29","product":"COPERNICUS/S1_GRD","band":"VH","value":-18.4738,"farmer_unique_id":"30459","site_id":2238},{"date":"2021-02-10","product":"COPERNICUS/S1_GRD","band":"VH","value":-16.5817,"farmer_unique_id":"30459","site_id":2238},{"date":"2021-02-22","product":"COPERNICUS/S1_GRD","band":"VH","value":-14.4658,"farmer_unique_id":"30459","site_id":2238},{"date":"2021-03-06","product":"COPERNICUS/S1_GRD","band":"VH","value":-15.2107,"farmer_unique_id":"30459","site_id":2238},{"date":"2021-03-18","product":"COPERNICUS/S1_GRD","band":"VH","value":-18.2916,"farmer_unique_id":"30459","site_id":2238},{"date":"2021-03-30","product":"COPERNICUS/S1_GRD","band":"VH","value":-16.1056,"farmer_unique_id":"30459","site_id":2238},{"date":"2021-04-11","product":"COPERNICUS/S1_GRD","band":"VH","value":-17.6832,"farmer_unique_id":"30459","site_id":2238},{"date":"2021-04-23","product":"COPERNICUS/S1_GRD","band":"VH","value":-16.6224,"farmer_unique_id":"30459","site_id":2238},{"date":"2021-05-05","product":"COPERNICUS/S1_GRD","band":"VH","value":-18.9311,"farmer_unique_id":"30459","site_id":2238},{"date":"2021-05-17","product":"COPERNICUS/S1_GRD","band":"VH","value":-19.6536,"farmer_unique_id":"30459","site_id":2238},{"date":"2021-05-29","product":"COPERNICUS/S1_GRD","band":"VH","value":-15.3341,"farmer_unique_id":"30459","site_id":2238},{"date":"2020-01-11","product":"COPERNICUS/S1_GRD","band":"VV","value":-7.544,"farmer_unique_id":"30459","site_id":2238},{"date":"2020-01-23","product":"COPERNICUS/S1_GRD","band":"VV","value":-10.745,"farmer_unique_id":"30459","site_id":2238},{"date":"2020-02-04","product":"COPERNICUS/S1_GRD","band":"VV","value":-9.6317,"farmer_unique_id":"30459","site_id":2238},{"date":"2020-02-16","product":"COPERNICUS/S1_GRD","band":"VV","value":-9.1354,"farmer_unique_id":"30459","site_id":2238},{"date":"2020-02-28","product":"COPERNICUS/S1_GRD","band":"VV","value":-12.4616,"farmer_unique_id":"30459","site_id":2238},{"date":"2020-03-11","product":"COPERNICUS/S1_GRD","band":"VV","value":-8.2914,"farmer_unique_id":"30459","site_id":2238},{"date":"2020-03-23","product":"COPERNICUS/S1_GRD","band":"VV","value":-11.695,"farmer_unique_id":"30459","site_id":2238},{"date":"2020-04-04","product":"COPERNICUS/S1_GRD","band":"VV","value":-8.2974,"farmer_unique_id":"30459","site_id":2238},{"date":"2020-04-16","product":"COPERNICUS/S1_GRD","band":"VV","value":-10.2705,"farmer_unique_id":"30459","site_id":2238},{"date":"2020-04-28","product":"COPERNICUS/S1_GRD","band":"VV","value":-11.0903,"farmer_unique_id":"30459","site_id":2238},{"date":"2020-05-10","product":"COPERNICUS/S1_GRD","band":"VV","value":-11.4723,"farmer_unique_id":"30459","site_id":2238},{"date":"2020-05-22","product":"COPERNICUS/S1_GRD","band":"VV","value":-10.2856,"farmer_unique_id":"30459","site_id":2238},{"date":"2020-06-15","product":"COPERNICUS/S1_GRD","band":"VV","value":-9.8396,"farmer_unique_id":"30459","site_id":2238},{"date":"2020-06-27","product":"COPERNICUS/S1_GRD","band":"VV","value":-9.3386,"farmer_unique_id":"30459","site_id":2238},{"date":"2020-07-09","product":"COPERNICUS/S1_GRD","band":"VV","value":-13.4889,"farmer_unique_id":"30459","site_id":2238},{"date":"2020-07-21","product":"COPERNICUS/S1_GRD","band":"VV","value":-10.6044,"farmer_unique_id":"30459","site_id":2238},{"date":"2020-08-02","product":"COPERNICUS/S1_GRD","band":"VV","value":-10.3365,"farmer_unique_id":"30459","site_id":2238},{"date":"2020-08-14","product":"COPERNICUS/S1_GRD","band":"VV","value":-9.3636,"farmer_unique_id":"30459","site_id":2238},{"date":"2020-08-26","product":"COPERNICUS/S1_GRD","band":"VV","value":-13.5421,"farmer_unique_id":"30459","site_id":2238},{"date":"2020-09-07","product":"COPERNICUS/S1_GRD","band":"VV","value":-12.7644,"farmer_unique_id":"30459","site_id":2238},{"date":"2020-09-19","product":"COPERNICUS/S1_GRD","band":"VV","value":-6.0967,"farmer_unique_id":"30459","site_id":2238},{"date":"2020-10-01","product":"COPERNICUS/S1_GRD","band":"VV","value":-11.3574,"farmer_unique_id":"30459","site_id":2238},{"date":"2020-10-13","product":"COPERNICUS/S1_GRD","band":"VV","value":-8.2479,"farmer_unique_id":"30459","site_id":2238},{"date":"2020-10-25","product":"COPERNICUS/S1_GRD","band":"VV","value":-9.6956,"farmer_unique_id":"30459","site_id":2238},{"date":"2020-11-06","product":"COPERNICUS/S1_GRD","band":"VV","value":-10.5377,"farmer_unique_id":"30459","site_id":2238},{"date":"2020-11-18","product":"COPERNICUS/S1_GRD","band":"VV","value":-11.1595,"farmer_unique_id":"30459","site_id":2238},{"date":"2020-11-30","product":"COPERNICUS/S1_GRD","band":"VV","value":-8.3734,"farmer_unique_id":"30459","site_id":2238},{"date":"2020-12-12","product":"COPERNICUS/S1_GRD","band":"VV","value":-9.4065,"farmer_unique_id":"30459","site_id":2238},{"date":"2020-12-24","product":"COPERNICUS/S1_GRD","band":"VV","value":-8.5949,"farmer_unique_id":"30459","site_id":2238},{"date":"2021-01-05","product":"COPERNICUS/S1_GRD","band":"VV","value":-10.2069,"farmer_unique_id":"30459","site_id":2238},{"date":"2021-01-17","product":"COPERNICUS/S1_GRD","band":"VV","value":-7.2133,"farmer_unique_id":"30459","site_id":2238},{"date":"2021-01-29","product":"COPERNICUS/S1_GRD","band":"VV","value":-10.1588,"farmer_unique_id":"30459","site_id":2238},{"date":"2021-02-10","product":"COPERNICUS/S1_GRD","band":"VV","value":-11.1945,"farmer_unique_id":"30459","site_id":2238},{"date":"2021-02-22","product":"COPERNICUS/S1_GRD","band":"VV","value":-8.1117,"farmer_unique_id":"30459","site_id":2238},{"date":"2021-03-06","product":"COPERNICUS/S1_GRD","band":"VV","value":-13.0628,"farmer_unique_id":"30459","site_id":2238},{"date":"2021-03-18","product":"COPERNICUS/S1_GRD","band":"VV","value":-8.7655,"farmer_unique_id":"30459","site_id":2238},{"date":"2021-03-30","product":"COPERNICUS/S1_GRD","band":"VV","value":-11.6962,"farmer_unique_id":"30459","site_id":2238},{"date":"2021-04-11","product":"COPERNICUS/S1_GRD","band":"VV","value":-9.2855,"farmer_unique_id":"30459","site_id":2238},{"date":"2021-04-23","product":"COPERNICUS/S1_GRD","band":"VV","value":-9.8567,"farmer_unique_id":"30459","site_id":2238},{"date":"2021-05-05","product":"COPERNICUS/S1_GRD","band":"VV","value":-8.7764,"farmer_unique_id":"30459","site_id":2238},{"date":"2021-05-17","product":"COPERNICUS/S1_GRD","band":"VV","value":-10.403,"farmer_unique_id":"30459","site_id":2238},{"date":"2021-05-29","product":"COPERNICUS/S1_GRD","band":"VV","value":-8.9994,"farmer_unique_id":"30459","site_id":2238}]
