[{"date":"2020-01-11","product":"COPERNICUS/S1_GRD","band":"VH","value":-17.0006,"farmer_unique_id":"3261093","site_id":2181},{"date":"2020-01-23","product":"COPERNICUS/S1_GRD","band":"VH","value":-15.8882,"farmer_unique_id":"3261093","site_id":2181},{"date":"2020-02-04","product":"COPERNICUS/S1_GRD","band":"VH","value":-17.3643,"farmer_unique_id":"3261093","site_id":2181},{"date":"2020-02-16","product":"COPERNICUS/S1_GRD","band":"VH","value":-13.3868,"farmer_unique_id":"3261093","site_id":2181},{"date":"2020-02-28","product":"COPERNICUS/S1_GRD","band":"VH","value":-18.1695,"farmer_unique_id":"3261093","site_id":2181},{"date":"2020-03-11","product":"COPERNICUS/S1_GRD","band":"VH","value":-15.716,"farmer_unique_id":"3261093","site_id":2181},{"date":"2020-03-23","product":"COPERNICUS/S1_GRD","band":"VH","value":-16.4364,"farmer_unique_id":"3261093","site_id":2181},{"date":"2020-04-04","product":"COPERNICUS/S1_GRD","band":"VH","value":-17.2473,"farmer_unique_id":"3261093","site_id":2181},{"date":"2020-04-16","product":"COPERNICUS/S1_GRD","band":"VH","value":-13.1226,"farmer_unique_id":"3261093","site_id":2181},{"date":"2020-04-28","product":"COPERNICUS/S1_GRD","band":"VH","value":-19.2837,"farmer_unique_id":"3261093","site_id":2181},{"date":"2020-05-10","product":"COPERNICUS/S1_GRD","band":"VH","value":-14.754,"farmer_unique_id":"3261093","site_id":2181},{"date":"2020-05-22","product":"COPERNICUS/S1_GRD","band":"VH","value":-13.1051,"farmer_unique_id":"3261093","site_id":2181},{"date":"2020-06-03","product":"COPERNICUS/S1_GRD","band":"VH","value":-16.9794,"farmer_unique_id":"3261093","site_id":2181},{"date":"2020-06-15","product":"COPERNICUS/S1_GRD","band":"VH","value":-17.1741,"farmer_unique_id":"3261093","site_id":2181},{"date":"2020-06-27","product":"COPERNICUS/S1_GRD","band":"VH","value":-15.2689,"farmer_unique_id":"3261093","site_id":2181},{"date":"2020-07-09","product":"COPERNICUS/S1_GRD","band":"VH","value":-20.7327,"farmer_unique_id":"3261093","site_id":2181},{"date":"2020-07-21","product":"COPERNICUS/S1_GRD","band":"VH","value":-13.9273,"farmer_unique_id":"3261093","site_id":2181},{"date":"2020-08-02","product":"COPERNICUS/S1_GRD","band":"VH","value":-19.0126,"farmer_unique_id":"3261093","site_id":2181},{"date":"2020-08-14","product":"COPERNICUS/S1_GRD","band":"VH","value":-14.7687,"farmer_unique_id":"3261093","site_id":2181},{"date":"2020-08-26","product":"COPERNICUS/S1_GRD","band":"VH","value":-14.9354,"farmer_unique_id":"3261093","site_id":2181},{"date":"2020-09-07","product":"COPERNICUS/S1_GRD","band":"VH","value":-19.4206,"farmer_unique_id":"3261093","site_id":2181},{"date":"2020-09-19","product":"COPERNICUS/S1_GRD","band":"VH","value":-22.4347,"farmer_unique_id":"3261093","site_id":2181},{"date":"2020-10-01","product":"COPERNICUS/S1_GRD","band":"VH","value":-21.9753,"farmer_unique_id":"3261093","site_id":2181},{"date":"2020-10-13","product":"COPERNICUS/S1_GRD","band":"VH","value":-21.4064,"farmer_unique_id":"3261093","site_id":2181},{"date":"2020-10-25","product":"COPERNICUS/S1_GRD","band":"VH","value":-20.1238,"farmer_unique_id":"3261093","site_id":2181},{"date":"2020-11-06","product":"COPERNICUS/S1_GRD","band":"VH","value":-20.6513,"farmer_unique_id":"3261093","site_id":2181},{"date":"2020-11-18","product":"COPERNICUS/S1_GRD","band":"VH","value":-21.0908,"farmer_unique_id":"3261093","site_id":2181},{"date":"2020-11-30","product":"COPERNICUS/S1_GRD","band":"VH","value":-21.4614,"farmer_unique_id":"3261093","site_id":2181},{"date":"2020-12-12","product":"COPERNICUS/S1_GRD","band":"VH","value":-17.4878,"farmer_unique_id":"3261093","site_id":2181},{"date":"2020-12-24","product":"COPERNICUS/S1_GRD","band":"VH","value":-14.5596,"farmer_unique_id":"3261093","site_id":2181},{"date":"2021-01-05","product":"COPERNICUS/S1_GRD","band":"VH","value":-13.6679,"farmer_unique_id":"3261093","site_id":2181},{"date":"2021-01-17","product":"COPERNICUS/S1_GRD","band":"VH","value":-18.4703,"farmer_unique_id":"3261093","site_id":2181},{"date":"2021-01-29","product":"COPERNICUS/S1_GRD","band":"VH","value":-11.3854,"farmer_unique_id":"3261093","site_id":2181},{"date":"2021-02-10","product":"COPERNICUS/S1_GRD","band":"VH","value":-12.3905,"farmer_unique_id":"3261093","site_id":2181},{"date":"2021-02-22","product":"COPERNICUS/S1_GRD","band":"VH","value":-17.2712,"farmer_unique_id":"3261093","site_id":2181},{"date":"2021-03-06","product":"COPERNICUS/S1_GRD","band":"VH","value":-14.628,"farmer_unique_id":"3261093","site_id":2181},{"date":"2021-03-18","product":"COPERNICUS/S1_GRD","band":"VH","value":-17.6706,"farmer_unique_id":"3261093","site_id":2181},{"date":"2021-03-30","product":"COPERNICUS/S1_GRD","band":"VH","value":-19.338,"farmer_unique_id":"3261093","site_id":2181},{"date":"2021-04-11","product":"COPERNICUS/S1_GRD","band":"VH","value":-21.9257,"farmer_unique_id":"3261093","site_id":2181},{"date":"2021-04-23","product":"COPERNICUS/S1_GRD","band":"VH","value":-18.1783,"farmer_unique_id":"3261093","site_id":2181},{"date":"2021-05-05","product":"COPERNICUS/S1_GRD","band":"VH","value":-15.2278,"farmer_unique_id":"3261093","site_id":2181},{"date":"2021-05-17","product":"COPERNICUS/S1_GRD","band":"VH","value":-17.2523,"farmer_unique_id":"3261093","site_id":2181},{"date":"2021-05-29","product":"COPERNICUS/S1_GRD","band":"VH","value":-16.6978,"farmer_unique_id":"3261093","site_id":2181},{"date":"2020-01-11","product":"COPERNICUS/S1_GRD","band":"VV","value":-12.844,"farmer_unique_id":"3261093","site_id":2181},{"date":"2020-01-23","product":"COPERNICUS/S1_GRD","band":"VV","value":-9.9028,"farmer_unique_id":"3261093","site_id":2181},{"date":"2020-02-04","product":"COPERNICUS/S1_GRD","band":"VV","value":-7.9674,"farmer_unique_id":"3261093","site_id":2181},{"date":"2020-02-16","product":"COPERNICUS/S1_GRD","band":"VV","value":-12.5726,"farmer_unique_id":"3261093","site_id":2181},{"date":"2020-02-28","product":"COPERNICUS/S1_GRD","band":"VV","value":-9.7404,"farmer_unique_id":"3261093","site_id":2181},{"date":"2020-03-11","product":"COPERNICUS/S1_GRD","band":"VV","value":-10.6334,"farmer_unique_id":"3261093","site_id":2181},{"date":"2020-03-23","product":"COPERNICUS/S1_GRD","band":"VV","value":-10.4086,"farmer_unique_id":"3261093","site_id":2181},{"date":"2020-04-04","product":"COPERNICUS/S1_GRD","band":"VV","value":-11.8701,"farmer_unique_id":"3261093","site_id":2181},{"date":"2020-04-16","product":"COPERNICUS/S1_GRD","band":"VV","value":-10.2878,"farmer_unique_id":"3261093","site_id":2181},{"date":"2020-04-28","product":"COPERNICUS/S1_GRD","band":"VV","value":-10.9241,"farmer_unique_id":"3261093","site_id":2181},{"date":"2020-05-10","product":"COPERNICUS/S1_GRD","band":"VV","value":-8.5713,"farmer_unique_id":"3261093","site_id":2181},{"date":"2020-05-22","product":"COPERNICUS/S1_GRD","band":"VV","value":-10.6615,"farmer_unique_id":"3261093","site_id":2181},{"date":"2020-06-03","product":"COPERNICUS/S1_GRD","band":"VV","value":-6.9819,"farmer_unique_id":"3261093","site_id":2181},{"date":"2020-06-15","product":"COPERNICUS/S1_GRD","band":"VV","value":-10.0683,"farmer_unique_id":"3261093","site_id":2181},{"date":"2020-06-27","product":"COPERNICUS/S1_GRD","band":"VV","value":-12.4303,"farmer_unique_id":"3261093","site_id":2181},{"date":"2020-07-09","product":"COPERNICUS/S1_GRD","band":"VV","value":-9.3303,"farmer_unique_id":"3261093","site_id":2181},{"date":"2020-07-21","product":"COPERNICUS/S1_GRD","band":"VV","value":-10.2332,"farmer_unique_id":"3261093","site_id":2181},{"date":"2020-08-02","product":"COPERNICUS/S1_GRD","band":"VV","value":-10.4867,"farmer_unique_id":"3261093","site_id":2181},{"date":"2020-08-14","product":"COPERNICUS/S1_GRD","band":"VV","value":-9.0789,"farmer_unique_id":"3261093","site_id":2181},{"date":"2020-08-26","product":"COPERNICUS/S1_GRD","band":"VV","value":-14.2382,"farmer_unique_id":"3261093","site_id":2181},{"date":"2020-09-07","product":"COPERNICUS/S1_GRD","band":"VV","value":-11.8413,"farmer_unique_id":"3261093","site_id":2181},{"date":"2020-09-19","product":"COPERNICUS/S1_GRD","band":"VV","value":-16.5242,"farmer_unique_id":"3261093","site_id":2181},{"date":"2020-10-01","product":"COPERNICUS/S1_GRD","band":"VV","value":-11.6655,"farmer_unique_id":"3261093","site_id":2181},{"date":"2020-10-13","product":"COPERNICUS/S1_GRD","band":"VV","value":-9.3609,"farmer_unique_id":"3261093","site_id":2181},{"date":"2020-10-25","product":"COPERNICUS/S1_GRD","band":"VV","value":-14.8647,"farmer_unique_id":"3261093","site_id":2181},{"date":"2020-11-06","product":"COPERNICUS/S1_GRD","band":"VV","value":-12.3989,"farmer_unique_id":"3261093","site_id":2181},{"date":"2020-11-18","product":"COPERNICUS/S1_GRD","band":"VV","value":-16.0931,"farmer_unique_id":"3261093","site_id":2181},{"date":"2020-11-30","product":"COPERNICUS/S1_GRD","band":"VV","value":-9.9788,"farmer_unique_id":"3261093","site_id":2181},{"date":"2020-12-12","product":"COPERNICUS/S1_GRD","band":"VV","value":-11.9217,"farmer_unique_id":"3261093","site_id":2181},{"date":"2020-12-24","product":"COPERNICUS/S1_GRD","band":"VV","value":-9.6827,"farmer_unique_id":"3261093","site_id":2181},{"date":"2021-01-05","product":"COPERNICUS/S1_GRD","band":"VV","value":-11.7709,"farmer_unique_id":"3261093","site_id":2181},{"date":"2021-01-17","product":"COPERNICUS/S1_GRD","band":"VV","value":-10.0551,"farmer_unique_id":"3261093","site_id":2181},{"date":"2021-01-29","product":"COPERNICUS/S1_GRD","band":"VV","value":-13.1592,"farmer_unique_id":"3261093","site_id":2181},{"date":"2021-02-10","product":"COPERNICUS/S1_GRD","band":"VV","value":-8.8132,"farmer_unique_id":"3261093","site_id":2181},{"date":"2021-02-22","product":"COPERNICUS/S1_GRD","band":"VV","value":-8.6146,"farmer_unique_id":"3261093","site_id":2181},{"date":"2021-03-06","product":"COPERNICUS/S1_GRD","band":"VV","value":-12.2651,"farmer_unique_id":"3261093","site_id":2181},{"date":"2021-03-18","product":"COPERNICUS/S1_GRD","band":"VV","value":-13.5663,"farmer_unique_id":"3261093","site_id":2181},{"date":"2021-03-30","product":"COPERNICUS/S1_GRD","band":"VV","value":-8.5615,"farmer_unique_id":"3261093","site_id":2181},{"date":"2021-04-11","product":"COPERNICUS/S1_GRD","band":"VV","value":-15.0418,"farmer_unique_id":"3261093","site_id":2181},{"date":"2021-04-23","product":"COPERNICUS/S1_GRD","band":"VV","value":-11.4491,"farmer_unique_id":"3261093","site_id":2181},{"date":"2021-05-05","product":"COPERNICUS/S1_GRD","band":"VV","value":-8.1668,"farmer_unique_id":"3261093","site_id":2181},{"date":"2021-05-17","product":"COPERNICUS/S1_GRD","band":"VV","value":-12.794,"farmer_unique_id":"3261093","site_id":2181},{"date":"2021-05-29","product":"COPERNICUS/S1_GRD","band":"VV","value":-11.1528,"farmer_unique_id":"3261093","site_id":2181}]
