[{"date":"2020-01-11","product":"COPERNICUS/S1_GRD","band":"VH","value":-17.3651,"farmer_unique_id":"4485962","site_id":1432},{"date":"2020-01-23","product":"COPERNICUS/S1_GRD","band":"VH","value":-15.8324,"farmer_unique_id":"4485962","site_id":1432},{"date":"2020-02-04","product":"COPERNICUS/S1_GRD","band":"VH","value":-12.6297,"farmer_unique_id":"4485962","site_id":1432},{"date":"2020-02-16","product":"COPERNICUS/S1_GRD","band":"VH","value":-10.7667,"farmer_unique_id":"4485962","site_id":1432},{"date":"2020-02-28","product":"COPERNICUS/S1_GRD","band":"VH","value":-8.7399,"farmer_unique_id":"4485962","site_id":1432},{"date":"2020-03-11","product":"COPERNICUS/S1_GRD","band":"VH","value":-17.0929,"farmer_unique_id":"4485962","site_id":1432},{"date":"2020-03-23","product":"COPERNICUS/S1_GRD","band":"VH","value":-15.2451,"farmer_unique_id":"4485962","site_id":1432},{"date":"2020-04-04","product":"COPERNICUS/S1_GRD","band":"VH","value":-12.6065,"farmer_unique_id":"4485962","site_id":1432},{"date":"2020-04-16","product":"COPERNICUS/S1_GRD","band":"VH","value":-11.5662,"farmer_unique_id":"4485962","site_id":1432},{"date":"2020-04-28","product":"COPERNICUS/S1_GRD","band":"VH","value":-14.6485,"farmer_unique_id":"4485962","site_id":1432},{"date":"2020-05-10","product":"COPERNICUS/S1_GRD","band":"VH","value":-12.6919,"farmer_unique_id":"4485962","site_id":1432},{"date":"2020-05-22","product":"COPERNICUS/S1_GRD","band":"VH","value":-12.99,"farmer_unique_id":"4485962","site_id":1432},{"date":"2020-06-03","product":"COPERNICUS/S1_GRD","band":"VH","value":-11.9177,"farmer_unique_id":"4485962","site_id":1432},{"date":"2020-06-15","product":"COPERNICUS/S1_GRD","band":"VH","value":-14.4005,"farmer_unique_id":"4485962","site_id":1432},{"date":"2020-06-27","product":"COPERNICUS/S1_GRD","band":"VH","value":-13.5237,"farmer_unique_id":"4485962","site_id":1432},{"date":"2020-07-09","product":"COPERNICUS/S1_GRD","band":"VH","value":-13.67,"farmer_unique_id":"4485962","site_id":1432},{"date":"2020-07-21","product":"COPERNICUS/S1_GRD","band":"VH","value":-12.4227,"farmer_unique_id":"4485962","site_id":1432},{"date":"2020-08-02","product":"COPERNICUS/S1_GRD","band":"VH","value":-13.2577,"farmer_unique_id":"4485962","site_id":1432},{"date":"2020-08-14","product":"COPERNICUS/S1_GRD","band":"VH","value":-15.8309,"farmer_unique_id":"4485962","site_id":1432},{"date":"2020-08-26","product":"COPERNICUS/S1_GRD","band":"VH","value":-14.2846,"farmer_unique_id":"4485962","site_id":1432},{"date":"2020-09-07","product":"COPERNICUS/S1_GRD","band":"VH","value":-12.7093,"farmer_unique_id":"4485962","site_id":1432},{"date":"2020-09-19","product":"COPERNICUS/S1_GRD","band":"VH","value":-15.8189,"farmer_unique_id":"4485962","site_id":1432},{"date":"2020-10-01","product":"COPERNICUS/S1_GRD","band":"VH","value":-14.5528,"farmer_unique_id":"4485962","site_id":1432},{"date":"2020-10-13","product":"COPERNICUS/S1_GRD","band":"VH","value":-13.5164,"farmer_unique_id":"4485962","site_id":1432},{"date":"2020-10-25","product":"COPERNICUS/S1_GRD","band":"VH","value":-17.715,"farmer_unique_id":"4485962","site_id":1432},{"date":"2020-11-06","product":"COPERNICUS/S1_GRD","band":"VH","value":-15.5277,"farmer_unique_id":"4485962","site_id":1432},{"date":"2020-11-18","product":"COPERNICUS/S1_GRD","band":"VH","value":-13.3903,"farmer_unique_id":"4485962","site_id":1432},{"date":"2020-11-30","product":"COPERNICUS/S1_GRD","band":"VH","value":-13.9402,"farmer_unique_id":"4485962","site_id":1432},{"date":"2020-12-12","product":"COPERNICUS/S1_GRD","band":"VH","value":-15.7364,"farmer_unique_id":"4485962","site_id":1432},{"date":"2020-12-24","product":"COPERNICUS/S1_GRD","band":"VH","value":-17.3,"farmer_unique_id":"4485962","site_id":1432},{"date":"2021-01-05","product":"COPERNICUS/S1_GRD","band":"VH","value":-13.6624,"farmer_unique_id":"4485962","site_id":1432},{"date":"2021-01-17","product":"COPERNICUS/S1_GRD","band":"VH","value":-15.8551,"farmer_unique_id":"4485962","site_id":1432},{"date":"2021-01-29","product":"COPERNICUS/S1_GRD","band":"VH","value":-15.2577,"farmer_unique_id":"4485962","site_id":1432},{"date":"2021-02-10","product":"COPERNICUS/S1_GRD","band":"VH","value":-14.7949,"farmer_unique_id":"4485962","site_id":1432},{"date":"2021-02-22","product":"COPERNICUS/S1_GRD","band":"VH","value":-12.8312,"farmer_unique_id":"4485962","site_id":1432},{"date":"2021-03-06","product":"COPERNICUS/S1_GRD","band":"VH","value":-14.7918,"farmer_unique_id":"4485962","site_id":1432},{"date":"2021-03-18","product":"COPERNICUS/S1_GRD","band":"VH","value":-12.2836,"farmer_unique_id":"4485962","site_id":1432},{"date":"2021-03-30","product":"COPERNICUS/S1_GRD","band":"VH","value":-15.1048,"farmer_unique_id":"4485962","site_id":1432},{"date":"2021-04-11","product":"COPERNICUS/S1_GRD","band":"VH","value":-12.7197,"farmer_unique_id":"4485962","site_id":1432},{"date":"2021-04-23","product":"COPERNICUS/S1_GRD","band":"VH","value":-15.2271,"farmer_unique_id":"4485962","site_id":1432},{"date":"2021-05-05","product":"COPERNICUS/S1_GRD","band":"VH","value":-13.0694,"farmer_unique_id":"4485962","site_id":1432},{"date":"2021-05-17","product":"COPERNICUS/S1_GRD","band":"VH","value":-13.1346,"farmer_unique_id":"4485962","site_id":1432},{"date":"2021-05-29","product":"COPERNICUS/S1_GRD","band":"VH","value":-13.9912,"farmer_unique_id":"4485962","site_id":1432},{"date":"2020-01-11","product":"COPERNICUS/S1_GRD","band":"VV","value":-9.438,"farmer_unique_id":"4485962","site_id":1432},{"date":"2020-01-23","product":"COPERNICUS/S1_GRD","band":"VV","value":-6.9784,"farmer_unique_id":"4485962","site_id":1432},{"date":"2020-02-04","product":"COPERNICUS/S1_GRD","band":"VV","value":-4.5316,"farmer_unique_id":"4485962","site_id":1432},{"date":"2020-02-16","product":"COPERNICUS/S1_GRD","band":"VV","value":-8.582,"farmer_unique_id":"4485962","site_id":1432},{"date":"2020-02-28","product":"COPERNICUS/S1_GRD","band":"VV","value":-8.9816,"farmer_unique_id":"4485962","site_id":1432},{"date":"2020-03-11","product":"COPERNICUS/S1_GRD","band":"VV","value":-4.6424,"farmer_unique_id":"4485962","site_id":1432},{"date":"2020-03-23","product":"COPERNICUS/S1_GRD","band":"VV","value":-8.6862,"farmer_unique_id":"4485962","site_id":1432},{"date":"2020-04-04","product":"COPERNICUS/S1_GRD","band":"VV","value":-6.6757,"farmer_unique_id":"4485962","site_id":1432},{"date":"2020-04-16","product":"COPERNICUS/S1_GRD","band":"VV","value":-9.3616,"farmer_unique_id":"4485962","site_id":1432},{"date":"2020-04-28","product":"COPERNICUS/S1_GRD","band":"VV","value":-9.381,"farmer_unique_id":"4485962","site_id":1432},{"date":"2020-05-10","product":"COPERNICUS/S1_GRD","band":"VV","value":-9.9337,"farmer_unique_id":"4485962","site_id":1432},{"date":"2020-05-22","product":"COPERNICUS/S1_GRD","band":"VV","value":-10.1677,"farmer_unique_id":"4485962","site_id":1432},{"date":"2020-06-03","product":"COPERNICUS/S1_GRD","band":"VV","value":-8.3843,"farmer_unique_id":"4485962","site_id":1432},{"date":"2020-06-15","product":"COPERNICUS/S1_GRD","band":"VV","value":-8.8224,"farmer_unique_id":"4485962","site_id":1432},{"date":"2020-06-27","product":"COPERNICUS/S1_GRD","band":"VV","value":-10.6039,"farmer_unique_id":"4485962","site_id":1432},{"date":"2020-07-09","product":"COPERNICUS/S1_GRD","band":"VV","value":-8.8603,"farmer_unique_id":"4485962","site_id":1432},{"date":"2020-07-21","product":"COPERNICUS/S1_GRD","band":"VV","value":-10.2216,"farmer_unique_id":"4485962","site_id":1432},{"date":"2020-08-02","product":"COPERNICUS/S1_GRD","band":"VV","value":-12.6692,"farmer_unique_id":"4485962","site_id":1432},{"date":"2020-08-14","product":"COPERNICUS/S1_GRD","band":"VV","value":-12.0033,"farmer_unique_id":"4485962","site_id":1432},{"date":"2020-08-26","product":"COPERNICUS/S1_GRD","band":"VV","value":-13.3718,"farmer_unique_id":"4485962","site_id":1432},{"date":"2020-09-07","product":"COPERNICUS/S1_GRD","band":"VV","value":-10.6899,"farmer_unique_id":"4485962","site_id":1432},{"date":"2020-09-19","product":"COPERNICUS/S1_GRD","band":"VV","value":-10.6592,"farmer_unique_id":"4485962","site_id":1432},{"date":"2020-10-01","product":"COPERNICUS/S1_GRD","band":"VV","value":-12.8061,"farmer_unique_id":"4485962","site_id":1432},{"date":"2020-10-13","product":"COPERNICUS/S1_GRD","band":"VV","value":-10.1579,"farmer_unique_id":"4485962","site_id":1432},{"date":"2020-10-25","product":"COPERNICUS/S1_GRD","band":"VV","value":-10.67,"farmer_unique_id":"4485962","site_id":1432},{"date":"2020-11-06","product":"COPERNICUS/S1_GRD","band":"VV","value":-8.1941,"farmer_unique_id":"4485962","site_id":1432},{"date":"2020-11-18","product":"COPERNICUS/S1_GRD","band":"VV","value":-10.5447,"farmer_unique_id":"4485962","site_id":1432},{"date":"2020-11-30","product":"COPERNICUS/S1_GRD","band":"VV","value":-9.2607,"farmer_unique_id":"4485962","site_id":1432},{"date":"2020-12-12","product":"COPERNICUS/S1_GRD","band":"VV","value":-10.2182,"farmer_unique_id":"4485962","site_id":1432},{"date":"2020-12-24","product":"COPERNICUS/S1_GRD","band":"VV","value":-7.7486,"farmer_unique_id":"4485962","site_id":1432},{"date":"2021-01-05","product":"COPERNICUS/S1_GRD","band":"VV","value":-9.9294,"farmer_unique_id":"4485962","site_id":1432},{"date":"2021-01-17","product":"COPERNICUS/S1_GRD","band":"VV","value":-5.7425,"farmer_unique_id":"4485962","site_id":1432},{"date":"2021-01-29","product":"COPERNICUS/S1_GRD","band":"VV","value":-6.3302,"farmer_unique_id":"4485962","site_id":1432},{"date":"2021-02-10","product":"COPERNICUS/S1_GRD","band":"VV","value":-5.7659,"farmer_unique_id":"4485962","site_id":1432},{"date":"2021-02-22","product":"COPERNICUS/S1_GRD","band":"VV","value":-6.6271,"farmer_unique_id":"4485962","site_id":1432},{"date":"2021-03-06","product":"COPERNICUS/S1_GRD","band":"VV","value":-8.9184,"farmer_unique_id":"4485962","site_id":1432},{"date":"2021-03-18","product":"COPERNICUS/S1_GRD","band":"VV","value":-5.8396,"farmer_unique_id":"4485962","site_id":1432},{"date":"2021-03-30","product":"COPERNICUS/S1_GRD","band":"VV","value":-12.4221,"farmer_unique_id":"4485962","site_id":1432},{"date":"2021-04-11","product":"COPERNICUS/S1_GRD","band":"VV","value":-6.7607,"farmer_unique_id":"4485962","site_id":1432},{"date":"2021-04-23","product":"COPERNICUS/S1_GRD","band":"VV","value":-8.3309,"farmer_unique_id":"4485962","site_id":1432},{"date":"2021-05-05","product":"COPERNICUS/S1_GRD","band":"VV","value":-8.711,"farmer_unique_id":"4485962","site_id":1432},{"date":"2021-05-17","product":"COPERNICUS/S1_GRD","band":"VV","value":-9.807,"farmer_unique_id":"4485962","site_id":1432},{"date":"2021-05-29","product":"COPERNICUS/S1_GRD","band":"VV","value":-8.1665,"farmer_unique_id":"4485962","site_id":1432}]
