[{"date":"2020-01-11","product":"COPERNICUS/S1_GRD","band":"VH","value":-14.3777,"farmer_unique_id":"2796281","site_id":4837},{"date":"2020-01-23","product":"COPERNICUS/S1_GRD","band":"VH","value":-16.3154,"farmer_unique_id":"2796281","site_id":4837},{"date":"2020-02-04","product":"COPERNICUS/S1_GRD","band":"VH","value":-20.4967,"farmer_unique_id":"2796281","site_id":4837},{"date":"2020-02-16","product":"COPERNICUS/S1_GRD","band":"VH","value":-14.7492,"farmer_unique_id":"2796281","site_id":4837},{"date":"2020-02-28","product":"COPERNICUS/S1_GRD","band":"VH","value":-16.5407,"farmer_unique_id":"2796281","site_id":4837},{"date":"2020-03-11","product":"COPERNICUS/S1_GRD","band":"VH","value":-13.4478,"farmer_unique_id":"2796281","site_id":4837},{"date":"2020-03-23","product":"COPERNICUS/S1_GRD","band":"VH","value":-13.528,"farmer_unique_id":"2796281","site_id":4837},{"date":"2020-04-04","product":"COPERNICUS/S1_GRD","band":"VH","value":-17.7008,"farmer_unique_id":"2796281","site_id":4837},{"date":"2020-04-16","product":"COPERNICUS/S1_GRD","band":"VH","value":-14.659,"farmer_unique_id":"2796281","site_id":4837},{"date":"2020-04-28","product":"COPERNICUS/S1_GRD","band":"VH","value":-12.8567,"farmer_unique_id":"2796281","site_id":4837},{"date":"2020-05-10","product":"COPERNICUS/S1_GRD","band":"VH","value":-19.1444,"farmer_unique_id":"2796281","site_id":4837},{"date":"2020-05-22","product":"COPERNICUS/S1_GRD","band":"VH","value":-15.6431,"farmer_unique_id":"2796281","site_id":4837},{"date":"2020-06-03","product":"COPERNICUS/S1_GRD","band":"VH","value":-15.931,"farmer_unique_id":"2796281","site_id":4837},{"date":"2020-06-15","product":"COPERNICUS/S1_GRD","band":"VH","value":-19.6801,"farmer_unique_id":"2796281","site_id":4837},{"date":"2020-06-27","product":"COPERNICUS/S1_GRD","band":"VH","value":-14.0733,"farmer_unique_id":"2796281","site_id":4837},{"date":"2020-07-09","product":"COPERNICUS/S1_GRD","band":"VH","value":-16.4015,"farmer_unique_id":"2796281","site_id":4837},{"date":"2020-07-21","product":"COPERNICUS/S1_GRD","band":"VH","value":-17.7886,"farmer_unique_id":"2796281","site_id":4837},{"date":"2020-08-02","product":"COPERNICUS/S1_GRD","band":"VH","value":-17.5847,"farmer_unique_id":"2796281","site_id":4837},{"date":"2020-08-14","product":"COPERNICUS/S1_GRD","band":"VH","value":-14.8614,"farmer_unique_id":"2796281","site_id":4837},{"date":"2020-08-26","product":"COPERNICUS/S1_GRD","band":"VH","value":-15.7283,"farmer_unique_id":"2796281","site_id":4837},{"date":"2020-09-07","product":"COPERNICUS/S1_GRD","band":"VH","value":-13.4656,"farmer_unique_id":"2796281","site_id":4837},{"date":"2020-09-19","product":"COPERNICUS/S1_GRD","band":"VH","value":-19.1067,"farmer_unique_id":"2796281","site_id":4837},{"date":"2020-10-01","product":"COPERNICUS/S1_GRD","band":"VH","value":-15.3207,"farmer_unique_id":"2796281","site_id":4837},{"date":"2020-10-13","product":"COPERNICUS/S1_GRD","band":"VH","value":-17.4596,"farmer_unique_id":"2796281","site_id":4837},{"date":"2020-10-25","product":"COPERNICUS/S1_GRD","band":"VH","value":-14.1664,"farmer_unique_id":"2796281","site_id":4837},{"date":"2020-11-06","product":"COPERNICUS/S1_GRD","band":"VH","value":-14.6395,"farmer_unique_id":"2796281","site_id":4837},{"date":"2020-11-18","product":"COPERNICUS/S1_GRD","band":"VH","value":-16.455,"farmer_unique_id":"2796281","site_id":4837},{"date":"2020-11-30","product":"COPERNICUS/S1_GRD","band":"VH","value":-13.8337,"farmer_unique_id":"2796281","site_id":4837},{"date":"2020-12-12","product":"COPERNICUS/S1_GRD","band":"VH","value":-14.1031,"farmer_unique_id":"2796281","site_id":4837},{"date":"2020-12-24","product":"COPERNICUS/S1_GRD","band":"VH","value":-17.634,"farmer_unique_id":"2796281","site_id":4837},{"date":"2021-01-05","product":"COPERNICUS/S1_GRD","band":"VH","value":-16.5912,"farmer_unique_id":"2796281","site_id":4837},{"date":"2021-01-17","product":"COPERNICUS/S1_GRD","band":"VH","value":-17.8311,"farmer_unique_id":"2796281","site_id":4837},{"date":"2021-01-29","product":"COPERNICUS/S1_GRD","band":"VH","value":-20.2815,"farmer_unique_id":"2796281","site_id":4837},{"date":"2021-02-10","product":"COPERNICUS/S1_GRD","band":"VH","value":-16.3437,"farmer_unique_id":"2796281","site_id":4837},{"date":"2021-02-22","product":"COPERNICUS/S1_GRD","band":"VH","value":-12.4306,"farmer_unique_id":"2796281","site_id":4837},{"date":"2021-03-06","product":"COPERNICUS/S1_GRD","band":"VH","value":-16.3652,"farmer_unique_id":"2796281","site_id":4837},{"date":"2021-03-18","product":"COPERNICUS/S1_GRD","band":"VH","value":-17.8653,"farmer_unique_id":"2796281","site_id":4837},{"date":"2021-03-30","product":"COPERNICUS/S1_GRD","band":"VH","value":-19.1732,"farmer_unique_id":"2796281","site_id":4837},{"date":"2021-04-11","product":"COPERNICUS/S1_GRD","band":"VH","value":-18.243,"farmer_unique_id":"2796281","site_id":4837},{"date":"2021-04-23","product":"COPERNICUS/S1_GRD","band":"VH","value":-14.9558,"farmer_unique_id":"2796281","site_id":4837},{"date":"2021-05-05","product":"COPERNICUS/S1_GRD","band":"VH","value":-17.6209,"farmer_unique_id":"2796281","site_id":4837},{"date":"2021-05-17","product":"COPERNICUS/S1_GRD","band":"VH","value":-12.3946,"farmer_unique_id":"2796281","site_id":4837},{"date":"2021-05-29","product":"COPERNICUS/S1_GRD","band":"VH","value":-15.3144,"farmer_unique_id":"2796281","site_id":4837},{"date":"2020-01-11","product":"COPERNICUS/S1_GRD","band":"VV","value":-11.4787,"farmer_unique_id":"2796281","site_id":4837},{"date":"2020-01-23","product":"COPERNICUS/S1_GRD","band":"VV","value":-8.1853,"farmer_unique_id":"2796281","site_id":4837},{"date":"2020-02-04","product":"COPERNICUS/S1_GRD","band":"VV","value":-12.8508,"farmer_unique_id":"2796281","site_id":4837},{"date":"2020-02-16","product":"COPERNICUS/S1_GRD","band":"VV","value":-9.5169,"farmer_unique_id":"2796281","site_id":4837},{"date":"2020-02-28","product":"COPERNICUS/S1_GRD","band":"VV","value":-7.8257,"farmer_unique_id":"2796281","site_id":4837},{"date":"2020-03-11","product":"COPERNICUS/S1_GRD","band":"VV","value":-10.3706,"farmer_unique_id":"2796281","site_id":4837},{"date":"2020-03-23","product":"COPERNICUS/S1_GRD","band":"VV","value":-7.7462,"farmer_unique_id":"2796281","site_id":4837},{"date":"2020-04-04","product":"COPERNICUS/S1_GRD","band":"VV","value":-12.8924,"farmer_unique_id":"2796281","site_id":4837},{"date":"2020-04-16","product":"COPERNICUS/S1_GRD","band":"VV","value":-10.2256,"farmer_unique_id":"2796281","site_id":4837},{"date":"2020-04-28","product":"COPERNICUS/S1_GRD","band":"VV","value":-9.4532,"farmer_unique_id":"2796281","site_id":4837},{"date":"2020-05-10","product":"COPERNICUS/S1_GRD","band":"VV","value":-10.9831,"farmer_unique_id":"2796281","site_id":4837},{"date":"2020-05-22","product":"COPERNICUS/S1_GRD","band":"VV","value":-8.5723,"farmer_unique_id":"2796281","site_id":4837},{"date":"2020-06-03","product":"COPERNICUS/S1_GRD","band":"VV","value":-8.8433,"farmer_unique_id":"2796281","site_id":4837},{"date":"2020-06-15","product":"COPERNICUS/S1_GRD","band":"VV","value":-9.808,"farmer_unique_id":"2796281","site_id":4837},{"date":"2020-06-27","product":"COPERNICUS/S1_GRD","band":"VV","value":-8.7467,"farmer_unique_id":"2796281","site_id":4837},{"date":"2020-07-09","product":"COPERNICUS/S1_GRD","band":"VV","value":-8.5812,"farmer_unique_id":"2796281","site_id":4837},{"date":"2020-07-21","product":"COPERNICUS/S1_GRD","band":"VV","value":-8.9797,"farmer_unique_id":"2796281","site_id":4837},{"date":"2020-08-02","product":"COPERNICUS/S1_GRD","band":"VV","value":-11.7159,"farmer_unique_id":"2796281","site_id":4837},{"date":"2020-08-14","product":"COPERNICUS/S1_GRD","band":"VV","value":-9.1707,"farmer_unique_id":"2796281","site_id":4837},{"date":"2020-08-26","product":"COPERNICUS/S1_GRD","band":"VV","value":-10.5096,"farmer_unique_id":"2796281","site_id":4837},{"date":"2020-09-07","product":"COPERNICUS/S1_GRD","band":"VV","value":-9.4945,"farmer_unique_id":"2796281","site_id":4837},{"date":"2020-09-19","product":"COPERNICUS/S1_GRD","band":"VV","value":-12.3978,"farmer_unique_id":"2796281","site_id":4837},{"date":"2020-10-01","product":"COPERNICUS/S1_GRD","band":"VV","value":-9.0724,"farmer_unique_id":"2796281","site_id":4837},{"date":"2020-10-13","product":"COPERNICUS/S1_GRD","band":"VV","value":-11.9302,"farmer_unique_id":"2796281","site_id":4837},{"date":"2020-10-25","product":"COPERNICUS/S1_GRD","band":"VV","value":-10.7924,"farmer_unique_id":"2796281","site_id":4837},{"date":"2020-11-06","product":"COPERNICUS/S1_GRD","band":"VV","value":-11.303,"farmer_unique_id":"2796281","site_id":4837},{"date":"2020-11-18","product":"COPERNICUS/S1_GRD","band":"VV","value":-12.4883,"farmer_unique_id":"2796281","site_id":4837},{"date":"2020-11-30","product":"COPERNICUS/S1_GRD","band":"VV","value":-7.4846,"farmer_unique_id":"2796281","site_id":4837},{"date":"2020-12-12","product":"COPERNICUS/S1_GRD","band":"VV","value":-9.4397,"farmer_unique_id":"2796281","site_id":4837},{"date":"2020-12-24","product":"COPERNICUS/S1_GRD","band":"VV","value":-9.5838,"farmer_unique_id":"2796281","site_id":4837},{"date":"2021-01-05","product":"COPERNICUS/S1_GRD","band":"VV","value":-8.9069,"farmer_unique_id":"2796281","site_id":4837},{"date":"2021-01-17","product":"COPERNICUS/S1_GRD","band":"VV","value":-12.359,"farmer_unique_id":"2796281","site_id":4837},{"date":"2021-01-29","product":"COPERNICUS/S1_GRD","band":"VV","value":-11.348,"farmer_unique_id":"2796281","site_id":4837},{"date":"2021-02-10","product":"COPERNICUS/S1_GRD","band":"VV","value":-10.9586,"farmer_unique_id":"2796281","site_id":4837},{"date":"2021-02-22","product":"COPERNICUS/S1_GRD","band":"VV","value":-10.0061,"farmer_unique_id":"2796281","site_id":4837},{"date":"2021-03-06","product":"COPERNICUS/S1_GRD","band":"VV","value":-10.4194,"farmer_unique_id":"2796281","site_id":4837},{"date":"2021-03-18","product":"COPERNICUS/S1_GRD","band":"VV","value":-10.7029,"farmer_unique_id":"2796281","site_id":4837},{"date":"2021-03-30","product":"COPERNICUS/S1_GRD","band":"VV","value":-9.5864,"farmer_unique_id":"2796281","site_id":4837},{"date":"2021-04-11","product":"COPERNICUS/S1_GRD","band":"VV","value":-9.3738,"farmer_unique_id":"2796281","site_id":4837},{"date":"2021-04-23","product":"COPERNICUS/S1_GRD","band":"VV","value":-8.0698,"farmer_unique_id":"2796281","site_id":4837},{"date":"2021-05-05","product":"COPERNICUS/S1_GRD","band":"VV","value":-11.2451,"farmer_unique_id":"2796281","site_id":4837},{"date":"2021-05-17","product":"COPERNICUS/S1_GRD","band":"VV","value":-9.7672,"farmer_unique_id":"2796281","site_id":4837},{"date":"2021-05-29","product":"COPERNICUS/S1_GRD","band":"VV","value":-13.2213,"farmer_unique_id":"2796281","site_id":4837}]
