[{"date":"2020-01-09","product":"COPERNICUS/S1_GRD","band":"VH","value":-12.1813,"farmer_unique_id":"4732967","site_id":108},{"date":"2020-01-21","product":"COPERNICUS/S1_GRD","band":"VH","value":-13.8425,"farmer_unique_id":"4732967","site_id":108},{"date":"2020-02-02","product":"COPERNICUS/S1_GRD","band":"VH","value":-17.7741,"farmer_unique_id":"4732967","site_id":108},{"date":"2020-02-14","product":"COPERNICUS/S1_GRD","band":"VH","value":-16.2787,"farmer_unique_id":"4732967","site_id":108},{"date":"2020-02-26","product":"COPERNICUS/S1_GRD","band":"VH","value":-12.1937,"farmer_unique_id":"4732967","site_id":108},{"date":"2020-03-09","product":"COPERNICUS/S1_GRD","band":"VH","value":-11.8518,"farmer_unique_id":"4732967","site_id":108},{"date":"2020-03-21","product":"COPERNICUS/S1_GRD","band":"VH","value":-12.8862,"farmer_unique_id":"4732967","site_id":108},{"date":"2020-04-02","product":"COPERNICUS/S1_GRD","band":"VH","value":-13.465,"farmer_unique_id":"4732967","site_id":108},{"date":"2020-04-14","product":"COPERNICUS/S1_GRD","band":"VH","value":-19.0025,"farmer_unique_id":"4732967","site_id":108},{"date":"2020-04-26","product":"COPERNICUS/S1_GRD","band":"VH","value":-13.8942,"farmer_unique_id":"4732967","site_id":108},{"date":"2020-05-08","product":"COPERNICUS/S1_GRD","band":"VH","value":-13.503,"farmer_unique_id":"4732967","site_id":108},{"date":"2020-05-20","product":"COPERNICUS/S1_GRD","band":"VH","value":-14.3835,"farmer_unique_id":"4732967","site_id":108},{"date":"2020-06-01","product":"COPERNICUS/S1_GRD","band":"VH","value":-13.4431,"farmer_unique_id":"4732967","site_id":108},{"date":"2020-06-13","product":"COPERNICUS/S1_GRD","band":"VH","value":-15.0688,"farmer_unique_id":"4732967","site_id":108},{"date":"2020-06-25","product":"COPERNICUS/S1_GRD","band":"VH","value":-13.5523,"farmer_unique_id":"4732967","site_id":108},{"date":"2020-07-07","product":"COPERNICUS/S1_GRD","band":"VH","value":-15.0683,"farmer_unique_id":"4732967","site_id":108},{"date":"2020-07-19","product":"COPERNICUS/S1_GRD","band":"VH","value":-17.4134,"farmer_unique_id":"4732967","site_id":108},{"date":"2020-07-31","product":"COPERNICUS/S1_GRD","band":"VH","value":-14.4364,"farmer_unique_id":"4732967","site_id":108},{"date":"2020-08-12","product":"COPERNICUS/S1_GRD","band":"VH","farmer_unique_id":"4732967","site_id":108},{"date":"2020-08-24","product":"COPERNICUS/S1_GRD","band":"VH","value":-15.9854,"farmer_unique_id":"4732967","site_id":108},{"date":"2020-09-05","product":"COPERNICUS/S1_GRD","band":"VH","value":-15.5573,"farmer_unique_id":"4732967","site_id":108},{"date":"2020-09-17","product":"COPERNICUS/S1_GRD","band":"VH","value":-20.1803,"farmer_unique_id":"4732967","site_id":108},{"date":"2020-09-29","product":"COPERNICUS/S1_GRD","band":"VH","value":-15.849,"farmer_unique_id":"4732967","site_id":108},{"date":"2020-10-11","product":"COPERNICUS/S1_GRD","band":"VH","value":-20.809,"farmer_unique_id":"4732967","site_id":108},{"date":"2020-10-23","product":"COPERNICUS/S1_GRD","band":"VH","value":-18.1329,"farmer_unique_id":"4732967","site_id":108},{"date":"2020-11-04","product":"COPERNICUS/S1_GRD","band":"VH","value":-12.9002,"farmer_unique_id":"4732967","site_id":108},{"date":"2020-11-16","product":"COPERNICUS/S1_GRD","band":"VH","value":-14.0685,"farmer_unique_id":"4732967","site_id":108},{"date":"2020-11-28","product":"COPERNICUS/S1_GRD","band":"VH","value":-13.8692,"farmer_unique_id":"4732967","site_id":108},{"date":"2020-12-10","product":"COPERNICUS/S1_GRD","band":"VH","value":-17.7127,"farmer_unique_id":"4732967","site_id":108},{"date":"2020-12-22","product":"COPERNICUS/S1_GRD","band":"VH","value":-14.4623,"farmer_unique_id":"4732967","site_id":108},{"date":"2021-01-03","product":"COPERNICUS/S1_GRD","band":"VH","value":-16.9624,"farmer_unique_id":"4732967","site_id":108},{"date":"2021-01-15","product":"COPERNICUS/S1_GRD","band":"VH","value":-14.8791,"farmer_unique_id":"4732967","site_id":108},{"date":"2021-01-27","product":"COPERNICUS/S1_GRD","band":"VH","value":-13.2405,"farmer_unique_id":"4732967","site_id":108},{"date":"2021-02-08","product":"COPERNICUS/S1_GRD","band":"VH","value":-14.6895,"farmer_unique_id":"4732967","site_id":108},{"date":"2021-02-20","product":"COPERNICUS/S1_GRD","band":"VH","value":-14.0163,"farmer_unique_id":"4732967","site_id":108},{"date":"2021-03-04","product":"COPERNICUS/S1_GRD","band":"VH","value":-17.909,"farmer_unique_id":"4732967","site_id":108},{"date":"2021-03-16","product":"COPERNICUS/S1_GRD","band":"VH","value":-18.9565,"farmer_unique_id":"4732967","site_id":108},{"date":"2021-03-28","product":"COPERNICUS/S1_GRD","band":"VH","value":-13.8532,"farmer_unique_id":"4732967","site_id":108},{"date":"2021-04-09","product":"COPERNICUS/S1_GRD","band":"VH","value":-14.2685,"farmer_unique_id":"4732967","site_id":108},{"date":"2021-04-21","product":"COPERNICUS/S1_GRD","band":"VH","value":-16.1772,"farmer_unique_id":"4732967","site_id":108},{"date":"2021-05-03","product":"COPERNICUS/S1_GRD","band":"VH","value":-12.5202,"farmer_unique_id":"4732967","site_id":108},{"date":"2021-05-15","product":"COPERNICUS/S1_GRD","band":"VH","value":-15.8301,"farmer_unique_id":"4732967","site_id":108},{"date":"2021-05-27","product":"COPERNICUS/S1_GRD","band":"VH","value":-19.3073,"farmer_unique_id":"4732967","site_id":108},{"date":"2020-01-09","product":"COPERNICUS/S1_GRD","band":"VV","value":-11.3883,"farmer_unique_id":"4732967","site_id":108},{"date":"2020-01-21","product":"COPERNICUS/S1_GRD","band":"VV","value":-10.7856,"farmer_unique_id":"4732967","site_id":108},{"date":"2020-02-02","product":"COPERNICUS/S1_GRD","band":"VV","value":-8.22,"farmer_unique_id":"4732967","site_id":108},{"date":"2020-02-14","product":"COPERNICUS/S1_GRD","band":"VV","value":-13.6073,"farmer_unique_id":"4732967","site_id":108},{"date":"2020-02-26","product":"COPERNICUS/S1_GRD","band":"VV","value":-10.1414,"farmer_unique_id":"4732967","site_id":108},{"date":"2020-03-09","product":"COPERNICUS/S1_GRD","band":"VV","value":-10.7395,"farmer_unique_id":"4732967","site_id":108},{"date":"2020-03-21","product":"COPERNICUS/S1_GRD","band":"VV","value":-8.1367,"farmer_unique_id":"4732967","site_id":108},{"date":"2020-04-02","product":"COPERNICUS/S1_GRD","band":"VV","value":-10.1939,"farmer_unique_id":"4732967","site_id":108},{"date":"2020-04-14","product":"COPERNICUS/S1_GRD","band":"VV","value":-8.9822,"farmer_unique_id":"4732967","site_id":108},{"date":"2020-04-26","product":"COPERNICUS/S1_GRD","band":"VV","value":-9.1945,"farmer_unique_id":"4732967","site_id":108},{"date":"2020-05-08","product":"COPERNICUS/S1_GRD","band":"VV","value":-9.0131,"farmer_unique_id":"4732967","site_id":108},{"date":"2020-05-20","product":"COPERNICUS/S1_GRD","band":"VV","value":-8.9253,"farmer_unique_id":"4732967","site_id":108},{"date":"2020-06-01","product":"COPERNICUS/S1_GRD","band":"VV","value":-13.7692,"farmer_unique_id":"4732967","site_id":108},{"date":"2020-06-13","product":"COPERNICUS/S1_GRD","band":"VV","value":-12.912,"farmer_unique_id":"4732967","site_id":108},{"date":"2020-06-25","product":"COPERNICUS/S1_GRD","band":"VV","value":-10.3124,"farmer_unique_id":"4732967","site_id":108},{"date":"2020-07-07","product":"COPERNICUS/S1_GRD","band":"VV","value":-7.8302,"farmer_unique_id":"4732967","site_id":108},{"date":"2020-07-19","product":"COPERNICUS/S1_GRD","band":"VV","value":-8.1245,"farmer_unique_id":"4732967","site_id":108},{"date":"2020-07-31","product":"COPERNICUS/S1_GRD","band":"VV","value":-8.1061,"farmer_unique_id":"4732967","site_id":108},{"date":"2020-08-12","product":"COPERNICUS/S1_GRD","band":"VV","value":-12.8093,"farmer_unique_id":"4732967","site_id":108},{"date":"2020-08-24","product":"COPERNICUS/S1_GRD","band":"VV","value":-10.2679,"farmer_unique_id":"4732967","site_id":108},{"date":"2020-09-05","product":"COPERNICUS/S1_GRD","band":"VV","value":-7.466,"farmer_unique_id":"4732967","site_id":108},{"date":"2020-09-17","product":"COPERNICUS/S1_GRD","band":"VV","value":-6.9292,"farmer_unique_id":"4732967","site_id":108},{"date":"2020-09-29","product":"COPERNICUS/S1_GRD","band":"VV","value":-11.044,"farmer_unique_id":"4732967","site_id":108},{"date":"2020-10-11","product":"COPERNICUS/S1_GRD","band":"VV","value":-13.2049,"farmer_unique_id":"4732967","site_id":108},{"date":"2020-10-23","product":"COPERNICUS/S1_GRD","band":"VV","value":-8.0079,"farmer_unique_id":"4732967","site_id":108},{"date":"2020-11-04","product":"COPERNICUS/S1_GRD","band":"VV","value":-9.3386,"farmer_unique_id":"4732967","site_id":108},{"date":"2020-11-16","product":"COPERNICUS/S1_GRD","band":"VV","value":-7.4471,"farmer_unique_id":"4732967","site_id":108},{"date":"2020-11-28","product":"COPERNICUS/S1_GRD","band":"VV","value":-8.4821,"farmer_unique_id":"4732967","site_id":108},{"date":"2020-12-10","product":"COPERNICUS/S1_GRD","band":"VV","value":-13.0652,"farmer_unique_id":"4732967","site_id":108},{"date":"2020-12-22","product":"COPERNICUS/S1_GRD","band":"VV","value":-10.4957,"farmer_unique_id":"4732967","site_id":108},{"date":"2021-01-03","product":"COPERNICUS/S1_GRD","band":"VV","value":-9.7263,"farmer_unique_id":"4732967","site_id":108},{"date":"2021-01-15","product":"COPERNICUS/S1_GRD","band":"VV","value":-8.426,"farmer_unique_id":"4732967","site_id":108},{"date":"2021-01-27","product":"COPERNICUS/S1_GRD","band":"VV","value":-7.9857,"farmer_unique_id":"4732967","site_id":108},{"date":"2021-02-08","product":"COPERNICUS/S1_GRD","band":"VV","value":-12.9705,"farmer_unique_id":"4732967","site_id":108},{"date":"2021-02-20","product":"COPERNICUS/S1_GRD","band":"VV","value":-11.1306,"farmer_unique_id":"4732967","site_id":108},{"date":"2021-03-04","product":"COPERNICUS/S1_GRD","band":"VV","value":-10.5728,"farmer_unique_id":"4732967","site_id":108},{"date":"2021-03-16","product":"COPERNICUS/S1_GRD","band":"VV","value":-13.1351,"farmer_unique_id":"4732967","site_id":108},{"date":"2021-03-28","product":"COPERNICUS/S1_GRD","band":"VV","value":-7.8152,"farmer_unique_id":"4732967","site_id":108},{"date":"2021-04-09","product":"COPERNICUS/S1_GRD","band":"VV","value":-8.5612,"farmer_unique_id":"4732967","site_id":108},{"date":"2021-04-21","product":"COPERNICUS/S1_GRD","band":"VV","value":-6.3882,"farmer_unique_id":"4732967","site_id":108},{"date":"2021-05-03","product":"COPERNICUS/S1_GRD","band":"VV","value":-9.7398,"farmer_unique_id":"4732967","site_id":108},{"date":"2021-05-15","product":"COPERNICUS/S1_GRD","band":"VV","value":-11.1867,"farmer_unique_id":"4732967","site_id":108},{"date":"2021-05-27","product":"COPERNICUS/S1_GRD","band":"VV","value":-11.4261,"farmer_unique_id":"4732967","site_id":108}]
