[{"date":"2020-01-11","product":"COPERNICUS/S1_GRD","band":"VH","value":-15.293,"farmer_unique_id":"4737612","site_id":3238},{"date":"2020-01-23","product":"COPERNICUS/S1_GRD","band":"VH","value":-15.2396,"farmer_unique_id":"4737612","site_id":3238},{"date":"2020-02-04","product":"COPERNICUS/S1_GRD","band":"VH","value":-14.0205,"farmer_unique_id":"4737612","site_id":3238},{"date":"2020-02-16","product":"COPERNICUS/S1_GRD","band":"VH","value":-17.2746,"farmer_unique_id":"4737612","site_id":3238},{"date":"2020-02-28","product":"COPERNICUS/S1_GRD","band":"VH","value":-16.4044,"farmer_unique_id":"4737612","site_id":3238},{"date":"2020-03-11","product":"COPERNICUS/S1_GRD","band":"VH","value":-19.1881,"farmer_unique_id":"4737612","site_id":3238},{"date":"2020-03-23","product":"COPERNICUS/S1_GRD","band":"VH","value":-22.3686,"farmer_unique_id":"4737612","site_id":3238},{"date":"2020-04-04","product":"COPERNICUS/S1_GRD","band":"VH","value":-15.7789,"farmer_unique_id":"4737612","site_id":3238},{"date":"2020-04-16","product":"COPERNICUS/S1_GRD","band":"VH","value":-13.7068,"farmer_unique_id":"4737612","site_id":3238},{"date":"2020-04-28","product":"COPERNICUS/S1_GRD","band":"VH","value":-12.573,"farmer_unique_id":"4737612","site_id":3238},{"date":"2020-05-10","product":"COPERNICUS/S1_GRD","band":"VH","value":-16.1888,"farmer_unique_id":"4737612","site_id":3238},{"date":"2020-05-22","product":"COPERNICUS/S1_GRD","band":"VH","value":-15.6263,"farmer_unique_id":"4737612","site_id":3238},{"date":"2020-06-15","product":"COPERNICUS/S1_GRD","band":"VH","value":-17.3232,"farmer_unique_id":"4737612","site_id":3238},{"date":"2020-06-27","product":"COPERNICUS/S1_GRD","band":"VH","value":-16.4029,"farmer_unique_id":"4737612","site_id":3238},{"date":"2020-07-09","product":"COPERNICUS/S1_GRD","band":"VH","value":-16.5786,"farmer_unique_id":"4737612","site_id":3238},{"date":"2020-07-21","product":"COPERNICUS/S1_GRD","band":"VH","value":-17.5526,"farmer_unique_id":"4737612","site_id":3238},{"date":"2020-08-02","product":"COPERNICUS/S1_GRD","band":"VH","value":-19.337,"farmer_unique_id":"4737612","site_id":3238},{"date":"2020-08-14","product":"COPERNICUS/S1_GRD","band":"VH","value":-17.9897,"farmer_unique_id":"4737612","site_id":3238},{"date":"2020-08-26","product":"COPERNICUS/S1_GRD","band":"VH","value":-17.882,"farmer_unique_id":"4737612","site_id":3238},{"date":"2020-09-07","product":"COPERNICUS/S1_GRD","band":"VH","value":-15.5149,"farmer_unique_id":"4737612","site_id":3238},{"date":"2020-09-19","product":"COPERNICUS/S1_GRD","band":"VH","value":-18.9687,"farmer_unique_id":"4737612","site_id":3238},{"date":"2020-10-01","product":"COPERNICUS/S1_GRD","band":"VH","value":-20.2562,"farmer_unique_id":"4737612","site_id":3238},{"date":"2020-10-13","product":"COPERNICUS/S1_GRD","band":"VH","value":-17.5411,"farmer_unique_id":"4737612","site_id":3238},{"date":"2020-10-25","product":"COPERNICUS/S1_GRD","band":"VH","value":-17.7994,"farmer_unique_id":"4737612","site_id":3238},{"date":"2020-11-06","product":"COPERNICUS/S1_GRD","band":"VH","value":-14.5461,"farmer_unique_id":"4737612","site_id":3238},{"date":"2020-11-18","product":"COPERNICUS/S1_GRD","band":"VH","value":-17.6798,"farmer_unique_id":"4737612","site_id":3238},{"date":"2020-11-30","product":"COPERNICUS/S1_GRD","band":"VH","value":-12.3051,"farmer_unique_id":"4737612","site_id":3238},{"date":"2020-12-12","product":"COPERNICUS/S1_GRD","band":"VH","value":-18.5265,"farmer_unique_id":"4737612","site_id":3238},{"date":"2020-12-24","product":"COPERNICUS/S1_GRD","band":"VH","value":-15.4486,"farmer_unique_id":"4737612","site_id":3238},{"date":"2021-01-05","product":"COPERNICUS/S1_GRD","band":"VH","value":-17.5369,"farmer_unique_id":"4737612","site_id":3238},{"date":"2021-01-17","product":"COPERNICUS/S1_GRD","band":"VH","value":-15.6235,"farmer_unique_id":"4737612","site_id":3238},{"date":"2021-01-29","product":"COPERNICUS/S1_GRD","band":"VH","value":-17.523,"farmer_unique_id":"4737612","site_id":3238},{"date":"2021-02-10","product":"COPERNICUS/S1_GRD","band":"VH","value":-12.0792,"farmer_unique_id":"4737612","site_id":3238},{"date":"2021-02-22","product":"COPERNICUS/S1_GRD","band":"VH","value":-13.8936,"farmer_unique_id":"4737612","site_id":3238},{"date":"2021-03-06","product":"COPERNICUS/S1_GRD","band":"VH","value":-17.1309,"farmer_unique_id":"4737612","site_id":3238},{"date":"2021-03-18","product":"COPERNICUS/S1_GRD","band":"VH","value":-19.1455,"farmer_unique_id":"4737612","site_id":3238},{"date":"2021-03-30","product":"COPERNICUS/S1_GRD","band":"VH","value":-15.4959,"farmer_unique_id":"4737612","site_id":3238},{"date":"2021-04-11","product":"COPERNICUS/S1_GRD","band":"VH","value":-16.5113,"farmer_unique_id":"4737612","site_id":3238},{"date":"2021-04-23","product":"COPERNICUS/S1_GRD","band":"VH","value":-11.5464,"farmer_unique_id":"4737612","site_id":3238},{"date":"2021-05-05","product":"COPERNICUS/S1_GRD","band":"VH","value":-13.0263,"farmer_unique_id":"4737612","site_id":3238},{"date":"2021-05-17","product":"COPERNICUS/S1_GRD","band":"VH","value":-14.9177,"farmer_unique_id":"4737612","site_id":3238},{"date":"2021-05-29","product":"COPERNICUS/S1_GRD","band":"VH","value":-18.7417,"farmer_unique_id":"4737612","site_id":3238},{"date":"2020-01-11","product":"COPERNICUS/S1_GRD","band":"VV","value":-6.7879,"farmer_unique_id":"4737612","site_id":3238},{"date":"2020-01-23","product":"COPERNICUS/S1_GRD","band":"VV","value":-12.6233,"farmer_unique_id":"4737612","site_id":3238},{"date":"2020-02-04","product":"COPERNICUS/S1_GRD","band":"VV","value":-10.595,"farmer_unique_id":"4737612","site_id":3238},{"date":"2020-02-16","product":"COPERNICUS/S1_GRD","band":"VV","value":-5.3881,"farmer_unique_id":"4737612","site_id":3238},{"date":"2020-02-28","product":"COPERNICUS/S1_GRD","band":"VV","value":-8.3876,"farmer_unique_id":"4737612","site_id":3238},{"date":"2020-03-11","product":"COPERNICUS/S1_GRD","band":"VV","value":-9.0677,"farmer_unique_id":"4737612","site_id":3238},{"date":"2020-03-23","product":"COPERNICUS/S1_GRD","band":"VV","value":-13.1526,"farmer_unique_id":"4737612","site_id":3238},{"date":"2020-04-04","product":"COPERNICUS/S1_GRD","band":"VV","value":-6.5434,"farmer_unique_id":"4737612","site_id":3238},{"date":"2020-04-16","product":"COPERNICUS/S1_GRD","band":"VV","value":-5.9225,"farmer_unique_id":"4737612","site_id":3238},{"date":"2020-04-28","product":"COPERNICUS/S1_GRD","band":"VV","value":-6.2618,"farmer_unique_id":"4737612","site_id":3238},{"date":"2020-05-10","product":"COPERNICUS/S1_GRD","band":"VV","value":-11.1437,"farmer_unique_id":"4737612","site_id":3238},{"date":"2020-05-22","product":"COPERNICUS/S1_GRD","band":"VV","value":-8.6857,"farmer_unique_id":"4737612","site_id":3238},{"date":"2020-06-15","product":"COPERNICUS/S1_GRD","band":"VV","value":-10.3402,"farmer_unique_id":"4737612","site_id":3238},{"date":"2020-06-27","product":"COPERNICUS/S1_GRD","band":"VV","value":-10.4644,"farmer_unique_id":"4737612","site_id":3238},{"date":"2020-07-09","product":"COPERNICUS/S1_GRD","band":"VV","value":-9.2312,"farmer_unique_id":"4737612","site_id":3238},{"date":"2020-07-21","product":"COPERNICUS/S1_GRD","band":"VV","value":-11.1892,"farmer_unique_id":"4737612","site_id":3238},{"date":"2020-08-02","product":"COPERNICUS/S1_GRD","band":"VV","value":-15.4153,"farmer_unique_id":"4737612","site_id":3238},{"date":"2020-08-14","product":"COPERNICUS/S1_GRD","band":"VV","value":-8.1267,"farmer_unique_id":"4737612","site_id":3238},{"date":"2020-08-26","product":"COPERNICUS/S1_GRD","band":"VV","value":-9.6443,"farmer_unique_id":"4737612","site_id":3238},{"date":"2020-09-07","product":"COPERNICUS/S1_GRD","band":"VV","value":-10.1973,"farmer_unique_id":"4737612","site_id":3238},{"date":"2020-09-19","product":"COPERNICUS/S1_GRD","band":"VV","value":-10.2488,"farmer_unique_id":"4737612","site_id":3238},{"date":"2020-10-01","product":"COPERNICUS/S1_GRD","band":"VV","value":-12.007,"farmer_unique_id":"4737612","site_id":3238},{"date":"2020-10-13","product":"COPERNICUS/S1_GRD","band":"VV","value":-14.345,"farmer_unique_id":"4737612","site_id":3238},{"date":"2020-10-25","product":"COPERNICUS/S1_GRD","band":"VV","value":-5.0333,"farmer_unique_id":"4737612","site_id":3238},{"date":"2020-11-06","product":"COPERNICUS/S1_GRD","band":"VV","value":-9.1089,"farmer_unique_id":"4737612","site_id":3238},{"date":"2020-11-18","product":"COPERNICUS/S1_GRD","band":"VV","value":-8.6087,"farmer_unique_id":"4737612","site_id":3238},{"date":"2020-11-30","product":"COPERNICUS/S1_GRD","band":"VV","value":-8.6132,"farmer_unique_id":"4737612","site_id":3238},{"date":"2020-12-12","product":"COPERNICUS/S1_GRD","band":"VV","value":-8.053,"farmer_unique_id":"4737612","site_id":3238},{"date":"2020-12-24","product":"COPERNICUS/S1_GRD","band":"VV","value":-10.8948,"farmer_unique_id":"4737612","site_id":3238},{"date":"2021-01-05","product":"COPERNICUS/S1_GRD","band":"VV","value":-9.7426,"farmer_unique_id":"4737612","site_id":3238},{"date":"2021-01-17","product":"COPERNICUS/S1_GRD","band":"VV","value":-11.7233,"farmer_unique_id":"4737612","site_id":3238},{"date":"2021-01-29","product":"COPERNICUS/S1_GRD","band":"VV","value":-9.3131,"farmer_unique_id":"4737612","site_id":3238},{"date":"2021-02-10","product":"COPERNICUS/S1_GRD","band":"VV","value":-10.4298,"farmer_unique_id":"4737612","site_id":3238},{"date":"2021-02-22","product":"COPERNICUS/S1_GRD","band":"VV","value":-11.014,"farmer_unique_id":"4737612","site_id":3238},{"date":"2021-03-06","product":"COPERNICUS/S1_GRD","band":"VV","value":-8.6303,"farmer_unique_id":"4737612","site_id":3238},{"date":"2021-03-18","product":"COPERNICUS/S1_GRD","band":"VV","value":-9.9065,"farmer_unique_id":"4737612","site_id":3238},{"date":"2021-03-30","product":"COPERNICUS/S1_GRD","band":"VV","value":-9.5122,"farmer_unique_id":"4737612","site_id":3238},{"date":"2021-04-11","product":"COPERNICUS/S1_GRD","band":"VV","value":-8.1684,"farmer_unique_id":"4737612","site_id":3238},{"date":"2021-04-23","product":"COPERNICUS/S1_GRD","band":"VV","value":-10.7943,"farmer_unique_id":"4737612","site_id":3238},{"date":"2021-05-05","product":"COPERNICUS/S1_GRD","band":"VV","value":-8.3376,"farmer_unique_id":"4737612","site_id":3238},{"date":"2021-05-17","product":"COPERNICUS/S1_GRD","band":"VV","value":-5.9109,"farmer_unique_id":"4737612","site_id":3238},{"date":"2021-05-29","product":"COPERNICUS/S1_GRD","band":"VV","value":-8.0267,"farmer_unique_id":"4737612","site_id":3238}]
