[{"date":"2020-01-09","product":"COPERNICUS/S1_GRD","band":"VH","value":-16.4983,"farmer_unique_id":"4627794","site_id":5217},{"date":"2020-01-21","product":"COPERNICUS/S1_GRD","band":"VH","value":-16.927,"farmer_unique_id":"4627794","site_id":5217},{"date":"2020-02-02","product":"COPERNICUS/S1_GRD","band":"VH","value":-18.5068,"farmer_unique_id":"4627794","site_id":5217},{"date":"2020-02-14","product":"COPERNICUS/S1_GRD","band":"VH","value":-14.1772,"farmer_unique_id":"4627794","site_id":5217},{"date":"2020-02-26","product":"COPERNICUS/S1_GRD","band":"VH","value":-17.8943,"farmer_unique_id":"4627794","site_id":5217},{"date":"2020-03-09","product":"COPERNICUS/S1_GRD","band":"VH","value":-18.2285,"farmer_unique_id":"4627794","site_id":5217},{"date":"2020-03-21","product":"COPERNICUS/S1_GRD","band":"VH","value":-15.7328,"farmer_unique_id":"4627794","site_id":5217},{"date":"2020-04-02","product":"COPERNICUS/S1_GRD","band":"VH","value":-14.0219,"farmer_unique_id":"4627794","site_id":5217},{"date":"2020-04-14","product":"COPERNICUS/S1_GRD","band":"VH","value":-16.6412,"farmer_unique_id":"4627794","site_id":5217},{"date":"2020-04-26","product":"COPERNICUS/S1_GRD","band":"VH","value":-15.7947,"farmer_unique_id":"4627794","site_id":5217},{"date":"2020-05-08","product":"COPERNICUS/S1_GRD","band":"VH","value":-12.8851,"farmer_unique_id":"4627794","site_id":5217},{"date":"2020-05-20","product":"COPERNICUS/S1_GRD","band":"VH","value":-15.0054,"farmer_unique_id":"4627794","site_id":5217},{"date":"2020-06-01","product":"COPERNICUS/S1_GRD","band":"VH","value":-16.6874,"farmer_unique_id":"4627794","site_id":5217},{"date":"2020-06-13","product":"COPERNICUS/S1_GRD","band":"VH","value":-14.0982,"farmer_unique_id":"4627794","site_id":5217},{"date":"2020-06-25","product":"COPERNICUS/S1_GRD","band":"VH","value":-12.4129,"farmer_unique_id":"4627794","site_id":5217},{"date":"2020-07-07","product":"COPERNICUS/S1_GRD","band":"VH","value":-13.8384,"farmer_unique_id":"4627794","site_id":5217},{"date":"2020-07-19","product":"COPERNICUS/S1_GRD","band":"VH","value":-13.8324,"farmer_unique_id":"4627794","site_id":5217},{"date":"2020-07-31","product":"COPERNICUS/S1_GRD","band":"VH","value":-15.9392,"farmer_unique_id":"4627794","site_id":5217},{"date":"2020-08-12","product":"COPERNICUS/S1_GRD","band":"VH","farmer_unique_id":"4627794","site_id":5217},{"date":"2020-08-24","product":"COPERNICUS/S1_GRD","band":"VH","value":-16.1333,"farmer_unique_id":"4627794","site_id":5217},{"date":"2020-09-05","product":"COPERNICUS/S1_GRD","band":"VH","value":-16.3096,"farmer_unique_id":"4627794","site_id":5217},{"date":"2020-09-17","product":"COPERNICUS/S1_GRD","band":"VH","value":-15.6502,"farmer_unique_id":"4627794","site_id":5217},{"date":"2020-09-29","product":"COPERNICUS/S1_GRD","band":"VH","value":-10.9138,"farmer_unique_id":"4627794","site_id":5217},{"date":"2020-10-11","product":"COPERNICUS/S1_GRD","band":"VH","value":-15.9229,"farmer_unique_id":"4627794","site_id":5217},{"date":"2020-10-23","product":"COPERNICUS/S1_GRD","band":"VH","value":-12.5185,"farmer_unique_id":"4627794","site_id":5217},{"date":"2020-11-04","product":"COPERNICUS/S1_GRD","band":"VH","value":-14.3167,"farmer_unique_id":"4627794","site_id":5217},{"date":"2020-11-16","product":"COPERNICUS/S1_GRD","band":"VH","value":-14.7912,"farmer_unique_id":"4627794","site_id":5217},{"date":"2020-11-28","product":"COPERNICUS/S1_GRD","band":"VH","value":-19.8884,"farmer_unique_id":"4627794","site_id":5217},{"date":"2020-12-10","product":"COPERNICUS/S1_GRD","band":"VH","value":-14.9841,"farmer_unique_id":"4627794","site_id":5217},{"date":"2020-12-22","product":"COPERNICUS/S1_GRD","band":"VH","value":-19.5837,"farmer_unique_id":"4627794","site_id":5217},{"date":"2021-01-03","product":"COPERNICUS/S1_GRD","band":"VH","value":-16.3123,"farmer_unique_id":"4627794","site_id":5217},{"date":"2021-01-15","product":"COPERNICUS/S1_GRD","band":"VH","value":-15.6381,"farmer_unique_id":"4627794","site_id":5217},{"date":"2021-01-27","product":"COPERNICUS/S1_GRD","band":"VH","value":-16.924,"farmer_unique_id":"4627794","site_id":5217},{"date":"2021-02-08","product":"COPERNICUS/S1_GRD","band":"VH","value":-16.7123,"farmer_unique_id":"4627794","site_id":5217},{"date":"2021-02-20","product":"COPERNICUS/S1_GRD","band":"VH","value":-16.0309,"farmer_unique_id":"4627794","site_id":5217},{"date":"2021-03-04","product":"COPERNICUS/S1_GRD","band":"VH","value":-15.3431,"farmer_unique_id":"4627794","site_id":5217},{"date":"2021-03-16","product":"COPERNICUS/S1_GRD","band":"VH","value":-18.9123,"farmer_unique_id":"4627794","site_id":5217},{"date":"2021-03-28","product":"COPERNICUS/S1_GRD","band":"VH","value":-20.5425,"farmer_unique_id":"4627794","site_id":5217},{"date":"2021-04-09","product":"COPERNICUS/S1_GRD","band":"VH","value":-19.0278,"farmer_unique_id":"4627794","site_id":5217},{"date":"2021-04-21","product":"COPERNICUS/S1_GRD","band":"VH","value":-21.7377,"farmer_unique_id":"4627794","site_id":5217},{"date":"2021-05-03","product":"COPERNICUS/S1_GRD","band":"VH","value":-22.0367,"farmer_unique_id":"4627794","site_id":5217},{"date":"2021-05-15","product":"COPERNICUS/S1_GRD","band":"VH","value":-14.536,"farmer_unique_id":"4627794","site_id":5217},{"date":"2021-05-27","product":"COPERNICUS/S1_GRD","band":"VH","value":-12.6528,"farmer_unique_id":"4627794","site_id":5217},{"date":"2020-01-09","product":"COPERNICUS/S1_GRD","band":"VV","value":-9.74,"farmer_unique_id":"4627794","site_id":5217},{"date":"2020-01-21","product":"COPERNICUS/S1_GRD","band":"VV","value":-11.4608,"farmer_unique_id":"4627794","site_id":5217},{"date":"2020-02-02","product":"COPERNICUS/S1_GRD","band":"VV","value":-10.7741,"farmer_unique_id":"4627794","site_id":5217},{"date":"2020-02-14","product":"COPERNICUS/S1_GRD","band":"VV","value":-13.8759,"farmer_unique_id":"4627794","site_id":5217},{"date":"2020-02-26","product":"COPERNICUS/S1_GRD","band":"VV","value":-9.301,"farmer_unique_id":"4627794","site_id":5217},{"date":"2020-03-09","product":"COPERNICUS/S1_GRD","band":"VV","value":-10.4806,"farmer_unique_id":"4627794","site_id":5217},{"date":"2020-03-21","product":"COPERNICUS/S1_GRD","band":"VV","value":-6.1341,"farmer_unique_id":"4627794","site_id":5217},{"date":"2020-04-02","product":"COPERNICUS/S1_GRD","band":"VV","value":-8.8379,"farmer_unique_id":"4627794","site_id":5217},{"date":"2020-04-14","product":"COPERNICUS/S1_GRD","band":"VV","value":-12.1995,"farmer_unique_id":"4627794","site_id":5217},{"date":"2020-04-26","product":"COPERNICUS/S1_GRD","band":"VV","value":-12.043,"farmer_unique_id":"4627794","site_id":5217},{"date":"2020-05-08","product":"COPERNICUS/S1_GRD","band":"VV","value":-10.8851,"farmer_unique_id":"4627794","site_id":5217},{"date":"2020-05-20","product":"COPERNICUS/S1_GRD","band":"VV","value":-10.0326,"farmer_unique_id":"4627794","site_id":5217},{"date":"2020-06-01","product":"COPERNICUS/S1_GRD","band":"VV","value":-7.6081,"farmer_unique_id":"4627794","site_id":5217},{"date":"2020-06-13","product":"COPERNICUS/S1_GRD","band":"VV","value":-10.0403,"farmer_unique_id":"4627794","site_id":5217},{"date":"2020-06-25","product":"COPERNICUS/S1_GRD","band":"VV","value":-12.363,"farmer_unique_id":"4627794","site_id":5217},{"date":"2020-07-07","product":"COPERNICUS/S1_GRD","band":"VV","value":-9.1561,"farmer_unique_id":"4627794","site_id":5217},{"date":"2020-07-19","product":"COPERNICUS/S1_GRD","band":"VV","value":-10.8234,"farmer_unique_id":"4627794","site_id":5217},{"date":"2020-07-31","product":"COPERNICUS/S1_GRD","band":"VV","value":-11.8471,"farmer_unique_id":"4627794","site_id":5217},{"date":"2020-08-12","product":"COPERNICUS/S1_GRD","band":"VV","value":-9.3341,"farmer_unique_id":"4627794","site_id":5217},{"date":"2020-08-24","product":"COPERNICUS/S1_GRD","band":"VV","value":-11.0401,"farmer_unique_id":"4627794","site_id":5217},{"date":"2020-09-05","product":"COPERNICUS/S1_GRD","band":"VV","value":-8.8224,"farmer_unique_id":"4627794","site_id":5217},{"date":"2020-09-17","product":"COPERNICUS/S1_GRD","band":"VV","value":-10.8609,"farmer_unique_id":"4627794","site_id":5217},{"date":"2020-09-29","product":"COPERNICUS/S1_GRD","band":"VV","value":-10.0835,"farmer_unique_id":"4627794","site_id":5217},{"date":"2020-10-11","product":"COPERNICUS/S1_GRD","band":"VV","value":-7.3691,"farmer_unique_id":"4627794","site_id":5217},{"date":"2020-10-23","product":"COPERNICUS/S1_GRD","band":"VV","value":-9.1315,"farmer_unique_id":"4627794","site_id":5217},{"date":"2020-11-04","product":"COPERNICUS/S1_GRD","band":"VV","value":-11.6206,"farmer_unique_id":"4627794","site_id":5217},{"date":"2020-11-16","product":"COPERNICUS/S1_GRD","band":"VV","value":-10.9922,"farmer_unique_id":"4627794","site_id":5217},{"date":"2020-11-28","product":"COPERNICUS/S1_GRD","band":"VV","value":-6.4747,"farmer_unique_id":"4627794","site_id":5217},{"date":"2020-12-10","product":"COPERNICUS/S1_GRD","band":"VV","value":-10.6052,"farmer_unique_id":"4627794","site_id":5217},{"date":"2020-12-22","product":"COPERNICUS/S1_GRD","band":"VV","value":-11.4512,"farmer_unique_id":"4627794","site_id":5217},{"date":"2021-01-03","product":"COPERNICUS/S1_GRD","band":"VV","value":-13.4501,"farmer_unique_id":"4627794","site_id":5217},{"date":"2021-01-15","product":"COPERNICUS/S1_GRD","band":"VV","value":-10.9494,"farmer_unique_id":"4627794","site_id":5217},{"date":"2021-01-27","product":"COPERNICUS/S1_GRD","band":"VV","value":-10.6625,"farmer_unique_id":"4627794","site_id":5217},{"date":"2021-02-08","product":"COPERNICUS/S1_GRD","band":"VV","value":-10.9205,"farmer_unique_id":"4627794","site_id":5217},{"date":"2021-02-20","product":"COPERNICUS/S1_GRD","band":"VV","value":-10.05,"farmer_unique_id":"4627794","site_id":5217},{"date":"2021-03-04","product":"COPERNICUS/S1_GRD","band":"VV","value":-14.2956,"farmer_unique_id":"4627794","site_id":5217},{"date":"2021-03-16","product":"COPERNICUS/S1_GRD","band":"VV","value":-11.0347,"farmer_unique_id":"4627794","site_id":5217},{"date":"2021-03-28","product":"COPERNICUS/S1_GRD","band":"VV","value":-12.9274,"farmer_unique_id":"4627794","site_id":5217},{"date":"2021-04-09","product":"COPERNICUS/S1_GRD","band":"VV","value":-11.062,"farmer_unique_id":"4627794","site_id":5217},{"date":"2021-04-21","product":"COPERNICUS/S1_GRD","band":"VV","value":-16.3278,"farmer_unique_id":"4627794","site_id":5217},{"date":"2021-05-03","product":"COPERNICUS/S1_GRD","band":"VV","value":-11.4447,"farmer_unique_id":"4627794","site_id":5217},{"date":"2021-05-15","product":"COPERNICUS/S1_GRD","band":"VV","value":-10.2184,"farmer_unique_id":"4627794","site_id":5217},{"date":"2021-05-27","product":"COPERNICUS/S1_GRD","band":"VV","value":-8.7804,"farmer_unique_id":"4627794","site_id":5217}]
