[{"date":"2020-01-04","product":"COPERNICUS/S1_GRD","band":"VH","value":-13.0062,"farmer_unique_id":"4662154","site_id":1387},{"date":"2020-01-09","product":"COPERNICUS/S1_GRD","band":"VH","value":-14.906,"farmer_unique_id":"4662154","site_id":1387},{"date":"2020-01-16","product":"COPERNICUS/S1_GRD","band":"VH","value":-11.8177,"farmer_unique_id":"4662154","site_id":1387},{"date":"2020-01-21","product":"COPERNICUS/S1_GRD","band":"VH","value":-13.3829,"farmer_unique_id":"4662154","site_id":1387},{"date":"2020-01-28","product":"COPERNICUS/S1_GRD","band":"VH","value":-11.847,"farmer_unique_id":"4662154","site_id":1387},{"date":"2020-02-02","product":"COPERNICUS/S1_GRD","band":"VH","value":-14.1919,"farmer_unique_id":"4662154","site_id":1387},{"date":"2020-02-09","product":"COPERNICUS/S1_GRD","band":"VH","value":-13.9707,"farmer_unique_id":"4662154","site_id":1387},{"date":"2020-02-14","product":"COPERNICUS/S1_GRD","band":"VH","value":-16.7688,"farmer_unique_id":"4662154","site_id":1387},{"date":"2020-02-21","product":"COPERNICUS/S1_GRD","band":"VH","value":-13.5023,"farmer_unique_id":"4662154","site_id":1387},{"date":"2020-02-26","product":"COPERNICUS/S1_GRD","band":"VH","value":-11.4711,"farmer_unique_id":"4662154","site_id":1387},{"date":"2020-03-04","product":"COPERNICUS/S1_GRD","band":"VH","value":-18.9773,"farmer_unique_id":"4662154","site_id":1387},{"date":"2020-03-09","product":"COPERNICUS/S1_GRD","band":"VH","value":-14.3349,"farmer_unique_id":"4662154","site_id":1387},{"date":"2020-03-16","product":"COPERNICUS/S1_GRD","band":"VH","value":-18.4924,"farmer_unique_id":"4662154","site_id":1387},{"date":"2020-03-21","product":"COPERNICUS/S1_GRD","band":"VH","value":-16.2791,"farmer_unique_id":"4662154","site_id":1387},{"date":"2020-03-28","product":"COPERNICUS/S1_GRD","band":"VH","value":-13.8203,"farmer_unique_id":"4662154","site_id":1387},{"date":"2020-04-02","product":"COPERNICUS/S1_GRD","band":"VH","value":-13.2167,"farmer_unique_id":"4662154","site_id":1387},{"date":"2020-04-09","product":"COPERNICUS/S1_GRD","band":"VH","value":-18.2265,"farmer_unique_id":"4662154","site_id":1387},{"date":"2020-04-14","product":"COPERNICUS/S1_GRD","band":"VH","value":-12.8631,"farmer_unique_id":"4662154","site_id":1387},{"date":"2020-04-21","product":"COPERNICUS/S1_GRD","band":"VH","value":-10.8187,"farmer_unique_id":"4662154","site_id":1387},{"date":"2020-04-26","product":"COPERNICUS/S1_GRD","band":"VH","value":-12.3096,"farmer_unique_id":"4662154","site_id":1387},{"date":"2020-05-03","product":"COPERNICUS/S1_GRD","band":"VH","value":-12.4602,"farmer_unique_id":"4662154","site_id":1387},{"date":"2020-05-08","product":"COPERNICUS/S1_GRD","band":"VH","value":-14.697,"farmer_unique_id":"4662154","site_id":1387},{"date":"2020-05-15","product":"COPERNICUS/S1_GRD","band":"VH","value":-9.8502,"farmer_unique_id":"4662154","site_id":1387},{"date":"2020-05-20","product":"COPERNICUS/S1_GRD","band":"VH","value":-12.842,"farmer_unique_id":"4662154","site_id":1387},{"date":"2020-05-27","product":"COPERNICUS/S1_GRD","band":"VH","value":-18.6029,"farmer_unique_id":"4662154","site_id":1387},{"date":"2020-06-01","product":"COPERNICUS/S1_GRD","band":"VH","value":-13.7091,"farmer_unique_id":"4662154","site_id":1387},{"date":"2020-06-08","product":"COPERNICUS/S1_GRD","band":"VH","value":-15.2094,"farmer_unique_id":"4662154","site_id":1387},{"date":"2020-06-13","product":"COPERNICUS/S1_GRD","band":"VH","value":-16.5817,"farmer_unique_id":"4662154","site_id":1387},{"date":"2020-06-20","product":"COPERNICUS/S1_GRD","band":"VH","value":-12.4658,"farmer_unique_id":"4662154","site_id":1387},{"date":"2020-06-25","product":"COPERNICUS/S1_GRD","band":"VH","value":-11.9773,"farmer_unique_id":"4662154","site_id":1387},{"date":"2020-07-02","product":"COPERNICUS/S1_GRD","band":"VH","value":-13.9897,"farmer_unique_id":"4662154","site_id":1387},{"date":"2020-07-07","product":"COPERNICUS/S1_GRD","band":"VH","value":-15.094,"farmer_unique_id":"4662154","site_id":1387},{"date":"2020-07-14","product":"COPERNICUS/S1_GRD","band":"VH","value":-11.5184,"farmer_unique_id":"4662154","site_id":1387},{"date":"2020-07-19","product":"COPERNICUS/S1_GRD","band":"VH","value":-12.7353,"farmer_unique_id":"4662154","site_id":1387},{"date":"2020-07-26","product":"COPERNICUS/S1_GRD","band":"VH","value":-13.8244,"farmer_unique_id":"4662154","site_id":1387},{"date":"2020-07-31","product":"COPERNICUS/S1_GRD","band":"VH","value":-16.7048,"farmer_unique_id":"4662154","site_id":1387},{"date":"2020-08-07","product":"COPERNICUS/S1_GRD","band":"VH","value":-15.458,"farmer_unique_id":"4662154","site_id":1387},{"date":"2020-08-12","product":"COPERNICUS/S1_GRD","band":"VH","farmer_unique_id":"4662154","site_id":1387},{"date":"2020-08-19","product":"COPERNICUS/S1_GRD","band":"VH","value":-11.7395,"farmer_unique_id":"4662154","site_id":1387},{"date":"2020-08-24","product":"COPERNICUS/S1_GRD","band":"VH","value":-12.2737,"farmer_unique_id":"4662154","site_id":1387},{"date":"2020-08-31","product":"COPERNICUS/S1_GRD","band":"VH","value":-16.2404,"farmer_unique_id":"4662154","site_id":1387},{"date":"2020-09-05","product":"COPERNICUS/S1_GRD","band":"VH","value":-11.8271,"farmer_unique_id":"4662154","site_id":1387},{"date":"2020-09-12","product":"COPERNICUS/S1_GRD","band":"VH","value":-13.34,"farmer_unique_id":"4662154","site_id":1387},{"date":"2020-09-17","product":"COPERNICUS/S1_GRD","band":"VH","value":-13.1755,"farmer_unique_id":"4662154","site_id":1387},{"date":"2020-09-24","product":"COPERNICUS/S1_GRD","band":"VH","value":-17.4618,"farmer_unique_id":"4662154","site_id":1387},{"date":"2020-09-29","product":"COPERNICUS/S1_GRD","band":"VH","value":-15.0144,"farmer_unique_id":"4662154","site_id":1387},{"date":"2020-10-06","product":"COPERNICUS/S1_GRD","band":"VH","value":-15.2315,"farmer_unique_id":"4662154","site_id":1387},{"date":"2020-10-11","product":"COPERNICUS/S1_GRD","band":"VH","value":-13.8227,"farmer_unique_id":"4662154","site_id":1387},{"date":"2020-10-18","product":"COPERNICUS/S1_GRD","band":"VH","value":-9.721,"farmer_unique_id":"4662154","site_id":1387},{"date":"2020-10-23","product":"COPERNICUS/S1_GRD","band":"VH","value":-11.6185,"farmer_unique_id":"4662154","site_id":1387},{"date":"2020-10-30","product":"COPERNICUS/S1_GRD","band":"VH","value":-10.5804,"farmer_unique_id":"4662154","site_id":1387},{"date":"2020-11-04","product":"COPERNICUS/S1_GRD","band":"VH","value":-16.8693,"farmer_unique_id":"4662154","site_id":1387},{"date":"2020-11-11","product":"COPERNICUS/S1_GRD","band":"VH","value":-12.6715,"farmer_unique_id":"4662154","site_id":1387},{"date":"2020-11-16","product":"COPERNICUS/S1_GRD","band":"VH","value":-13.2909,"farmer_unique_id":"4662154","site_id":1387},{"date":"2020-11-23","product":"COPERNICUS/S1_GRD","band":"VH","value":-12.7304,"farmer_unique_id":"4662154","site_id":1387},{"date":"2020-11-28","product":"COPERNICUS/S1_GRD","band":"VH","value":-12.8951,"farmer_unique_id":"4662154","site_id":1387},{"date":"2020-12-05","product":"COPERNICUS/S1_GRD","band":"VH","value":-15.2643,"farmer_unique_id":"4662154","site_id":1387},{"date":"2020-12-10","product":"COPERNICUS/S1_GRD","band":"VH","value":-16.8095,"farmer_unique_id":"4662154","site_id":1387},{"date":"2020-12-17","product":"COPERNICUS/S1_GRD","band":"VH","value":-14.8766,"farmer_unique_id":"4662154","site_id":1387},{"date":"2020-12-22","product":"COPERNICUS/S1_GRD","band":"VH","value":-14.8467,"farmer_unique_id":"4662154","site_id":1387},{"date":"2020-12-29","product":"COPERNICUS/S1_GRD","band":"VH","value":-12.57,"farmer_unique_id":"4662154","site_id":1387},{"date":"2021-01-03","product":"COPERNICUS/S1_GRD","band":"VH","value":-16.5984,"farmer_unique_id":"4662154","site_id":1387},{"date":"2021-01-10","product":"COPERNICUS/S1_GRD","band":"VH","value":-12.5432,"farmer_unique_id":"4662154","site_id":1387},{"date":"2021-01-15","product":"COPERNICUS/S1_GRD","band":"VH","value":-14.1694,"farmer_unique_id":"4662154","site_id":1387},{"date":"2021-01-22","product":"COPERNICUS/S1_GRD","band":"VH","value":-15.5513,"farmer_unique_id":"4662154","site_id":1387},{"date":"2021-01-27","product":"COPERNICUS/S1_GRD","band":"VH","value":-11.6908,"farmer_unique_id":"4662154","site_id":1387},{"date":"2021-02-03","product":"COPERNICUS/S1_GRD","band":"VH","value":-16.1726,"farmer_unique_id":"4662154","site_id":1387},{"date":"2021-02-08","product":"COPERNICUS/S1_GRD","band":"VH","value":-14.5317,"farmer_unique_id":"4662154","site_id":1387},{"date":"2021-02-15","product":"COPERNICUS/S1_GRD","band":"VH","value":-12.9251,"farmer_unique_id":"4662154","site_id":1387},{"date":"2021-02-20","product":"COPERNICUS/S1_GRD","band":"VH","value":-19.0001,"farmer_unique_id":"4662154","site_id":1387},{"date":"2021-02-27","product":"COPERNICUS/S1_GRD","band":"VH","value":-15.9581,"farmer_unique_id":"4662154","site_id":1387},{"date":"2021-03-04","product":"COPERNICUS/S1_GRD","band":"VH","value":-13.4216,"farmer_unique_id":"4662154","site_id":1387},{"date":"2021-03-11","product":"COPERNICUS/S1_GRD","band":"VH","value":-14.2719,"farmer_unique_id":"4662154","site_id":1387},{"date":"2021-03-16","product":"COPERNICUS/S1_GRD","band":"VH","value":-13.5076,"farmer_unique_id":"4662154","site_id":1387},{"date":"2021-03-23","product":"COPERNICUS/S1_GRD","band":"VH","value":-15.5948,"farmer_unique_id":"4662154","site_id":1387},{"date":"2021-03-28","product":"COPERNICUS/S1_GRD","band":"VH","value":-17.6562,"farmer_unique_id":"4662154","site_id":1387},{"date":"2021-04-04","product":"COPERNICUS/S1_GRD","band":"VH","value":-11.5342,"farmer_unique_id":"4662154","site_id":1387},{"date":"2021-04-09","product":"COPERNICUS/S1_GRD","band":"VH","value":-11.6207,"farmer_unique_id":"4662154","site_id":1387},{"date":"2021-04-16","product":"COPERNICUS/S1_GRD","band":"VH","value":-13.1587,"farmer_unique_id":"4662154","site_id":1387},{"date":"2021-04-21","product":"COPERNICUS/S1_GRD","band":"VH","value":-13.8902,"farmer_unique_id":"4662154","site_id":1387},{"date":"2021-04-28","product":"COPERNICUS/S1_GRD","band":"VH","value":-15.0255,"farmer_unique_id":"4662154","site_id":1387},{"date":"2021-05-03","product":"COPERNICUS/S1_GRD","band":"VH","value":-17.2185,"farmer_unique_id":"4662154","site_id":1387},{"date":"2021-05-10","product":"COPERNICUS/S1_GRD","band":"VH","value":-13.3233,"farmer_unique_id":"4662154","site_id":1387},{"date":"2021-05-15","product":"COPERNICUS/S1_GRD","band":"VH","value":-12.2678,"farmer_unique_id":"4662154","site_id":1387},{"date":"2021-05-22","product":"COPERNICUS/S1_GRD","band":"VH","value":-16.7174,"farmer_unique_id":"4662154","site_id":1387},{"date":"2021-05-27","product":"COPERNICUS/S1_GRD","band":"VH","value":-17.6578,"farmer_unique_id":"4662154","site_id":1387},{"date":"2020-01-04","product":"COPERNICUS/S1_GRD","band":"VV","value":-12.2451,"farmer_unique_id":"4662154","site_id":1387},{"date":"2020-01-09","product":"COPERNICUS/S1_GRD","band":"VV","value":-11.1067,"farmer_unique_id":"4662154","site_id":1387},{"date":"2020-01-16","product":"COPERNICUS/S1_GRD","band":"VV","value":-8.7944,"farmer_unique_id":"4662154","site_id":1387},{"date":"2020-01-21","product":"COPERNICUS/S1_GRD","band":"VV","value":-7.586,"farmer_unique_id":"4662154","site_id":1387},{"date":"2020-01-28","product":"COPERNICUS/S1_GRD","band":"VV","value":-7.8297,"farmer_unique_id":"4662154","site_id":1387},{"date":"2020-02-02","product":"COPERNICUS/S1_GRD","band":"VV","value":-7.3659,"farmer_unique_id":"4662154","site_id":1387},{"date":"2020-02-09","product":"COPERNICUS/S1_GRD","band":"VV","value":-6.0006,"farmer_unique_id":"4662154","site_id":1387},{"date":"2020-02-14","product":"COPERNICUS/S1_GRD","band":"VV","value":-10.0134,"farmer_unique_id":"4662154","site_id":1387},{"date":"2020-02-21","product":"COPERNICUS/S1_GRD","band":"VV","value":-8.7799,"farmer_unique_id":"4662154","site_id":1387},{"date":"2020-02-26","product":"COPERNICUS/S1_GRD","band":"VV","value":-8.1444,"farmer_unique_id":"4662154","site_id":1387},{"date":"2020-03-04","product":"COPERNICUS/S1_GRD","band":"VV","value":-2.7216,"farmer_unique_id":"4662154","site_id":1387},{"date":"2020-03-09","product":"COPERNICUS/S1_GRD","band":"VV","value":-6.8896,"farmer_unique_id":"4662154","site_id":1387},{"date":"2020-03-16","product":"COPERNICUS/S1_GRD","band":"VV","value":-7.7361,"farmer_unique_id":"4662154","site_id":1387},{"date":"2020-03-21","product":"COPERNICUS/S1_GRD","band":"VV","value":-7.1923,"farmer_unique_id":"4662154","site_id":1387},{"date":"2020-03-28","product":"COPERNICUS/S1_GRD","band":"VV","value":-4.404,"farmer_unique_id":"4662154","site_id":1387},{"date":"2020-04-02","product":"COPERNICUS/S1_GRD","band":"VV","value":-8.906,"farmer_unique_id":"4662154","site_id":1387},{"date":"2020-04-09","product":"COPERNICUS/S1_GRD","band":"VV","value":-7.2921,"farmer_unique_id":"4662154","site_id":1387},{"date":"2020-04-14","product":"COPERNICUS/S1_GRD","band":"VV","value":-8.4021,"farmer_unique_id":"4662154","site_id":1387},{"date":"2020-04-21","product":"COPERNICUS/S1_GRD","band":"VV","value":-4.3527,"farmer_unique_id":"4662154","site_id":1387},{"date":"2020-04-26","product":"COPERNICUS/S1_GRD","band":"VV","value":-4.3663,"farmer_unique_id":"4662154","site_id":1387},{"date":"2020-05-03","product":"COPERNICUS/S1_GRD","band":"VV","value":-6.7299,"farmer_unique_id":"4662154","site_id":1387},{"date":"2020-05-08","product":"COPERNICUS/S1_GRD","band":"VV","value":-5.486,"farmer_unique_id":"4662154","site_id":1387},{"date":"2020-05-15","product":"COPERNICUS/S1_GRD","band":"VV","value":-8.1444,"farmer_unique_id":"4662154","site_id":1387},{"date":"2020-05-20","product":"COPERNICUS/S1_GRD","band":"VV","value":-9.9892,"farmer_unique_id":"4662154","site_id":1387},{"date":"2020-05-27","product":"COPERNICUS/S1_GRD","band":"VV","value":-5.4394,"farmer_unique_id":"4662154","site_id":1387},{"date":"2020-06-01","product":"COPERNICUS/S1_GRD","band":"VV","value":-9.3509,"farmer_unique_id":"4662154","site_id":1387},{"date":"2020-06-08","product":"COPERNICUS/S1_GRD","band":"VV","value":-8.695,"farmer_unique_id":"4662154","site_id":1387},{"date":"2020-06-13","product":"COPERNICUS/S1_GRD","band":"VV","value":-8.8355,"farmer_unique_id":"4662154","site_id":1387},{"date":"2020-06-20","product":"COPERNICUS/S1_GRD","band":"VV","value":-11.0041,"farmer_unique_id":"4662154","site_id":1387},{"date":"2020-06-25","product":"COPERNICUS/S1_GRD","band":"VV","value":-5.856,"farmer_unique_id":"4662154","site_id":1387},{"date":"2020-07-02","product":"COPERNICUS/S1_GRD","band":"VV","value":-7.2162,"farmer_unique_id":"4662154","site_id":1387},{"date":"2020-07-07","product":"COPERNICUS/S1_GRD","band":"VV","value":-6.7817,"farmer_unique_id":"4662154","site_id":1387},{"date":"2020-07-14","product":"COPERNICUS/S1_GRD","band":"VV","value":-3.7434,"farmer_unique_id":"4662154","site_id":1387},{"date":"2020-07-19","product":"COPERNICUS/S1_GRD","band":"VV","value":-8.4175,"farmer_unique_id":"4662154","site_id":1387},{"date":"2020-07-26","product":"COPERNICUS/S1_GRD","band":"VV","value":-4.5815,"farmer_unique_id":"4662154","site_id":1387},{"date":"2020-07-31","product":"COPERNICUS/S1_GRD","band":"VV","value":-9.5956,"farmer_unique_id":"4662154","site_id":1387},{"date":"2020-08-07","product":"COPERNICUS/S1_GRD","band":"VV","value":-7.6129,"farmer_unique_id":"4662154","site_id":1387},{"date":"2020-08-12","product":"COPERNICUS/S1_GRD","band":"VV","value":-11.3099,"farmer_unique_id":"4662154","site_id":1387},{"date":"2020-08-19","product":"COPERNICUS/S1_GRD","band":"VV","value":-6.5476,"farmer_unique_id":"4662154","site_id":1387},{"date":"2020-08-24","product":"COPERNICUS/S1_GRD","band":"VV","value":-8.3936,"farmer_unique_id":"4662154","site_id":1387},{"date":"2020-08-31","product":"COPERNICUS/S1_GRD","band":"VV","value":-5.5261,"farmer_unique_id":"4662154","site_id":1387},{"date":"2020-09-05","product":"COPERNICUS/S1_GRD","band":"VV","value":-11.1368,"farmer_unique_id":"4662154","site_id":1387},{"date":"2020-09-12","product":"COPERNICUS/S1_GRD","band":"VV","value":-6.6649,"farmer_unique_id":"4662154","site_id":1387},{"date":"2020-09-17","product":"COPERNICUS/S1_GRD","band":"VV","value":-9.9065,"farmer_unique_id":"4662154","site_id":1387},{"date":"2020-09-24","product":"COPERNICUS/S1_GRD","band":"VV","value":-6.1137,"farmer_unique_id":"4662154","site_id":1387},{"date":"2020-09-29","product":"COPERNICUS/S1_GRD","band":"VV","value":-10.7347,"farmer_unique_id":"4662154","site_id":1387},{"date":"2020-10-06","product":"COPERNICUS/S1_GRD","band":"VV","value":-8.4468,"farmer_unique_id":"4662154","site_id":1387},{"date":"2020-10-11","product":"COPERNICUS/S1_GRD","band":"VV","value":-8.2198,"farmer_unique_id":"4662154","site_id":1387},{"date":"2020-10-18","product":"COPERNICUS/S1_GRD","band":"VV","value":-4.2366,"farmer_unique_id":"4662154","site_id":1387},{"date":"2020-10-23","product":"COPERNICUS/S1_GRD","band":"VV","value":-12.0776,"farmer_unique_id":"4662154","site_id":1387},{"date":"2020-10-30","product":"COPERNICUS/S1_GRD","band":"VV","value":-7.7997,"farmer_unique_id":"4662154","site_id":1387},{"date":"2020-11-04","product":"COPERNICUS/S1_GRD","band":"VV","value":-11.9915,"farmer_unique_id":"4662154","site_id":1387},{"date":"2020-11-11","product":"COPERNICUS/S1_GRD","band":"VV","value":-3.1937,"farmer_unique_id":"4662154","site_id":1387},{"date":"2020-11-16","product":"COPERNICUS/S1_GRD","band":"VV","value":-5.8143,"farmer_unique_id":"4662154","site_id":1387},{"date":"2020-11-23","product":"COPERNICUS/S1_GRD","band":"VV","value":-8.1823,"farmer_unique_id":"4662154","site_id":1387},{"date":"2020-11-28","product":"COPERNICUS/S1_GRD","band":"VV","value":-7.2924,"farmer_unique_id":"4662154","site_id":1387},{"date":"2020-12-05","product":"COPERNICUS/S1_GRD","band":"VV","value":-10.2154,"farmer_unique_id":"4662154","site_id":1387},{"date":"2020-12-10","product":"COPERNICUS/S1_GRD","band":"VV","value":-8.2142,"farmer_unique_id":"4662154","site_id":1387},{"date":"2020-12-17","product":"COPERNICUS/S1_GRD","band":"VV","value":-7.4406,"farmer_unique_id":"4662154","site_id":1387},{"date":"2020-12-22","product":"COPERNICUS/S1_GRD","band":"VV","value":-6.1953,"farmer_unique_id":"4662154","site_id":1387},{"date":"2020-12-29","product":"COPERNICUS/S1_GRD","band":"VV","value":-8.7738,"farmer_unique_id":"4662154","site_id":1387},{"date":"2021-01-03","product":"COPERNICUS/S1_GRD","band":"VV","value":-9.5318,"farmer_unique_id":"4662154","site_id":1387},{"date":"2021-01-10","product":"COPERNICUS/S1_GRD","band":"VV","value":-6.9642,"farmer_unique_id":"4662154","site_id":1387},{"date":"2021-01-15","product":"COPERNICUS/S1_GRD","band":"VV","value":-11.1756,"farmer_unique_id":"4662154","site_id":1387},{"date":"2021-01-22","product":"COPERNICUS/S1_GRD","band":"VV","value":-8.2304,"farmer_unique_id":"4662154","site_id":1387},{"date":"2021-01-27","product":"COPERNICUS/S1_GRD","band":"VV","value":-13.3653,"farmer_unique_id":"4662154","site_id":1387},{"date":"2021-02-03","product":"COPERNICUS/S1_GRD","band":"VV","value":-10.4416,"farmer_unique_id":"4662154","site_id":1387},{"date":"2021-02-08","product":"COPERNICUS/S1_GRD","band":"VV","value":-9.7269,"farmer_unique_id":"4662154","site_id":1387},{"date":"2021-02-15","product":"COPERNICUS/S1_GRD","band":"VV","value":-6.9542,"farmer_unique_id":"4662154","site_id":1387},{"date":"2021-02-20","product":"COPERNICUS/S1_GRD","band":"VV","value":-9.5749,"farmer_unique_id":"4662154","site_id":1387},{"date":"2021-02-27","product":"COPERNICUS/S1_GRD","band":"VV","value":-6.8194,"farmer_unique_id":"4662154","site_id":1387},{"date":"2021-03-04","product":"COPERNICUS/S1_GRD","band":"VV","value":-7.8525,"farmer_unique_id":"4662154","site_id":1387},{"date":"2021-03-11","product":"COPERNICUS/S1_GRD","band":"VV","value":-7.3314,"farmer_unique_id":"4662154","site_id":1387},{"date":"2021-03-16","product":"COPERNICUS/S1_GRD","band":"VV","value":-7.8324,"farmer_unique_id":"4662154","site_id":1387},{"date":"2021-03-23","product":"COPERNICUS/S1_GRD","band":"VV","value":-4.4184,"farmer_unique_id":"4662154","site_id":1387},{"date":"2021-03-28","product":"COPERNICUS/S1_GRD","band":"VV","value":-9.8495,"farmer_unique_id":"4662154","site_id":1387},{"date":"2021-04-04","product":"COPERNICUS/S1_GRD","band":"VV","value":-5.1029,"farmer_unique_id":"4662154","site_id":1387},{"date":"2021-04-09","product":"COPERNICUS/S1_GRD","band":"VV","value":-7.7419,"farmer_unique_id":"4662154","site_id":1387},{"date":"2021-04-16","product":"COPERNICUS/S1_GRD","band":"VV","value":-7.9668,"farmer_unique_id":"4662154","site_id":1387},{"date":"2021-04-21","product":"COPERNICUS/S1_GRD","band":"VV","value":-10.1361,"farmer_unique_id":"4662154","site_id":1387},{"date":"2021-04-28","product":"COPERNICUS/S1_GRD","band":"VV","value":-6.2205,"farmer_unique_id":"4662154","site_id":1387},{"date":"2021-05-03","product":"COPERNICUS/S1_GRD","band":"VV","value":-7.8817,"farmer_unique_id":"4662154","site_id":1387},{"date":"2021-05-10","product":"COPERNICUS/S1_GRD","band":"VV","value":-6.7846,"farmer_unique_id":"4662154","site_id":1387},{"date":"2021-05-15","product":"COPERNICUS/S1_GRD","band":"VV","value":-8.3523,"farmer_unique_id":"4662154","site_id":1387},{"date":"2021-05-22","product":"COPERNICUS/S1_GRD","band":"VV","value":-10.5311,"farmer_unique_id":"4662154","site_id":1387},{"date":"2021-05-27","product":"COPERNICUS/S1_GRD","band":"VV","value":-9.5862,"farmer_unique_id":"4662154","site_id":1387}]
