[{"date":"2020-01-11","product":"COPERNICUS/S1_GRD","band":"VH","value":-17.2057,"farmer_unique_id":"1792386","site_id":5323},{"date":"2020-01-23","product":"COPERNICUS/S1_GRD","band":"VH","value":-16.668,"farmer_unique_id":"1792386","site_id":5323},{"date":"2020-02-04","product":"COPERNICUS/S1_GRD","band":"VH","value":-13.1203,"farmer_unique_id":"1792386","site_id":5323},{"date":"2020-02-16","product":"COPERNICUS/S1_GRD","band":"VH","value":-13.8484,"farmer_unique_id":"1792386","site_id":5323},{"date":"2020-02-28","product":"COPERNICUS/S1_GRD","band":"VH","value":-15.3563,"farmer_unique_id":"1792386","site_id":5323},{"date":"2020-03-11","product":"COPERNICUS/S1_GRD","band":"VH","value":-16.4701,"farmer_unique_id":"1792386","site_id":5323},{"date":"2020-03-23","product":"COPERNICUS/S1_GRD","band":"VH","value":-16.8555,"farmer_unique_id":"1792386","site_id":5323},{"date":"2020-04-04","product":"COPERNICUS/S1_GRD","band":"VH","value":-18.1559,"farmer_unique_id":"1792386","site_id":5323},{"date":"2020-04-16","product":"COPERNICUS/S1_GRD","band":"VH","value":-14.3269,"farmer_unique_id":"1792386","site_id":5323},{"date":"2020-04-28","product":"COPERNICUS/S1_GRD","band":"VH","value":-14.5376,"farmer_unique_id":"1792386","site_id":5323},{"date":"2020-05-10","product":"COPERNICUS/S1_GRD","band":"VH","value":-16.8178,"farmer_unique_id":"1792386","site_id":5323},{"date":"2020-05-22","product":"COPERNICUS/S1_GRD","band":"VH","value":-16.6655,"farmer_unique_id":"1792386","site_id":5323},{"date":"2020-06-15","product":"COPERNICUS/S1_GRD","band":"VH","value":-14.0858,"farmer_unique_id":"1792386","site_id":5323},{"date":"2020-06-27","product":"COPERNICUS/S1_GRD","band":"VH","value":-16.7944,"farmer_unique_id":"1792386","site_id":5323},{"date":"2020-07-09","product":"COPERNICUS/S1_GRD","band":"VH","value":-18.1984,"farmer_unique_id":"1792386","site_id":5323},{"date":"2020-07-21","product":"COPERNICUS/S1_GRD","band":"VH","value":-13.1285,"farmer_unique_id":"1792386","site_id":5323},{"date":"2020-08-02","product":"COPERNICUS/S1_GRD","band":"VH","value":-16.9406,"farmer_unique_id":"1792386","site_id":5323},{"date":"2020-08-14","product":"COPERNICUS/S1_GRD","band":"VH","value":-21.9627,"farmer_unique_id":"1792386","site_id":5323},{"date":"2020-08-26","product":"COPERNICUS/S1_GRD","band":"VH","value":-21.7143,"farmer_unique_id":"1792386","site_id":5323},{"date":"2020-09-07","product":"COPERNICUS/S1_GRD","band":"VH","value":-25.9595,"farmer_unique_id":"1792386","site_id":5323},{"date":"2020-09-19","product":"COPERNICUS/S1_GRD","band":"VH","value":-22.6215,"farmer_unique_id":"1792386","site_id":5323},{"date":"2020-10-01","product":"COPERNICUS/S1_GRD","band":"VH","value":-18.836,"farmer_unique_id":"1792386","site_id":5323},{"date":"2020-10-13","product":"COPERNICUS/S1_GRD","band":"VH","value":-15.4921,"farmer_unique_id":"1792386","site_id":5323},{"date":"2020-10-25","product":"COPERNICUS/S1_GRD","band":"VH","value":-15.2411,"farmer_unique_id":"1792386","site_id":5323},{"date":"2020-11-06","product":"COPERNICUS/S1_GRD","band":"VH","value":-17.6933,"farmer_unique_id":"1792386","site_id":5323},{"date":"2020-11-18","product":"COPERNICUS/S1_GRD","band":"VH","value":-15.426,"farmer_unique_id":"1792386","site_id":5323},{"date":"2020-11-30","product":"COPERNICUS/S1_GRD","band":"VH","value":-16.5222,"farmer_unique_id":"1792386","site_id":5323},{"date":"2020-12-12","product":"COPERNICUS/S1_GRD","band":"VH","value":-16.0721,"farmer_unique_id":"1792386","site_id":5323},{"date":"2020-12-24","product":"COPERNICUS/S1_GRD","band":"VH","value":-17.0338,"farmer_unique_id":"1792386","site_id":5323},{"date":"2021-01-05","product":"COPERNICUS/S1_GRD","band":"VH","value":-17.1224,"farmer_unique_id":"1792386","site_id":5323},{"date":"2021-01-17","product":"COPERNICUS/S1_GRD","band":"VH","value":-23.2784,"farmer_unique_id":"1792386","site_id":5323},{"date":"2021-01-29","product":"COPERNICUS/S1_GRD","band":"VH","value":-16.7294,"farmer_unique_id":"1792386","site_id":5323},{"date":"2021-02-10","product":"COPERNICUS/S1_GRD","band":"VH","value":-14.7039,"farmer_unique_id":"1792386","site_id":5323},{"date":"2021-02-22","product":"COPERNICUS/S1_GRD","band":"VH","value":-17.8646,"farmer_unique_id":"1792386","site_id":5323},{"date":"2021-03-06","product":"COPERNICUS/S1_GRD","band":"VH","value":-14.5232,"farmer_unique_id":"1792386","site_id":5323},{"date":"2021-03-18","product":"COPERNICUS/S1_GRD","band":"VH","value":-16.5539,"farmer_unique_id":"1792386","site_id":5323},{"date":"2021-03-30","product":"COPERNICUS/S1_GRD","band":"VH","value":-17.6441,"farmer_unique_id":"1792386","site_id":5323},{"date":"2021-04-11","product":"COPERNICUS/S1_GRD","band":"VH","value":-17.4515,"farmer_unique_id":"1792386","site_id":5323},{"date":"2021-04-23","product":"COPERNICUS/S1_GRD","band":"VH","value":-14.3825,"farmer_unique_id":"1792386","site_id":5323},{"date":"2021-05-05","product":"COPERNICUS/S1_GRD","band":"VH","value":-14.4556,"farmer_unique_id":"1792386","site_id":5323},{"date":"2021-05-17","product":"COPERNICUS/S1_GRD","band":"VH","value":-14.1409,"farmer_unique_id":"1792386","site_id":5323},{"date":"2021-05-29","product":"COPERNICUS/S1_GRD","band":"VH","value":-16.7352,"farmer_unique_id":"1792386","site_id":5323},{"date":"2020-01-11","product":"COPERNICUS/S1_GRD","band":"VV","value":-10.5888,"farmer_unique_id":"1792386","site_id":5323},{"date":"2020-01-23","product":"COPERNICUS/S1_GRD","band":"VV","value":-14.4208,"farmer_unique_id":"1792386","site_id":5323},{"date":"2020-02-04","product":"COPERNICUS/S1_GRD","band":"VV","value":-9.6823,"farmer_unique_id":"1792386","site_id":5323},{"date":"2020-02-16","product":"COPERNICUS/S1_GRD","band":"VV","value":-10.9514,"farmer_unique_id":"1792386","site_id":5323},{"date":"2020-02-28","product":"COPERNICUS/S1_GRD","band":"VV","value":-6.6436,"farmer_unique_id":"1792386","site_id":5323},{"date":"2020-03-11","product":"COPERNICUS/S1_GRD","band":"VV","value":-13.3106,"farmer_unique_id":"1792386","site_id":5323},{"date":"2020-03-23","product":"COPERNICUS/S1_GRD","band":"VV","value":-11.1649,"farmer_unique_id":"1792386","site_id":5323},{"date":"2020-04-04","product":"COPERNICUS/S1_GRD","band":"VV","value":-15.9117,"farmer_unique_id":"1792386","site_id":5323},{"date":"2020-04-16","product":"COPERNICUS/S1_GRD","band":"VV","value":-10.3163,"farmer_unique_id":"1792386","site_id":5323},{"date":"2020-04-28","product":"COPERNICUS/S1_GRD","band":"VV","value":-8.5107,"farmer_unique_id":"1792386","site_id":5323},{"date":"2020-05-10","product":"COPERNICUS/S1_GRD","band":"VV","value":-6.611,"farmer_unique_id":"1792386","site_id":5323},{"date":"2020-05-22","product":"COPERNICUS/S1_GRD","band":"VV","value":-13.7372,"farmer_unique_id":"1792386","site_id":5323},{"date":"2020-06-15","product":"COPERNICUS/S1_GRD","band":"VV","value":-7.5619,"farmer_unique_id":"1792386","site_id":5323},{"date":"2020-06-27","product":"COPERNICUS/S1_GRD","band":"VV","value":-9.884,"farmer_unique_id":"1792386","site_id":5323},{"date":"2020-07-09","product":"COPERNICUS/S1_GRD","band":"VV","value":-10.7656,"farmer_unique_id":"1792386","site_id":5323},{"date":"2020-07-21","product":"COPERNICUS/S1_GRD","band":"VV","value":-12.551,"farmer_unique_id":"1792386","site_id":5323},{"date":"2020-08-02","product":"COPERNICUS/S1_GRD","band":"VV","value":-11.5145,"farmer_unique_id":"1792386","site_id":5323},{"date":"2020-08-14","product":"COPERNICUS/S1_GRD","band":"VV","value":-11.204,"farmer_unique_id":"1792386","site_id":5323},{"date":"2020-08-26","product":"COPERNICUS/S1_GRD","band":"VV","value":-13.5344,"farmer_unique_id":"1792386","site_id":5323},{"date":"2020-09-07","product":"COPERNICUS/S1_GRD","band":"VV","value":-11.0241,"farmer_unique_id":"1792386","site_id":5323},{"date":"2020-09-19","product":"COPERNICUS/S1_GRD","band":"VV","value":-12.3158,"farmer_unique_id":"1792386","site_id":5323},{"date":"2020-10-01","product":"COPERNICUS/S1_GRD","band":"VV","value":-14.07,"farmer_unique_id":"1792386","site_id":5323},{"date":"2020-10-13","product":"COPERNICUS/S1_GRD","band":"VV","value":-8.9932,"farmer_unique_id":"1792386","site_id":5323},{"date":"2020-10-25","product":"COPERNICUS/S1_GRD","band":"VV","value":-10.8269,"farmer_unique_id":"1792386","site_id":5323},{"date":"2020-11-06","product":"COPERNICUS/S1_GRD","band":"VV","value":-6.599,"farmer_unique_id":"1792386","site_id":5323},{"date":"2020-11-18","product":"COPERNICUS/S1_GRD","band":"VV","value":-10.9202,"farmer_unique_id":"1792386","site_id":5323},{"date":"2020-11-30","product":"COPERNICUS/S1_GRD","band":"VV","value":-8.8587,"farmer_unique_id":"1792386","site_id":5323},{"date":"2020-12-12","product":"COPERNICUS/S1_GRD","band":"VV","value":-7.0962,"farmer_unique_id":"1792386","site_id":5323},{"date":"2020-12-24","product":"COPERNICUS/S1_GRD","band":"VV","value":-12.7693,"farmer_unique_id":"1792386","site_id":5323},{"date":"2021-01-05","product":"COPERNICUS/S1_GRD","band":"VV","value":-9.8076,"farmer_unique_id":"1792386","site_id":5323},{"date":"2021-01-17","product":"COPERNICUS/S1_GRD","band":"VV","value":-14.2554,"farmer_unique_id":"1792386","site_id":5323},{"date":"2021-01-29","product":"COPERNICUS/S1_GRD","band":"VV","value":-10.0548,"farmer_unique_id":"1792386","site_id":5323},{"date":"2021-02-10","product":"COPERNICUS/S1_GRD","band":"VV","value":-11.3151,"farmer_unique_id":"1792386","site_id":5323},{"date":"2021-02-22","product":"COPERNICUS/S1_GRD","band":"VV","value":-9.4155,"farmer_unique_id":"1792386","site_id":5323},{"date":"2021-03-06","product":"COPERNICUS/S1_GRD","band":"VV","value":-9.1814,"farmer_unique_id":"1792386","site_id":5323},{"date":"2021-03-18","product":"COPERNICUS/S1_GRD","band":"VV","value":-14.7708,"farmer_unique_id":"1792386","site_id":5323},{"date":"2021-03-30","product":"COPERNICUS/S1_GRD","band":"VV","value":-9.4754,"farmer_unique_id":"1792386","site_id":5323},{"date":"2021-04-11","product":"COPERNICUS/S1_GRD","band":"VV","value":-7.9445,"farmer_unique_id":"1792386","site_id":5323},{"date":"2021-04-23","product":"COPERNICUS/S1_GRD","band":"VV","value":-10.6668,"farmer_unique_id":"1792386","site_id":5323},{"date":"2021-05-05","product":"COPERNICUS/S1_GRD","band":"VV","value":-9.4432,"farmer_unique_id":"1792386","site_id":5323},{"date":"2021-05-17","product":"COPERNICUS/S1_GRD","band":"VV","value":-11.3542,"farmer_unique_id":"1792386","site_id":5323},{"date":"2021-05-29","product":"COPERNICUS/S1_GRD","band":"VV","value":-10.127,"farmer_unique_id":"1792386","site_id":5323}]
