[{"date":"2020-01-11","product":"COPERNICUS/S1_GRD","band":"VH","value":-14.9424,"farmer_unique_id":"EM1421","site_id":1396},{"date":"2020-01-23","product":"COPERNICUS/S1_GRD","band":"VH","value":-15.5549,"farmer_unique_id":"EM1421","site_id":1396},{"date":"2020-02-04","product":"COPERNICUS/S1_GRD","band":"VH","value":-15.4824,"farmer_unique_id":"EM1421","site_id":1396},{"date":"2020-02-16","product":"COPERNICUS/S1_GRD","band":"VH","value":-15.6453,"farmer_unique_id":"EM1421","site_id":1396},{"date":"2020-02-28","product":"COPERNICUS/S1_GRD","band":"VH","value":-14.8947,"farmer_unique_id":"EM1421","site_id":1396},{"date":"2020-03-11","product":"COPERNICUS/S1_GRD","band":"VH","value":-15.6045,"farmer_unique_id":"EM1421","site_id":1396},{"date":"2020-03-23","product":"COPERNICUS/S1_GRD","band":"VH","value":-16.0135,"farmer_unique_id":"EM1421","site_id":1396},{"date":"2020-04-04","product":"COPERNICUS/S1_GRD","band":"VH","value":-14.4779,"farmer_unique_id":"EM1421","site_id":1396},{"date":"2020-04-16","product":"COPERNICUS/S1_GRD","band":"VH","value":-13.4804,"farmer_unique_id":"EM1421","site_id":1396},{"date":"2020-04-28","product":"COPERNICUS/S1_GRD","band":"VH","value":-15.7739,"farmer_unique_id":"EM1421","site_id":1396},{"date":"2020-05-10","product":"COPERNICUS/S1_GRD","band":"VH","value":-17.6839,"farmer_unique_id":"EM1421","site_id":1396},{"date":"2020-05-22","product":"COPERNICUS/S1_GRD","band":"VH","value":-16.5873,"farmer_unique_id":"EM1421","site_id":1396},{"date":"2020-06-15","product":"COPERNICUS/S1_GRD","band":"VH","value":-18.7863,"farmer_unique_id":"EM1421","site_id":1396},{"date":"2020-06-27","product":"COPERNICUS/S1_GRD","band":"VH","value":-14.4332,"farmer_unique_id":"EM1421","site_id":1396},{"date":"2020-07-09","product":"COPERNICUS/S1_GRD","band":"VH","value":-17.2939,"farmer_unique_id":"EM1421","site_id":1396},{"date":"2020-07-21","product":"COPERNICUS/S1_GRD","band":"VH","value":-17.8763,"farmer_unique_id":"EM1421","site_id":1396},{"date":"2020-08-02","product":"COPERNICUS/S1_GRD","band":"VH","value":-20.9062,"farmer_unique_id":"EM1421","site_id":1396},{"date":"2020-08-14","product":"COPERNICUS/S1_GRD","band":"VH","value":-18.1024,"farmer_unique_id":"EM1421","site_id":1396},{"date":"2020-08-26","product":"COPERNICUS/S1_GRD","band":"VH","value":-15.1786,"farmer_unique_id":"EM1421","site_id":1396},{"date":"2020-09-07","product":"COPERNICUS/S1_GRD","band":"VH","value":-14.3156,"farmer_unique_id":"EM1421","site_id":1396},{"date":"2020-09-19","product":"COPERNICUS/S1_GRD","band":"VH","value":-16.6533,"farmer_unique_id":"EM1421","site_id":1396},{"date":"2020-10-01","product":"COPERNICUS/S1_GRD","band":"VH","value":-12.3704,"farmer_unique_id":"EM1421","site_id":1396},{"date":"2020-10-13","product":"COPERNICUS/S1_GRD","band":"VH","value":-14.4005,"farmer_unique_id":"EM1421","site_id":1396},{"date":"2020-10-25","product":"COPERNICUS/S1_GRD","band":"VH","value":-14.569,"farmer_unique_id":"EM1421","site_id":1396},{"date":"2020-11-06","product":"COPERNICUS/S1_GRD","band":"VH","value":-12.4456,"farmer_unique_id":"EM1421","site_id":1396},{"date":"2020-11-18","product":"COPERNICUS/S1_GRD","band":"VH","value":-15.2287,"farmer_unique_id":"EM1421","site_id":1396},{"date":"2020-11-30","product":"COPERNICUS/S1_GRD","band":"VH","value":-14.7753,"farmer_unique_id":"EM1421","site_id":1396},{"date":"2020-12-12","product":"COPERNICUS/S1_GRD","band":"VH","value":-19.0753,"farmer_unique_id":"EM1421","site_id":1396},{"date":"2020-12-24","product":"COPERNICUS/S1_GRD","band":"VH","value":-14.5539,"farmer_unique_id":"EM1421","site_id":1396},{"date":"2021-01-05","product":"COPERNICUS/S1_GRD","band":"VH","value":-18.1479,"farmer_unique_id":"EM1421","site_id":1396},{"date":"2021-01-17","product":"COPERNICUS/S1_GRD","band":"VH","value":-15.4774,"farmer_unique_id":"EM1421","site_id":1396},{"date":"2021-01-29","product":"COPERNICUS/S1_GRD","band":"VH","value":-13.7447,"farmer_unique_id":"EM1421","site_id":1396},{"date":"2021-02-10","product":"COPERNICUS/S1_GRD","band":"VH","value":-16.3005,"farmer_unique_id":"EM1421","site_id":1396},{"date":"2021-02-22","product":"COPERNICUS/S1_GRD","band":"VH","value":-16.3096,"farmer_unique_id":"EM1421","site_id":1396},{"date":"2021-03-06","product":"COPERNICUS/S1_GRD","band":"VH","value":-15.963,"farmer_unique_id":"EM1421","site_id":1396},{"date":"2021-03-18","product":"COPERNICUS/S1_GRD","band":"VH","value":-14.5166,"farmer_unique_id":"EM1421","site_id":1396},{"date":"2021-03-30","product":"COPERNICUS/S1_GRD","band":"VH","value":-14.9315,"farmer_unique_id":"EM1421","site_id":1396},{"date":"2021-04-11","product":"COPERNICUS/S1_GRD","band":"VH","value":-15.8315,"farmer_unique_id":"EM1421","site_id":1396},{"date":"2021-04-23","product":"COPERNICUS/S1_GRD","band":"VH","value":-14.1197,"farmer_unique_id":"EM1421","site_id":1396},{"date":"2021-05-05","product":"COPERNICUS/S1_GRD","band":"VH","value":-17.9568,"farmer_unique_id":"EM1421","site_id":1396},{"date":"2021-05-17","product":"COPERNICUS/S1_GRD","band":"VH","value":-16.1419,"farmer_unique_id":"EM1421","site_id":1396},{"date":"2021-05-29","product":"COPERNICUS/S1_GRD","band":"VH","value":-16.6712,"farmer_unique_id":"EM1421","site_id":1396},{"date":"2020-01-11","product":"COPERNICUS/S1_GRD","band":"VV","value":-10.6511,"farmer_unique_id":"EM1421","site_id":1396},{"date":"2020-01-23","product":"COPERNICUS/S1_GRD","band":"VV","value":-11.0248,"farmer_unique_id":"EM1421","site_id":1396},{"date":"2020-02-04","product":"COPERNICUS/S1_GRD","band":"VV","value":-11.0463,"farmer_unique_id":"EM1421","site_id":1396},{"date":"2020-02-16","product":"COPERNICUS/S1_GRD","band":"VV","value":-8.221,"farmer_unique_id":"EM1421","site_id":1396},{"date":"2020-02-28","product":"COPERNICUS/S1_GRD","band":"VV","value":-10.6873,"farmer_unique_id":"EM1421","site_id":1396},{"date":"2020-03-11","product":"COPERNICUS/S1_GRD","band":"VV","value":-9.6594,"farmer_unique_id":"EM1421","site_id":1396},{"date":"2020-03-23","product":"COPERNICUS/S1_GRD","band":"VV","value":-12.7497,"farmer_unique_id":"EM1421","site_id":1396},{"date":"2020-04-04","product":"COPERNICUS/S1_GRD","band":"VV","value":-12.4489,"farmer_unique_id":"EM1421","site_id":1396},{"date":"2020-04-16","product":"COPERNICUS/S1_GRD","band":"VV","value":-10.3305,"farmer_unique_id":"EM1421","site_id":1396},{"date":"2020-04-28","product":"COPERNICUS/S1_GRD","band":"VV","value":-8.0737,"farmer_unique_id":"EM1421","site_id":1396},{"date":"2020-05-10","product":"COPERNICUS/S1_GRD","band":"VV","value":-8.5811,"farmer_unique_id":"EM1421","site_id":1396},{"date":"2020-05-22","product":"COPERNICUS/S1_GRD","band":"VV","value":-10.2483,"farmer_unique_id":"EM1421","site_id":1396},{"date":"2020-06-15","product":"COPERNICUS/S1_GRD","band":"VV","value":-11.1449,"farmer_unique_id":"EM1421","site_id":1396},{"date":"2020-06-27","product":"COPERNICUS/S1_GRD","band":"VV","value":-11.8408,"farmer_unique_id":"EM1421","site_id":1396},{"date":"2020-07-09","product":"COPERNICUS/S1_GRD","band":"VV","value":-9.6827,"farmer_unique_id":"EM1421","site_id":1396},{"date":"2020-07-21","product":"COPERNICUS/S1_GRD","band":"VV","value":-9.3327,"farmer_unique_id":"EM1421","site_id":1396},{"date":"2020-08-02","product":"COPERNICUS/S1_GRD","band":"VV","value":-12.0658,"farmer_unique_id":"EM1421","site_id":1396},{"date":"2020-08-14","product":"COPERNICUS/S1_GRD","band":"VV","value":-12.363,"farmer_unique_id":"EM1421","site_id":1396},{"date":"2020-08-26","product":"COPERNICUS/S1_GRD","band":"VV","value":-10.826,"farmer_unique_id":"EM1421","site_id":1396},{"date":"2020-09-07","product":"COPERNICUS/S1_GRD","band":"VV","value":-11.4789,"farmer_unique_id":"EM1421","site_id":1396},{"date":"2020-09-19","product":"COPERNICUS/S1_GRD","band":"VV","value":-12.0126,"farmer_unique_id":"EM1421","site_id":1396},{"date":"2020-10-01","product":"COPERNICUS/S1_GRD","band":"VV","value":-11.0618,"farmer_unique_id":"EM1421","site_id":1396},{"date":"2020-10-13","product":"COPERNICUS/S1_GRD","band":"VV","value":-9.4992,"farmer_unique_id":"EM1421","site_id":1396},{"date":"2020-10-25","product":"COPERNICUS/S1_GRD","band":"VV","value":-11.6867,"farmer_unique_id":"EM1421","site_id":1396},{"date":"2020-11-06","product":"COPERNICUS/S1_GRD","band":"VV","value":-10.421,"farmer_unique_id":"EM1421","site_id":1396},{"date":"2020-11-18","product":"COPERNICUS/S1_GRD","band":"VV","value":-10.5198,"farmer_unique_id":"EM1421","site_id":1396},{"date":"2020-11-30","product":"COPERNICUS/S1_GRD","band":"VV","value":-11.1372,"farmer_unique_id":"EM1421","site_id":1396},{"date":"2020-12-12","product":"COPERNICUS/S1_GRD","band":"VV","value":-12.6913,"farmer_unique_id":"EM1421","site_id":1396},{"date":"2020-12-24","product":"COPERNICUS/S1_GRD","band":"VV","value":-11.0686,"farmer_unique_id":"EM1421","site_id":1396},{"date":"2021-01-05","product":"COPERNICUS/S1_GRD","band":"VV","value":-11.8135,"farmer_unique_id":"EM1421","site_id":1396},{"date":"2021-01-17","product":"COPERNICUS/S1_GRD","band":"VV","value":-10.4936,"farmer_unique_id":"EM1421","site_id":1396},{"date":"2021-01-29","product":"COPERNICUS/S1_GRD","band":"VV","value":-8.714,"farmer_unique_id":"EM1421","site_id":1396},{"date":"2021-02-10","product":"COPERNICUS/S1_GRD","band":"VV","value":-10.8784,"farmer_unique_id":"EM1421","site_id":1396},{"date":"2021-02-22","product":"COPERNICUS/S1_GRD","band":"VV","value":-8.3111,"farmer_unique_id":"EM1421","site_id":1396},{"date":"2021-03-06","product":"COPERNICUS/S1_GRD","band":"VV","value":-13.4388,"farmer_unique_id":"EM1421","site_id":1396},{"date":"2021-03-18","product":"COPERNICUS/S1_GRD","band":"VV","value":-12.0933,"farmer_unique_id":"EM1421","site_id":1396},{"date":"2021-03-30","product":"COPERNICUS/S1_GRD","band":"VV","value":-8.9064,"farmer_unique_id":"EM1421","site_id":1396},{"date":"2021-04-11","product":"COPERNICUS/S1_GRD","band":"VV","value":-9.3035,"farmer_unique_id":"EM1421","site_id":1396},{"date":"2021-04-23","product":"COPERNICUS/S1_GRD","band":"VV","value":-8.3213,"farmer_unique_id":"EM1421","site_id":1396},{"date":"2021-05-05","product":"COPERNICUS/S1_GRD","band":"VV","value":-10.0401,"farmer_unique_id":"EM1421","site_id":1396},{"date":"2021-05-17","product":"COPERNICUS/S1_GRD","band":"VV","value":-8.5769,"farmer_unique_id":"EM1421","site_id":1396},{"date":"2021-05-29","product":"COPERNICUS/S1_GRD","band":"VV","value":-12.4568,"farmer_unique_id":"EM1421","site_id":1396}]
