[{"date":"2020-01-11","product":"COPERNICUS/S1_GRD","band":"VH","value":-15.1973,"farmer_unique_id":"3966116","site_id":1139},{"date":"2020-01-23","product":"COPERNICUS/S1_GRD","band":"VH","value":-14.8593,"farmer_unique_id":"3966116","site_id":1139},{"date":"2020-02-04","product":"COPERNICUS/S1_GRD","band":"VH","value":-14.6961,"farmer_unique_id":"3966116","site_id":1139},{"date":"2020-02-16","product":"COPERNICUS/S1_GRD","band":"VH","value":-10.3642,"farmer_unique_id":"3966116","site_id":1139},{"date":"2020-02-28","product":"COPERNICUS/S1_GRD","band":"VH","value":-15.5922,"farmer_unique_id":"3966116","site_id":1139},{"date":"2020-03-11","product":"COPERNICUS/S1_GRD","band":"VH","value":-12.9233,"farmer_unique_id":"3966116","site_id":1139},{"date":"2020-03-23","product":"COPERNICUS/S1_GRD","band":"VH","value":-16.7278,"farmer_unique_id":"3966116","site_id":1139},{"date":"2020-04-04","product":"COPERNICUS/S1_GRD","band":"VH","value":-18.9772,"farmer_unique_id":"3966116","site_id":1139},{"date":"2020-04-16","product":"COPERNICUS/S1_GRD","band":"VH","value":-13.9481,"farmer_unique_id":"3966116","site_id":1139},{"date":"2020-04-28","product":"COPERNICUS/S1_GRD","band":"VH","value":-17.7568,"farmer_unique_id":"3966116","site_id":1139},{"date":"2020-05-10","product":"COPERNICUS/S1_GRD","band":"VH","value":-14.6875,"farmer_unique_id":"3966116","site_id":1139},{"date":"2020-05-22","product":"COPERNICUS/S1_GRD","band":"VH","value":-18.3505,"farmer_unique_id":"3966116","site_id":1139},{"date":"2020-06-15","product":"COPERNICUS/S1_GRD","band":"VH","value":-13.1587,"farmer_unique_id":"3966116","site_id":1139},{"date":"2020-06-27","product":"COPERNICUS/S1_GRD","band":"VH","value":-16.1863,"farmer_unique_id":"3966116","site_id":1139},{"date":"2020-07-09","product":"COPERNICUS/S1_GRD","band":"VH","value":-19.6219,"farmer_unique_id":"3966116","site_id":1139},{"date":"2020-07-21","product":"COPERNICUS/S1_GRD","band":"VH","value":-15.6729,"farmer_unique_id":"3966116","site_id":1139},{"date":"2020-08-02","product":"COPERNICUS/S1_GRD","band":"VH","value":-18.9976,"farmer_unique_id":"3966116","site_id":1139},{"date":"2020-08-14","product":"COPERNICUS/S1_GRD","band":"VH","value":-20.4717,"farmer_unique_id":"3966116","site_id":1139},{"date":"2020-08-26","product":"COPERNICUS/S1_GRD","band":"VH","value":-19.3748,"farmer_unique_id":"3966116","site_id":1139},{"date":"2020-09-07","product":"COPERNICUS/S1_GRD","band":"VH","value":-21.5548,"farmer_unique_id":"3966116","site_id":1139},{"date":"2020-09-19","product":"COPERNICUS/S1_GRD","band":"VH","value":-20.3311,"farmer_unique_id":"3966116","site_id":1139},{"date":"2020-10-01","product":"COPERNICUS/S1_GRD","band":"VH","value":-20.0218,"farmer_unique_id":"3966116","site_id":1139},{"date":"2020-10-13","product":"COPERNICUS/S1_GRD","band":"VH","value":-18.52,"farmer_unique_id":"3966116","site_id":1139},{"date":"2020-10-25","product":"COPERNICUS/S1_GRD","band":"VH","value":-22.8618,"farmer_unique_id":"3966116","site_id":1139},{"date":"2020-11-06","product":"COPERNICUS/S1_GRD","band":"VH","value":-19.2007,"farmer_unique_id":"3966116","site_id":1139},{"date":"2020-11-18","product":"COPERNICUS/S1_GRD","band":"VH","value":-16.6326,"farmer_unique_id":"3966116","site_id":1139},{"date":"2020-11-30","product":"COPERNICUS/S1_GRD","band":"VH","value":-14.3838,"farmer_unique_id":"3966116","site_id":1139},{"date":"2020-12-12","product":"COPERNICUS/S1_GRD","band":"VH","value":-12.7953,"farmer_unique_id":"3966116","site_id":1139},{"date":"2020-12-24","product":"COPERNICUS/S1_GRD","band":"VH","value":-16.133,"farmer_unique_id":"3966116","site_id":1139},{"date":"2021-01-05","product":"COPERNICUS/S1_GRD","band":"VH","value":-13.8126,"farmer_unique_id":"3966116","site_id":1139},{"date":"2021-01-17","product":"COPERNICUS/S1_GRD","band":"VH","value":-15.2717,"farmer_unique_id":"3966116","site_id":1139},{"date":"2021-01-29","product":"COPERNICUS/S1_GRD","band":"VH","value":-15.4433,"farmer_unique_id":"3966116","site_id":1139},{"date":"2021-02-10","product":"COPERNICUS/S1_GRD","band":"VH","value":-15.8231,"farmer_unique_id":"3966116","site_id":1139},{"date":"2021-02-22","product":"COPERNICUS/S1_GRD","band":"VH","value":-16.4883,"farmer_unique_id":"3966116","site_id":1139},{"date":"2021-03-06","product":"COPERNICUS/S1_GRD","band":"VH","value":-16.1185,"farmer_unique_id":"3966116","site_id":1139},{"date":"2021-03-18","product":"COPERNICUS/S1_GRD","band":"VH","value":-19.7986,"farmer_unique_id":"3966116","site_id":1139},{"date":"2021-03-30","product":"COPERNICUS/S1_GRD","band":"VH","value":-16.5098,"farmer_unique_id":"3966116","site_id":1139},{"date":"2021-04-11","product":"COPERNICUS/S1_GRD","band":"VH","value":-16.5664,"farmer_unique_id":"3966116","site_id":1139},{"date":"2021-04-23","product":"COPERNICUS/S1_GRD","band":"VH","value":-15.7896,"farmer_unique_id":"3966116","site_id":1139},{"date":"2021-05-05","product":"COPERNICUS/S1_GRD","band":"VH","value":-16.8387,"farmer_unique_id":"3966116","site_id":1139},{"date":"2021-05-17","product":"COPERNICUS/S1_GRD","band":"VH","value":-13.4838,"farmer_unique_id":"3966116","site_id":1139},{"date":"2021-05-29","product":"COPERNICUS/S1_GRD","band":"VH","value":-15.3873,"farmer_unique_id":"3966116","site_id":1139},{"date":"2020-01-11","product":"COPERNICUS/S1_GRD","band":"VV","value":-7.2048,"farmer_unique_id":"3966116","site_id":1139},{"date":"2020-01-23","product":"COPERNICUS/S1_GRD","band":"VV","value":-12.6685,"farmer_unique_id":"3966116","site_id":1139},{"date":"2020-02-04","product":"COPERNICUS/S1_GRD","band":"VV","value":-5.9227,"farmer_unique_id":"3966116","site_id":1139},{"date":"2020-02-16","product":"COPERNICUS/S1_GRD","band":"VV","value":-11.1805,"farmer_unique_id":"3966116","site_id":1139},{"date":"2020-02-28","product":"COPERNICUS/S1_GRD","band":"VV","value":-11.8066,"farmer_unique_id":"3966116","site_id":1139},{"date":"2020-03-11","product":"COPERNICUS/S1_GRD","band":"VV","value":-7.167,"farmer_unique_id":"3966116","site_id":1139},{"date":"2020-03-23","product":"COPERNICUS/S1_GRD","band":"VV","value":-10.7267,"farmer_unique_id":"3966116","site_id":1139},{"date":"2020-04-04","product":"COPERNICUS/S1_GRD","band":"VV","value":-10.267,"farmer_unique_id":"3966116","site_id":1139},{"date":"2020-04-16","product":"COPERNICUS/S1_GRD","band":"VV","value":-7.6509,"farmer_unique_id":"3966116","site_id":1139},{"date":"2020-04-28","product":"COPERNICUS/S1_GRD","band":"VV","value":-9.9256,"farmer_unique_id":"3966116","site_id":1139},{"date":"2020-05-10","product":"COPERNICUS/S1_GRD","band":"VV","value":-8.3595,"farmer_unique_id":"3966116","site_id":1139},{"date":"2020-05-22","product":"COPERNICUS/S1_GRD","band":"VV","value":-9.1326,"farmer_unique_id":"3966116","site_id":1139},{"date":"2020-06-15","product":"COPERNICUS/S1_GRD","band":"VV","value":-10.3868,"farmer_unique_id":"3966116","site_id":1139},{"date":"2020-06-27","product":"COPERNICUS/S1_GRD","band":"VV","value":-11.9793,"farmer_unique_id":"3966116","site_id":1139},{"date":"2020-07-09","product":"COPERNICUS/S1_GRD","band":"VV","value":-8.8519,"farmer_unique_id":"3966116","site_id":1139},{"date":"2020-07-21","product":"COPERNICUS/S1_GRD","band":"VV","value":-8.6491,"farmer_unique_id":"3966116","site_id":1139},{"date":"2020-08-02","product":"COPERNICUS/S1_GRD","band":"VV","value":-7.8903,"farmer_unique_id":"3966116","site_id":1139},{"date":"2020-08-14","product":"COPERNICUS/S1_GRD","band":"VV","value":-13.496,"farmer_unique_id":"3966116","site_id":1139},{"date":"2020-08-26","product":"COPERNICUS/S1_GRD","band":"VV","value":-11.7659,"farmer_unique_id":"3966116","site_id":1139},{"date":"2020-09-07","product":"COPERNICUS/S1_GRD","band":"VV","value":-8.4359,"farmer_unique_id":"3966116","site_id":1139},{"date":"2020-09-19","product":"COPERNICUS/S1_GRD","band":"VV","value":-11.259,"farmer_unique_id":"3966116","site_id":1139},{"date":"2020-10-01","product":"COPERNICUS/S1_GRD","band":"VV","value":-11.9297,"farmer_unique_id":"3966116","site_id":1139},{"date":"2020-10-13","product":"COPERNICUS/S1_GRD","band":"VV","value":-9.7231,"farmer_unique_id":"3966116","site_id":1139},{"date":"2020-10-25","product":"COPERNICUS/S1_GRD","band":"VV","value":-10.5218,"farmer_unique_id":"3966116","site_id":1139},{"date":"2020-11-06","product":"COPERNICUS/S1_GRD","band":"VV","value":-8.1912,"farmer_unique_id":"3966116","site_id":1139},{"date":"2020-11-18","product":"COPERNICUS/S1_GRD","band":"VV","value":-10.1554,"farmer_unique_id":"3966116","site_id":1139},{"date":"2020-11-30","product":"COPERNICUS/S1_GRD","band":"VV","value":-7.833,"farmer_unique_id":"3966116","site_id":1139},{"date":"2020-12-12","product":"COPERNICUS/S1_GRD","band":"VV","value":-10.7839,"farmer_unique_id":"3966116","site_id":1139},{"date":"2020-12-24","product":"COPERNICUS/S1_GRD","band":"VV","value":-7.8058,"farmer_unique_id":"3966116","site_id":1139},{"date":"2021-01-05","product":"COPERNICUS/S1_GRD","band":"VV","value":-9.8779,"farmer_unique_id":"3966116","site_id":1139},{"date":"2021-01-17","product":"COPERNICUS/S1_GRD","band":"VV","value":-10.9452,"farmer_unique_id":"3966116","site_id":1139},{"date":"2021-01-29","product":"COPERNICUS/S1_GRD","band":"VV","value":-11.6033,"farmer_unique_id":"3966116","site_id":1139},{"date":"2021-02-10","product":"COPERNICUS/S1_GRD","band":"VV","value":-8.0761,"farmer_unique_id":"3966116","site_id":1139},{"date":"2021-02-22","product":"COPERNICUS/S1_GRD","band":"VV","value":-12.3466,"farmer_unique_id":"3966116","site_id":1139},{"date":"2021-03-06","product":"COPERNICUS/S1_GRD","band":"VV","value":-8.468,"farmer_unique_id":"3966116","site_id":1139},{"date":"2021-03-18","product":"COPERNICUS/S1_GRD","band":"VV","value":-8.8731,"farmer_unique_id":"3966116","site_id":1139},{"date":"2021-03-30","product":"COPERNICUS/S1_GRD","band":"VV","value":-13.0196,"farmer_unique_id":"3966116","site_id":1139},{"date":"2021-04-11","product":"COPERNICUS/S1_GRD","band":"VV","value":-8.527,"farmer_unique_id":"3966116","site_id":1139},{"date":"2021-04-23","product":"COPERNICUS/S1_GRD","band":"VV","value":-9.5686,"farmer_unique_id":"3966116","site_id":1139},{"date":"2021-05-05","product":"COPERNICUS/S1_GRD","band":"VV","value":-11.359,"farmer_unique_id":"3966116","site_id":1139},{"date":"2021-05-17","product":"COPERNICUS/S1_GRD","band":"VV","value":-8.3742,"farmer_unique_id":"3966116","site_id":1139},{"date":"2021-05-29","product":"COPERNICUS/S1_GRD","band":"VV","value":-9.6581,"farmer_unique_id":"3966116","site_id":1139}]
