[{"date":"2020-01-11","product":"COPERNICUS/S1_GRD","band":"VH","value":-20.7442,"farmer_unique_id":"MC026","site_id":2195},{"date":"2020-01-23","product":"COPERNICUS/S1_GRD","band":"VH","value":-16.8717,"farmer_unique_id":"MC026","site_id":2195},{"date":"2020-02-04","product":"COPERNICUS/S1_GRD","band":"VH","value":-14.7933,"farmer_unique_id":"MC026","site_id":2195},{"date":"2020-02-16","product":"COPERNICUS/S1_GRD","band":"VH","value":-19.2654,"farmer_unique_id":"MC026","site_id":2195},{"date":"2020-02-28","product":"COPERNICUS/S1_GRD","band":"VH","value":-18.7956,"farmer_unique_id":"MC026","site_id":2195},{"date":"2020-03-11","product":"COPERNICUS/S1_GRD","band":"VH","value":-13.0408,"farmer_unique_id":"MC026","site_id":2195},{"date":"2020-03-23","product":"COPERNICUS/S1_GRD","band":"VH","value":-16.7399,"farmer_unique_id":"MC026","site_id":2195},{"date":"2020-04-04","product":"COPERNICUS/S1_GRD","band":"VH","value":-13.8841,"farmer_unique_id":"MC026","site_id":2195},{"date":"2020-04-16","product":"COPERNICUS/S1_GRD","band":"VH","value":-15.5815,"farmer_unique_id":"MC026","site_id":2195},{"date":"2020-04-28","product":"COPERNICUS/S1_GRD","band":"VH","value":-16.7497,"farmer_unique_id":"MC026","site_id":2195},{"date":"2020-05-10","product":"COPERNICUS/S1_GRD","band":"VH","value":-14.6959,"farmer_unique_id":"MC026","site_id":2195},{"date":"2020-05-22","product":"COPERNICUS/S1_GRD","band":"VH","value":-23.0575,"farmer_unique_id":"MC026","site_id":2195},{"date":"2020-06-15","product":"COPERNICUS/S1_GRD","band":"VH","value":-17.5545,"farmer_unique_id":"MC026","site_id":2195},{"date":"2020-06-27","product":"COPERNICUS/S1_GRD","band":"VH","value":-15.569,"farmer_unique_id":"MC026","site_id":2195},{"date":"2020-07-09","product":"COPERNICUS/S1_GRD","band":"VH","value":-16.8724,"farmer_unique_id":"MC026","site_id":2195},{"date":"2020-07-21","product":"COPERNICUS/S1_GRD","band":"VH","value":-16.5472,"farmer_unique_id":"MC026","site_id":2195},{"date":"2020-08-02","product":"COPERNICUS/S1_GRD","band":"VH","value":-18.4131,"farmer_unique_id":"MC026","site_id":2195},{"date":"2020-08-14","product":"COPERNICUS/S1_GRD","band":"VH","value":-21.6629,"farmer_unique_id":"MC026","site_id":2195},{"date":"2020-08-26","product":"COPERNICUS/S1_GRD","band":"VH","value":-20.5236,"farmer_unique_id":"MC026","site_id":2195},{"date":"2020-09-07","product":"COPERNICUS/S1_GRD","band":"VH","value":-17.0524,"farmer_unique_id":"MC026","site_id":2195},{"date":"2020-09-19","product":"COPERNICUS/S1_GRD","band":"VH","value":-21.9957,"farmer_unique_id":"MC026","site_id":2195},{"date":"2020-10-01","product":"COPERNICUS/S1_GRD","band":"VH","value":-23.0418,"farmer_unique_id":"MC026","site_id":2195},{"date":"2020-10-13","product":"COPERNICUS/S1_GRD","band":"VH","value":-17.2603,"farmer_unique_id":"MC026","site_id":2195},{"date":"2020-10-25","product":"COPERNICUS/S1_GRD","band":"VH","value":-18.9606,"farmer_unique_id":"MC026","site_id":2195},{"date":"2020-11-06","product":"COPERNICUS/S1_GRD","band":"VH","value":-14.6236,"farmer_unique_id":"MC026","site_id":2195},{"date":"2020-11-18","product":"COPERNICUS/S1_GRD","band":"VH","value":-20.0309,"farmer_unique_id":"MC026","site_id":2195},{"date":"2020-11-30","product":"COPERNICUS/S1_GRD","band":"VH","value":-15.2015,"farmer_unique_id":"MC026","site_id":2195},{"date":"2020-12-12","product":"COPERNICUS/S1_GRD","band":"VH","value":-18.9175,"farmer_unique_id":"MC026","site_id":2195},{"date":"2020-12-24","product":"COPERNICUS/S1_GRD","band":"VH","value":-20.0307,"farmer_unique_id":"MC026","site_id":2195},{"date":"2021-01-05","product":"COPERNICUS/S1_GRD","band":"VH","value":-17.024,"farmer_unique_id":"MC026","site_id":2195},{"date":"2021-01-17","product":"COPERNICUS/S1_GRD","band":"VH","value":-19.2718,"farmer_unique_id":"MC026","site_id":2195},{"date":"2021-01-29","product":"COPERNICUS/S1_GRD","band":"VH","value":-15.6948,"farmer_unique_id":"MC026","site_id":2195},{"date":"2021-02-10","product":"COPERNICUS/S1_GRD","band":"VH","value":-18.2554,"farmer_unique_id":"MC026","site_id":2195},{"date":"2021-02-22","product":"COPERNICUS/S1_GRD","band":"VH","value":-18.0191,"farmer_unique_id":"MC026","site_id":2195},{"date":"2021-03-06","product":"COPERNICUS/S1_GRD","band":"VH","value":-21.8889,"farmer_unique_id":"MC026","site_id":2195},{"date":"2021-03-18","product":"COPERNICUS/S1_GRD","band":"VH","value":-21.4418,"farmer_unique_id":"MC026","site_id":2195},{"date":"2021-03-30","product":"COPERNICUS/S1_GRD","band":"VH","value":-17.9807,"farmer_unique_id":"MC026","site_id":2195},{"date":"2021-04-11","product":"COPERNICUS/S1_GRD","band":"VH","value":-15.6708,"farmer_unique_id":"MC026","site_id":2195},{"date":"2021-04-23","product":"COPERNICUS/S1_GRD","band":"VH","value":-10.7047,"farmer_unique_id":"MC026","site_id":2195},{"date":"2021-05-05","product":"COPERNICUS/S1_GRD","band":"VH","value":-17.7564,"farmer_unique_id":"MC026","site_id":2195},{"date":"2021-05-17","product":"COPERNICUS/S1_GRD","band":"VH","value":-7.3782,"farmer_unique_id":"MC026","site_id":2195},{"date":"2021-05-29","product":"COPERNICUS/S1_GRD","band":"VH","value":-17.798,"farmer_unique_id":"MC026","site_id":2195},{"date":"2020-01-11","product":"COPERNICUS/S1_GRD","band":"VV","value":-8.8753,"farmer_unique_id":"MC026","site_id":2195},{"date":"2020-01-23","product":"COPERNICUS/S1_GRD","band":"VV","value":-9.2059,"farmer_unique_id":"MC026","site_id":2195},{"date":"2020-02-04","product":"COPERNICUS/S1_GRD","band":"VV","value":-10.2795,"farmer_unique_id":"MC026","site_id":2195},{"date":"2020-02-16","product":"COPERNICUS/S1_GRD","band":"VV","value":-8.7093,"farmer_unique_id":"MC026","site_id":2195},{"date":"2020-02-28","product":"COPERNICUS/S1_GRD","band":"VV","value":-12.9022,"farmer_unique_id":"MC026","site_id":2195},{"date":"2020-03-11","product":"COPERNICUS/S1_GRD","band":"VV","value":-7.8464,"farmer_unique_id":"MC026","site_id":2195},{"date":"2020-03-23","product":"COPERNICUS/S1_GRD","band":"VV","value":-10.455,"farmer_unique_id":"MC026","site_id":2195},{"date":"2020-04-04","product":"COPERNICUS/S1_GRD","band":"VV","value":-10.8046,"farmer_unique_id":"MC026","site_id":2195},{"date":"2020-04-16","product":"COPERNICUS/S1_GRD","band":"VV","value":-7.1407,"farmer_unique_id":"MC026","site_id":2195},{"date":"2020-04-28","product":"COPERNICUS/S1_GRD","band":"VV","value":-10.6409,"farmer_unique_id":"MC026","site_id":2195},{"date":"2020-05-10","product":"COPERNICUS/S1_GRD","band":"VV","value":-10.2166,"farmer_unique_id":"MC026","site_id":2195},{"date":"2020-05-22","product":"COPERNICUS/S1_GRD","band":"VV","value":-11.159,"farmer_unique_id":"MC026","site_id":2195},{"date":"2020-06-15","product":"COPERNICUS/S1_GRD","band":"VV","value":-10.0355,"farmer_unique_id":"MC026","site_id":2195},{"date":"2020-06-27","product":"COPERNICUS/S1_GRD","band":"VV","value":-11.3675,"farmer_unique_id":"MC026","site_id":2195},{"date":"2020-07-09","product":"COPERNICUS/S1_GRD","band":"VV","value":-11.4642,"farmer_unique_id":"MC026","site_id":2195},{"date":"2020-07-21","product":"COPERNICUS/S1_GRD","band":"VV","value":-10.4217,"farmer_unique_id":"MC026","site_id":2195},{"date":"2020-08-02","product":"COPERNICUS/S1_GRD","band":"VV","value":-8.7741,"farmer_unique_id":"MC026","site_id":2195},{"date":"2020-08-14","product":"COPERNICUS/S1_GRD","band":"VV","value":-11.6488,"farmer_unique_id":"MC026","site_id":2195},{"date":"2020-08-26","product":"COPERNICUS/S1_GRD","band":"VV","value":-15.1183,"farmer_unique_id":"MC026","site_id":2195},{"date":"2020-09-07","product":"COPERNICUS/S1_GRD","band":"VV","value":-14.9326,"farmer_unique_id":"MC026","site_id":2195},{"date":"2020-09-19","product":"COPERNICUS/S1_GRD","band":"VV","value":-9.8696,"farmer_unique_id":"MC026","site_id":2195},{"date":"2020-10-01","product":"COPERNICUS/S1_GRD","band":"VV","value":-12.8481,"farmer_unique_id":"MC026","site_id":2195},{"date":"2020-10-13","product":"COPERNICUS/S1_GRD","band":"VV","value":-11.2347,"farmer_unique_id":"MC026","site_id":2195},{"date":"2020-10-25","product":"COPERNICUS/S1_GRD","band":"VV","value":-9.3184,"farmer_unique_id":"MC026","site_id":2195},{"date":"2020-11-06","product":"COPERNICUS/S1_GRD","band":"VV","value":-10.9425,"farmer_unique_id":"MC026","site_id":2195},{"date":"2020-11-18","product":"COPERNICUS/S1_GRD","band":"VV","value":-8.3931,"farmer_unique_id":"MC026","site_id":2195},{"date":"2020-11-30","product":"COPERNICUS/S1_GRD","band":"VV","value":-8.5204,"farmer_unique_id":"MC026","site_id":2195},{"date":"2020-12-12","product":"COPERNICUS/S1_GRD","band":"VV","value":-6.6604,"farmer_unique_id":"MC026","site_id":2195},{"date":"2020-12-24","product":"COPERNICUS/S1_GRD","band":"VV","value":-10.2177,"farmer_unique_id":"MC026","site_id":2195},{"date":"2021-01-05","product":"COPERNICUS/S1_GRD","band":"VV","value":-11.2166,"farmer_unique_id":"MC026","site_id":2195},{"date":"2021-01-17","product":"COPERNICUS/S1_GRD","band":"VV","value":-8.0207,"farmer_unique_id":"MC026","site_id":2195},{"date":"2021-01-29","product":"COPERNICUS/S1_GRD","band":"VV","value":-10.8207,"farmer_unique_id":"MC026","site_id":2195},{"date":"2021-02-10","product":"COPERNICUS/S1_GRD","band":"VV","value":-10.4322,"farmer_unique_id":"MC026","site_id":2195},{"date":"2021-02-22","product":"COPERNICUS/S1_GRD","band":"VV","value":-8.3747,"farmer_unique_id":"MC026","site_id":2195},{"date":"2021-03-06","product":"COPERNICUS/S1_GRD","band":"VV","value":-14.4705,"farmer_unique_id":"MC026","site_id":2195},{"date":"2021-03-18","product":"COPERNICUS/S1_GRD","band":"VV","value":-11.4205,"farmer_unique_id":"MC026","site_id":2195},{"date":"2021-03-30","product":"COPERNICUS/S1_GRD","band":"VV","value":-9.9341,"farmer_unique_id":"MC026","site_id":2195},{"date":"2021-04-11","product":"COPERNICUS/S1_GRD","band":"VV","value":-9.455,"farmer_unique_id":"MC026","site_id":2195},{"date":"2021-04-23","product":"COPERNICUS/S1_GRD","band":"VV","value":-4.6914,"farmer_unique_id":"MC026","site_id":2195},{"date":"2021-05-05","product":"COPERNICUS/S1_GRD","band":"VV","value":-9.7169,"farmer_unique_id":"MC026","site_id":2195},{"date":"2021-05-17","product":"COPERNICUS/S1_GRD","band":"VV","value":-6.9194,"farmer_unique_id":"MC026","site_id":2195},{"date":"2021-05-29","product":"COPERNICUS/S1_GRD","band":"VV","value":-10.0532,"farmer_unique_id":"MC026","site_id":2195}]
