[{"date":"2020-01-11","product":"COPERNICUS/S1_GRD","band":"VH","value":-14.7786,"farmer_unique_id":"ME3542","site_id":2427},{"date":"2020-01-23","product":"COPERNICUS/S1_GRD","band":"VH","value":-14.8478,"farmer_unique_id":"ME3542","site_id":2427},{"date":"2020-02-04","product":"COPERNICUS/S1_GRD","band":"VH","value":-12.9562,"farmer_unique_id":"ME3542","site_id":2427},{"date":"2020-02-16","product":"COPERNICUS/S1_GRD","band":"VH","value":-10.4685,"farmer_unique_id":"ME3542","site_id":2427},{"date":"2020-02-28","product":"COPERNICUS/S1_GRD","band":"VH","value":-16.3895,"farmer_unique_id":"ME3542","site_id":2427},{"date":"2020-03-11","product":"COPERNICUS/S1_GRD","band":"VH","value":-17.825,"farmer_unique_id":"ME3542","site_id":2427},{"date":"2020-03-23","product":"COPERNICUS/S1_GRD","band":"VH","value":-19.0841,"farmer_unique_id":"ME3542","site_id":2427},{"date":"2020-04-04","product":"COPERNICUS/S1_GRD","band":"VH","value":-21.4402,"farmer_unique_id":"ME3542","site_id":2427},{"date":"2020-04-16","product":"COPERNICUS/S1_GRD","band":"VH","value":-15.9768,"farmer_unique_id":"ME3542","site_id":2427},{"date":"2020-04-28","product":"COPERNICUS/S1_GRD","band":"VH","value":-13.9021,"farmer_unique_id":"ME3542","site_id":2427},{"date":"2020-05-10","product":"COPERNICUS/S1_GRD","band":"VH","value":-9.8338,"farmer_unique_id":"ME3542","site_id":2427},{"date":"2020-05-22","product":"COPERNICUS/S1_GRD","band":"VH","value":-14.9631,"farmer_unique_id":"ME3542","site_id":2427},{"date":"2020-06-03","product":"COPERNICUS/S1_GRD","band":"VH","value":-15.4966,"farmer_unique_id":"ME3542","site_id":2427},{"date":"2020-06-15","product":"COPERNICUS/S1_GRD","band":"VH","value":-14.6737,"farmer_unique_id":"ME3542","site_id":2427},{"date":"2020-06-27","product":"COPERNICUS/S1_GRD","band":"VH","value":-13.7231,"farmer_unique_id":"ME3542","site_id":2427},{"date":"2020-07-09","product":"COPERNICUS/S1_GRD","band":"VH","value":-12.3855,"farmer_unique_id":"ME3542","site_id":2427},{"date":"2020-07-21","product":"COPERNICUS/S1_GRD","band":"VH","value":-15.1281,"farmer_unique_id":"ME3542","site_id":2427},{"date":"2020-08-02","product":"COPERNICUS/S1_GRD","band":"VH","value":-19.0529,"farmer_unique_id":"ME3542","site_id":2427},{"date":"2020-08-14","product":"COPERNICUS/S1_GRD","band":"VH","value":-15.5208,"farmer_unique_id":"ME3542","site_id":2427},{"date":"2020-08-26","product":"COPERNICUS/S1_GRD","band":"VH","value":-17.3299,"farmer_unique_id":"ME3542","site_id":2427},{"date":"2020-09-07","product":"COPERNICUS/S1_GRD","band":"VH","value":-15.929,"farmer_unique_id":"ME3542","site_id":2427},{"date":"2020-09-19","product":"COPERNICUS/S1_GRD","band":"VH","value":-17.5221,"farmer_unique_id":"ME3542","site_id":2427},{"date":"2020-10-01","product":"COPERNICUS/S1_GRD","band":"VH","value":-18.2641,"farmer_unique_id":"ME3542","site_id":2427},{"date":"2020-10-13","product":"COPERNICUS/S1_GRD","band":"VH","value":-23.4964,"farmer_unique_id":"ME3542","site_id":2427},{"date":"2020-10-25","product":"COPERNICUS/S1_GRD","band":"VH","value":-22.6489,"farmer_unique_id":"ME3542","site_id":2427},{"date":"2020-11-06","product":"COPERNICUS/S1_GRD","band":"VH","value":-17.7952,"farmer_unique_id":"ME3542","site_id":2427},{"date":"2020-11-18","product":"COPERNICUS/S1_GRD","band":"VH","value":-19.0823,"farmer_unique_id":"ME3542","site_id":2427},{"date":"2020-11-30","product":"COPERNICUS/S1_GRD","band":"VH","value":-15.8933,"farmer_unique_id":"ME3542","site_id":2427},{"date":"2020-12-12","product":"COPERNICUS/S1_GRD","band":"VH","value":-20.1459,"farmer_unique_id":"ME3542","site_id":2427},{"date":"2020-12-24","product":"COPERNICUS/S1_GRD","band":"VH","value":-13.9602,"farmer_unique_id":"ME3542","site_id":2427},{"date":"2021-01-05","product":"COPERNICUS/S1_GRD","band":"VH","value":-14.6493,"farmer_unique_id":"ME3542","site_id":2427},{"date":"2021-01-17","product":"COPERNICUS/S1_GRD","band":"VH","value":-17.6377,"farmer_unique_id":"ME3542","site_id":2427},{"date":"2021-01-29","product":"COPERNICUS/S1_GRD","band":"VH","value":-17.6837,"farmer_unique_id":"ME3542","site_id":2427},{"date":"2021-02-10","product":"COPERNICUS/S1_GRD","band":"VH","value":-13.1238,"farmer_unique_id":"ME3542","site_id":2427},{"date":"2021-02-22","product":"COPERNICUS/S1_GRD","band":"VH","value":-15.6032,"farmer_unique_id":"ME3542","site_id":2427},{"date":"2021-03-06","product":"COPERNICUS/S1_GRD","band":"VH","value":-17.3326,"farmer_unique_id":"ME3542","site_id":2427},{"date":"2021-03-18","product":"COPERNICUS/S1_GRD","band":"VH","value":-23.2766,"farmer_unique_id":"ME3542","site_id":2427},{"date":"2021-03-30","product":"COPERNICUS/S1_GRD","band":"VH","value":-19.6932,"farmer_unique_id":"ME3542","site_id":2427},{"date":"2021-04-11","product":"COPERNICUS/S1_GRD","band":"VH","value":-17.3275,"farmer_unique_id":"ME3542","site_id":2427},{"date":"2021-04-23","product":"COPERNICUS/S1_GRD","band":"VH","value":-17.6775,"farmer_unique_id":"ME3542","site_id":2427},{"date":"2021-05-05","product":"COPERNICUS/S1_GRD","band":"VH","value":-15.7814,"farmer_unique_id":"ME3542","site_id":2427},{"date":"2021-05-17","product":"COPERNICUS/S1_GRD","band":"VH","value":-14.0625,"farmer_unique_id":"ME3542","site_id":2427},{"date":"2021-05-29","product":"COPERNICUS/S1_GRD","band":"VH","value":-15.7975,"farmer_unique_id":"ME3542","site_id":2427},{"date":"2020-01-11","product":"COPERNICUS/S1_GRD","band":"VV","value":-11.2432,"farmer_unique_id":"ME3542","site_id":2427},{"date":"2020-01-23","product":"COPERNICUS/S1_GRD","band":"VV","value":-10.3097,"farmer_unique_id":"ME3542","site_id":2427},{"date":"2020-02-04","product":"COPERNICUS/S1_GRD","band":"VV","value":-5.2491,"farmer_unique_id":"ME3542","site_id":2427},{"date":"2020-02-16","product":"COPERNICUS/S1_GRD","band":"VV","value":-6.8517,"farmer_unique_id":"ME3542","site_id":2427},{"date":"2020-02-28","product":"COPERNICUS/S1_GRD","band":"VV","value":-5.4218,"farmer_unique_id":"ME3542","site_id":2427},{"date":"2020-03-11","product":"COPERNICUS/S1_GRD","band":"VV","value":-9.4695,"farmer_unique_id":"ME3542","site_id":2427},{"date":"2020-03-23","product":"COPERNICUS/S1_GRD","band":"VV","value":-12.8394,"farmer_unique_id":"ME3542","site_id":2427},{"date":"2020-04-04","product":"COPERNICUS/S1_GRD","band":"VV","value":-15.9093,"farmer_unique_id":"ME3542","site_id":2427},{"date":"2020-04-16","product":"COPERNICUS/S1_GRD","band":"VV","value":-7.4648,"farmer_unique_id":"ME3542","site_id":2427},{"date":"2020-04-28","product":"COPERNICUS/S1_GRD","band":"VV","value":-9.0635,"farmer_unique_id":"ME3542","site_id":2427},{"date":"2020-05-10","product":"COPERNICUS/S1_GRD","band":"VV","value":-6.5244,"farmer_unique_id":"ME3542","site_id":2427},{"date":"2020-05-22","product":"COPERNICUS/S1_GRD","band":"VV","value":-13.2014,"farmer_unique_id":"ME3542","site_id":2427},{"date":"2020-06-03","product":"COPERNICUS/S1_GRD","band":"VV","value":-8.2068,"farmer_unique_id":"ME3542","site_id":2427},{"date":"2020-06-15","product":"COPERNICUS/S1_GRD","band":"VV","value":-9.0276,"farmer_unique_id":"ME3542","site_id":2427},{"date":"2020-06-27","product":"COPERNICUS/S1_GRD","band":"VV","value":-9.4346,"farmer_unique_id":"ME3542","site_id":2427},{"date":"2020-07-09","product":"COPERNICUS/S1_GRD","band":"VV","value":-13.3897,"farmer_unique_id":"ME3542","site_id":2427},{"date":"2020-07-21","product":"COPERNICUS/S1_GRD","band":"VV","value":-11.1872,"farmer_unique_id":"ME3542","site_id":2427},{"date":"2020-08-02","product":"COPERNICUS/S1_GRD","band":"VV","value":-11.5872,"farmer_unique_id":"ME3542","site_id":2427},{"date":"2020-08-14","product":"COPERNICUS/S1_GRD","band":"VV","value":-7.7589,"farmer_unique_id":"ME3542","site_id":2427},{"date":"2020-08-26","product":"COPERNICUS/S1_GRD","band":"VV","value":-9.0861,"farmer_unique_id":"ME3542","site_id":2427},{"date":"2020-09-07","product":"COPERNICUS/S1_GRD","band":"VV","value":-11.3248,"farmer_unique_id":"ME3542","site_id":2427},{"date":"2020-09-19","product":"COPERNICUS/S1_GRD","band":"VV","value":-11.8368,"farmer_unique_id":"ME3542","site_id":2427},{"date":"2020-10-01","product":"COPERNICUS/S1_GRD","band":"VV","value":-11.406,"farmer_unique_id":"ME3542","site_id":2427},{"date":"2020-10-13","product":"COPERNICUS/S1_GRD","band":"VV","value":-9.9888,"farmer_unique_id":"ME3542","site_id":2427},{"date":"2020-10-25","product":"COPERNICUS/S1_GRD","band":"VV","value":-13.7969,"farmer_unique_id":"ME3542","site_id":2427},{"date":"2020-11-06","product":"COPERNICUS/S1_GRD","band":"VV","value":-9.1223,"farmer_unique_id":"ME3542","site_id":2427},{"date":"2020-11-18","product":"COPERNICUS/S1_GRD","band":"VV","value":-11.6934,"farmer_unique_id":"ME3542","site_id":2427},{"date":"2020-11-30","product":"COPERNICUS/S1_GRD","band":"VV","value":-7.5947,"farmer_unique_id":"ME3542","site_id":2427},{"date":"2020-12-12","product":"COPERNICUS/S1_GRD","band":"VV","value":-7.1599,"farmer_unique_id":"ME3542","site_id":2427},{"date":"2020-12-24","product":"COPERNICUS/S1_GRD","band":"VV","value":-4.1122,"farmer_unique_id":"ME3542","site_id":2427},{"date":"2021-01-05","product":"COPERNICUS/S1_GRD","band":"VV","value":-9.3973,"farmer_unique_id":"ME3542","site_id":2427},{"date":"2021-01-17","product":"COPERNICUS/S1_GRD","band":"VV","value":-7.9974,"farmer_unique_id":"ME3542","site_id":2427},{"date":"2021-01-29","product":"COPERNICUS/S1_GRD","band":"VV","value":-12.6658,"farmer_unique_id":"ME3542","site_id":2427},{"date":"2021-02-10","product":"COPERNICUS/S1_GRD","band":"VV","value":-10.138,"farmer_unique_id":"ME3542","site_id":2427},{"date":"2021-02-22","product":"COPERNICUS/S1_GRD","band":"VV","value":-9.2487,"farmer_unique_id":"ME3542","site_id":2427},{"date":"2021-03-06","product":"COPERNICUS/S1_GRD","band":"VV","value":-12.8657,"farmer_unique_id":"ME3542","site_id":2427},{"date":"2021-03-18","product":"COPERNICUS/S1_GRD","band":"VV","value":-9.9915,"farmer_unique_id":"ME3542","site_id":2427},{"date":"2021-03-30","product":"COPERNICUS/S1_GRD","band":"VV","value":-10.5581,"farmer_unique_id":"ME3542","site_id":2427},{"date":"2021-04-11","product":"COPERNICUS/S1_GRD","band":"VV","value":-13.3765,"farmer_unique_id":"ME3542","site_id":2427},{"date":"2021-04-23","product":"COPERNICUS/S1_GRD","band":"VV","value":-11.6867,"farmer_unique_id":"ME3542","site_id":2427},{"date":"2021-05-05","product":"COPERNICUS/S1_GRD","band":"VV","value":-7.7635,"farmer_unique_id":"ME3542","site_id":2427},{"date":"2021-05-17","product":"COPERNICUS/S1_GRD","band":"VV","value":-9.7175,"farmer_unique_id":"ME3542","site_id":2427},{"date":"2021-05-29","product":"COPERNICUS/S1_GRD","band":"VV","value":-13.8408,"farmer_unique_id":"ME3542","site_id":2427}]
