[{"date":"2020-01-11","product":"COPERNICUS/S1_GRD","band":"VH","value":-14.8176,"farmer_unique_id":"1882770","site_id":1698},{"date":"2020-01-23","product":"COPERNICUS/S1_GRD","band":"VH","value":-11.1145,"farmer_unique_id":"1882770","site_id":1698},{"date":"2020-02-04","product":"COPERNICUS/S1_GRD","band":"VH","value":-15.3323,"farmer_unique_id":"1882770","site_id":1698},{"date":"2020-02-16","product":"COPERNICUS/S1_GRD","band":"VH","value":-11.606,"farmer_unique_id":"1882770","site_id":1698},{"date":"2020-02-28","product":"COPERNICUS/S1_GRD","band":"VH","value":-14.7939,"farmer_unique_id":"1882770","site_id":1698},{"date":"2020-03-11","product":"COPERNICUS/S1_GRD","band":"VH","value":-18.1905,"farmer_unique_id":"1882770","site_id":1698},{"date":"2020-03-23","product":"COPERNICUS/S1_GRD","band":"VH","value":-12.499,"farmer_unique_id":"1882770","site_id":1698},{"date":"2020-04-04","product":"COPERNICUS/S1_GRD","band":"VH","value":-11.8366,"farmer_unique_id":"1882770","site_id":1698},{"date":"2020-04-16","product":"COPERNICUS/S1_GRD","band":"VH","value":-14.5009,"farmer_unique_id":"1882770","site_id":1698},{"date":"2020-04-28","product":"COPERNICUS/S1_GRD","band":"VH","value":-9.9827,"farmer_unique_id":"1882770","site_id":1698},{"date":"2020-05-10","product":"COPERNICUS/S1_GRD","band":"VH","value":-12.0414,"farmer_unique_id":"1882770","site_id":1698},{"date":"2020-05-22","product":"COPERNICUS/S1_GRD","band":"VH","value":-12.506,"farmer_unique_id":"1882770","site_id":1698},{"date":"2020-06-03","product":"COPERNICUS/S1_GRD","band":"VH","value":-11.0682,"farmer_unique_id":"1882770","site_id":1698},{"date":"2020-06-15","product":"COPERNICUS/S1_GRD","band":"VH","value":-13.348,"farmer_unique_id":"1882770","site_id":1698},{"date":"2020-06-27","product":"COPERNICUS/S1_GRD","band":"VH","value":-19.4452,"farmer_unique_id":"1882770","site_id":1698},{"date":"2020-07-09","product":"COPERNICUS/S1_GRD","band":"VH","value":-16.0459,"farmer_unique_id":"1882770","site_id":1698},{"date":"2020-07-21","product":"COPERNICUS/S1_GRD","band":"VH","value":-13.6973,"farmer_unique_id":"1882770","site_id":1698},{"date":"2020-08-02","product":"COPERNICUS/S1_GRD","band":"VH","value":-17.0232,"farmer_unique_id":"1882770","site_id":1698},{"date":"2020-08-14","product":"COPERNICUS/S1_GRD","band":"VH","value":-14.4853,"farmer_unique_id":"1882770","site_id":1698},{"date":"2020-08-26","product":"COPERNICUS/S1_GRD","band":"VH","value":-17.3954,"farmer_unique_id":"1882770","site_id":1698},{"date":"2020-09-07","product":"COPERNICUS/S1_GRD","band":"VH","value":-12.6345,"farmer_unique_id":"1882770","site_id":1698},{"date":"2020-09-19","product":"COPERNICUS/S1_GRD","band":"VH","value":-13.9125,"farmer_unique_id":"1882770","site_id":1698},{"date":"2020-10-01","product":"COPERNICUS/S1_GRD","band":"VH","value":-18.4213,"farmer_unique_id":"1882770","site_id":1698},{"date":"2020-10-13","product":"COPERNICUS/S1_GRD","band":"VH","value":-15.8169,"farmer_unique_id":"1882770","site_id":1698},{"date":"2020-10-25","product":"COPERNICUS/S1_GRD","band":"VH","value":-16.2323,"farmer_unique_id":"1882770","site_id":1698},{"date":"2020-11-06","product":"COPERNICUS/S1_GRD","band":"VH","value":-15.5729,"farmer_unique_id":"1882770","site_id":1698},{"date":"2020-11-18","product":"COPERNICUS/S1_GRD","band":"VH","value":-15.004,"farmer_unique_id":"1882770","site_id":1698},{"date":"2020-11-30","product":"COPERNICUS/S1_GRD","band":"VH","value":-18.6133,"farmer_unique_id":"1882770","site_id":1698},{"date":"2020-12-12","product":"COPERNICUS/S1_GRD","band":"VH","value":-16.8962,"farmer_unique_id":"1882770","site_id":1698},{"date":"2020-12-24","product":"COPERNICUS/S1_GRD","band":"VH","value":-17.5041,"farmer_unique_id":"1882770","site_id":1698},{"date":"2021-01-05","product":"COPERNICUS/S1_GRD","band":"VH","value":-16.1356,"farmer_unique_id":"1882770","site_id":1698},{"date":"2021-01-17","product":"COPERNICUS/S1_GRD","band":"VH","value":-13.683,"farmer_unique_id":"1882770","site_id":1698},{"date":"2021-01-29","product":"COPERNICUS/S1_GRD","band":"VH","value":-20.3749,"farmer_unique_id":"1882770","site_id":1698},{"date":"2021-02-10","product":"COPERNICUS/S1_GRD","band":"VH","value":-14.4395,"farmer_unique_id":"1882770","site_id":1698},{"date":"2021-02-22","product":"COPERNICUS/S1_GRD","band":"VH","value":-15.3912,"farmer_unique_id":"1882770","site_id":1698},{"date":"2021-03-06","product":"COPERNICUS/S1_GRD","band":"VH","value":-13.3466,"farmer_unique_id":"1882770","site_id":1698},{"date":"2021-03-18","product":"COPERNICUS/S1_GRD","band":"VH","value":-15.4699,"farmer_unique_id":"1882770","site_id":1698},{"date":"2021-03-30","product":"COPERNICUS/S1_GRD","band":"VH","value":-11.8471,"farmer_unique_id":"1882770","site_id":1698},{"date":"2021-04-11","product":"COPERNICUS/S1_GRD","band":"VH","value":-17.1382,"farmer_unique_id":"1882770","site_id":1698},{"date":"2021-04-23","product":"COPERNICUS/S1_GRD","band":"VH","value":-14.7457,"farmer_unique_id":"1882770","site_id":1698},{"date":"2021-05-05","product":"COPERNICUS/S1_GRD","band":"VH","value":-12.8469,"farmer_unique_id":"1882770","site_id":1698},{"date":"2021-05-17","product":"COPERNICUS/S1_GRD","band":"VH","value":-11.6254,"farmer_unique_id":"1882770","site_id":1698},{"date":"2021-05-29","product":"COPERNICUS/S1_GRD","band":"VH","value":-17.6501,"farmer_unique_id":"1882770","site_id":1698},{"date":"2020-01-11","product":"COPERNICUS/S1_GRD","band":"VV","value":-7.1978,"farmer_unique_id":"1882770","site_id":1698},{"date":"2020-01-23","product":"COPERNICUS/S1_GRD","band":"VV","value":-6.7036,"farmer_unique_id":"1882770","site_id":1698},{"date":"2020-02-04","product":"COPERNICUS/S1_GRD","band":"VV","value":-7.6644,"farmer_unique_id":"1882770","site_id":1698},{"date":"2020-02-16","product":"COPERNICUS/S1_GRD","band":"VV","value":-6.0282,"farmer_unique_id":"1882770","site_id":1698},{"date":"2020-02-28","product":"COPERNICUS/S1_GRD","band":"VV","value":-8.3491,"farmer_unique_id":"1882770","site_id":1698},{"date":"2020-03-11","product":"COPERNICUS/S1_GRD","band":"VV","value":-10.3923,"farmer_unique_id":"1882770","site_id":1698},{"date":"2020-03-23","product":"COPERNICUS/S1_GRD","band":"VV","value":-6.8973,"farmer_unique_id":"1882770","site_id":1698},{"date":"2020-04-04","product":"COPERNICUS/S1_GRD","band":"VV","value":-7.7158,"farmer_unique_id":"1882770","site_id":1698},{"date":"2020-04-16","product":"COPERNICUS/S1_GRD","band":"VV","value":-8.8467,"farmer_unique_id":"1882770","site_id":1698},{"date":"2020-04-28","product":"COPERNICUS/S1_GRD","band":"VV","value":-6.2652,"farmer_unique_id":"1882770","site_id":1698},{"date":"2020-05-10","product":"COPERNICUS/S1_GRD","band":"VV","value":-8.0663,"farmer_unique_id":"1882770","site_id":1698},{"date":"2020-05-22","product":"COPERNICUS/S1_GRD","band":"VV","value":-8.0449,"farmer_unique_id":"1882770","site_id":1698},{"date":"2020-06-03","product":"COPERNICUS/S1_GRD","band":"VV","value":-10.9252,"farmer_unique_id":"1882770","site_id":1698},{"date":"2020-06-15","product":"COPERNICUS/S1_GRD","band":"VV","value":-9.1967,"farmer_unique_id":"1882770","site_id":1698},{"date":"2020-06-27","product":"COPERNICUS/S1_GRD","band":"VV","value":-6.4844,"farmer_unique_id":"1882770","site_id":1698},{"date":"2020-07-09","product":"COPERNICUS/S1_GRD","band":"VV","value":-9.1882,"farmer_unique_id":"1882770","site_id":1698},{"date":"2020-07-21","product":"COPERNICUS/S1_GRD","band":"VV","value":-10.5306,"farmer_unique_id":"1882770","site_id":1698},{"date":"2020-08-02","product":"COPERNICUS/S1_GRD","band":"VV","value":-9.214,"farmer_unique_id":"1882770","site_id":1698},{"date":"2020-08-14","product":"COPERNICUS/S1_GRD","band":"VV","value":-9.3641,"farmer_unique_id":"1882770","site_id":1698},{"date":"2020-08-26","product":"COPERNICUS/S1_GRD","band":"VV","value":-6.514,"farmer_unique_id":"1882770","site_id":1698},{"date":"2020-09-07","product":"COPERNICUS/S1_GRD","band":"VV","value":-7.586,"farmer_unique_id":"1882770","site_id":1698},{"date":"2020-09-19","product":"COPERNICUS/S1_GRD","band":"VV","value":-7.7459,"farmer_unique_id":"1882770","site_id":1698},{"date":"2020-10-01","product":"COPERNICUS/S1_GRD","band":"VV","value":-9.0733,"farmer_unique_id":"1882770","site_id":1698},{"date":"2020-10-13","product":"COPERNICUS/S1_GRD","band":"VV","value":-7.8803,"farmer_unique_id":"1882770","site_id":1698},{"date":"2020-10-25","product":"COPERNICUS/S1_GRD","band":"VV","value":-8.5066,"farmer_unique_id":"1882770","site_id":1698},{"date":"2020-11-06","product":"COPERNICUS/S1_GRD","band":"VV","value":-7.7945,"farmer_unique_id":"1882770","site_id":1698},{"date":"2020-11-18","product":"COPERNICUS/S1_GRD","band":"VV","value":-10.8248,"farmer_unique_id":"1882770","site_id":1698},{"date":"2020-11-30","product":"COPERNICUS/S1_GRD","band":"VV","value":-8.5045,"farmer_unique_id":"1882770","site_id":1698},{"date":"2020-12-12","product":"COPERNICUS/S1_GRD","band":"VV","value":-10.5649,"farmer_unique_id":"1882770","site_id":1698},{"date":"2020-12-24","product":"COPERNICUS/S1_GRD","band":"VV","value":-8.8908,"farmer_unique_id":"1882770","site_id":1698},{"date":"2021-01-05","product":"COPERNICUS/S1_GRD","band":"VV","value":-6.8787,"farmer_unique_id":"1882770","site_id":1698},{"date":"2021-01-17","product":"COPERNICUS/S1_GRD","band":"VV","value":-9.4304,"farmer_unique_id":"1882770","site_id":1698},{"date":"2021-01-29","product":"COPERNICUS/S1_GRD","band":"VV","value":-10.0297,"farmer_unique_id":"1882770","site_id":1698},{"date":"2021-02-10","product":"COPERNICUS/S1_GRD","band":"VV","value":-7.6674,"farmer_unique_id":"1882770","site_id":1698},{"date":"2021-02-22","product":"COPERNICUS/S1_GRD","band":"VV","value":-7.1169,"farmer_unique_id":"1882770","site_id":1698},{"date":"2021-03-06","product":"COPERNICUS/S1_GRD","band":"VV","value":-10.7888,"farmer_unique_id":"1882770","site_id":1698},{"date":"2021-03-18","product":"COPERNICUS/S1_GRD","band":"VV","value":-9.8312,"farmer_unique_id":"1882770","site_id":1698},{"date":"2021-03-30","product":"COPERNICUS/S1_GRD","band":"VV","value":-10.3283,"farmer_unique_id":"1882770","site_id":1698},{"date":"2021-04-11","product":"COPERNICUS/S1_GRD","band":"VV","value":-11.819,"farmer_unique_id":"1882770","site_id":1698},{"date":"2021-04-23","product":"COPERNICUS/S1_GRD","band":"VV","value":-9.4904,"farmer_unique_id":"1882770","site_id":1698},{"date":"2021-05-05","product":"COPERNICUS/S1_GRD","band":"VV","value":-12.0572,"farmer_unique_id":"1882770","site_id":1698},{"date":"2021-05-17","product":"COPERNICUS/S1_GRD","band":"VV","value":-10.992,"farmer_unique_id":"1882770","site_id":1698},{"date":"2021-05-29","product":"COPERNICUS/S1_GRD","band":"VV","value":-14.9029,"farmer_unique_id":"1882770","site_id":1698}]
