[{"date":"2020-01-11","product":"COPERNICUS/S1_GRD","band":"VH","value":-15.927,"farmer_unique_id":"1578226","site_id":5456},{"date":"2020-01-23","product":"COPERNICUS/S1_GRD","band":"VH","value":-15.4195,"farmer_unique_id":"1578226","site_id":5456},{"date":"2020-02-04","product":"COPERNICUS/S1_GRD","band":"VH","value":-15.2069,"farmer_unique_id":"1578226","site_id":5456},{"date":"2020-02-16","product":"COPERNICUS/S1_GRD","band":"VH","value":-16.5521,"farmer_unique_id":"1578226","site_id":5456},{"date":"2020-02-28","product":"COPERNICUS/S1_GRD","band":"VH","value":-14.9967,"farmer_unique_id":"1578226","site_id":5456},{"date":"2020-03-11","product":"COPERNICUS/S1_GRD","band":"VH","value":-18.0597,"farmer_unique_id":"1578226","site_id":5456},{"date":"2020-03-23","product":"COPERNICUS/S1_GRD","band":"VH","value":-16.2512,"farmer_unique_id":"1578226","site_id":5456},{"date":"2020-04-04","product":"COPERNICUS/S1_GRD","band":"VH","value":-16.2226,"farmer_unique_id":"1578226","site_id":5456},{"date":"2020-04-16","product":"COPERNICUS/S1_GRD","band":"VH","value":-17.8257,"farmer_unique_id":"1578226","site_id":5456},{"date":"2020-04-28","product":"COPERNICUS/S1_GRD","band":"VH","value":-18.9321,"farmer_unique_id":"1578226","site_id":5456},{"date":"2020-05-10","product":"COPERNICUS/S1_GRD","band":"VH","value":-13.9147,"farmer_unique_id":"1578226","site_id":5456},{"date":"2020-05-22","product":"COPERNICUS/S1_GRD","band":"VH","value":-16.4234,"farmer_unique_id":"1578226","site_id":5456},{"date":"2020-06-15","product":"COPERNICUS/S1_GRD","band":"VH","value":-13.2935,"farmer_unique_id":"1578226","site_id":5456},{"date":"2020-06-27","product":"COPERNICUS/S1_GRD","band":"VH","value":-16.5115,"farmer_unique_id":"1578226","site_id":5456},{"date":"2020-07-09","product":"COPERNICUS/S1_GRD","band":"VH","value":-15.3423,"farmer_unique_id":"1578226","site_id":5456},{"date":"2020-07-21","product":"COPERNICUS/S1_GRD","band":"VH","value":-18.0034,"farmer_unique_id":"1578226","site_id":5456},{"date":"2020-08-02","product":"COPERNICUS/S1_GRD","band":"VH","value":-22.784,"farmer_unique_id":"1578226","site_id":5456},{"date":"2020-08-14","product":"COPERNICUS/S1_GRD","band":"VH","value":-14.64,"farmer_unique_id":"1578226","site_id":5456},{"date":"2020-08-26","product":"COPERNICUS/S1_GRD","band":"VH","value":-16.6181,"farmer_unique_id":"1578226","site_id":5456},{"date":"2020-09-07","product":"COPERNICUS/S1_GRD","band":"VH","value":-15.7669,"farmer_unique_id":"1578226","site_id":5456},{"date":"2020-09-19","product":"COPERNICUS/S1_GRD","band":"VH","value":-18.1887,"farmer_unique_id":"1578226","site_id":5456},{"date":"2020-10-01","product":"COPERNICUS/S1_GRD","band":"VH","value":-17.1442,"farmer_unique_id":"1578226","site_id":5456},{"date":"2020-10-13","product":"COPERNICUS/S1_GRD","band":"VH","value":-16.0329,"farmer_unique_id":"1578226","site_id":5456},{"date":"2020-10-25","product":"COPERNICUS/S1_GRD","band":"VH","value":-20.7154,"farmer_unique_id":"1578226","site_id":5456},{"date":"2020-11-06","product":"COPERNICUS/S1_GRD","band":"VH","value":-15.0997,"farmer_unique_id":"1578226","site_id":5456},{"date":"2020-11-18","product":"COPERNICUS/S1_GRD","band":"VH","value":-17.0363,"farmer_unique_id":"1578226","site_id":5456},{"date":"2020-11-30","product":"COPERNICUS/S1_GRD","band":"VH","value":-19.8148,"farmer_unique_id":"1578226","site_id":5456},{"date":"2020-12-12","product":"COPERNICUS/S1_GRD","band":"VH","value":-16.4043,"farmer_unique_id":"1578226","site_id":5456},{"date":"2020-12-24","product":"COPERNICUS/S1_GRD","band":"VH","value":-19.9031,"farmer_unique_id":"1578226","site_id":5456},{"date":"2021-01-05","product":"COPERNICUS/S1_GRD","band":"VH","value":-19.8649,"farmer_unique_id":"1578226","site_id":5456},{"date":"2021-01-17","product":"COPERNICUS/S1_GRD","band":"VH","value":-18.4144,"farmer_unique_id":"1578226","site_id":5456},{"date":"2021-01-29","product":"COPERNICUS/S1_GRD","band":"VH","value":-17.4266,"farmer_unique_id":"1578226","site_id":5456},{"date":"2021-02-10","product":"COPERNICUS/S1_GRD","band":"VH","value":-20.0304,"farmer_unique_id":"1578226","site_id":5456},{"date":"2021-02-22","product":"COPERNICUS/S1_GRD","band":"VH","value":-20.2361,"farmer_unique_id":"1578226","site_id":5456},{"date":"2021-03-06","product":"COPERNICUS/S1_GRD","band":"VH","value":-15.267,"farmer_unique_id":"1578226","site_id":5456},{"date":"2021-03-18","product":"COPERNICUS/S1_GRD","band":"VH","value":-22.1497,"farmer_unique_id":"1578226","site_id":5456},{"date":"2021-03-30","product":"COPERNICUS/S1_GRD","band":"VH","value":-17.921,"farmer_unique_id":"1578226","site_id":5456},{"date":"2021-04-11","product":"COPERNICUS/S1_GRD","band":"VH","value":-14.6622,"farmer_unique_id":"1578226","site_id":5456},{"date":"2021-04-23","product":"COPERNICUS/S1_GRD","band":"VH","value":-15.3589,"farmer_unique_id":"1578226","site_id":5456},{"date":"2021-05-05","product":"COPERNICUS/S1_GRD","band":"VH","value":-14.8573,"farmer_unique_id":"1578226","site_id":5456},{"date":"2021-05-17","product":"COPERNICUS/S1_GRD","band":"VH","value":-16.9378,"farmer_unique_id":"1578226","site_id":5456},{"date":"2021-05-29","product":"COPERNICUS/S1_GRD","band":"VH","value":-11.7711,"farmer_unique_id":"1578226","site_id":5456},{"date":"2020-01-11","product":"COPERNICUS/S1_GRD","band":"VV","value":-9.6314,"farmer_unique_id":"1578226","site_id":5456},{"date":"2020-01-23","product":"COPERNICUS/S1_GRD","band":"VV","value":-8.5671,"farmer_unique_id":"1578226","site_id":5456},{"date":"2020-02-04","product":"COPERNICUS/S1_GRD","band":"VV","value":-13.925,"farmer_unique_id":"1578226","site_id":5456},{"date":"2020-02-16","product":"COPERNICUS/S1_GRD","band":"VV","value":-9.2504,"farmer_unique_id":"1578226","site_id":5456},{"date":"2020-02-28","product":"COPERNICUS/S1_GRD","band":"VV","value":-11.0978,"farmer_unique_id":"1578226","site_id":5456},{"date":"2020-03-11","product":"COPERNICUS/S1_GRD","band":"VV","value":-6.7992,"farmer_unique_id":"1578226","site_id":5456},{"date":"2020-03-23","product":"COPERNICUS/S1_GRD","band":"VV","value":-9.3823,"farmer_unique_id":"1578226","site_id":5456},{"date":"2020-04-04","product":"COPERNICUS/S1_GRD","band":"VV","value":-6.484,"farmer_unique_id":"1578226","site_id":5456},{"date":"2020-04-16","product":"COPERNICUS/S1_GRD","band":"VV","value":-2.4927,"farmer_unique_id":"1578226","site_id":5456},{"date":"2020-04-28","product":"COPERNICUS/S1_GRD","band":"VV","value":-5.9006,"farmer_unique_id":"1578226","site_id":5456},{"date":"2020-05-10","product":"COPERNICUS/S1_GRD","band":"VV","value":-11.8157,"farmer_unique_id":"1578226","site_id":5456},{"date":"2020-05-22","product":"COPERNICUS/S1_GRD","band":"VV","value":-13.069,"farmer_unique_id":"1578226","site_id":5456},{"date":"2020-06-15","product":"COPERNICUS/S1_GRD","band":"VV","value":-5.8827,"farmer_unique_id":"1578226","site_id":5456},{"date":"2020-06-27","product":"COPERNICUS/S1_GRD","band":"VV","value":-14.0979,"farmer_unique_id":"1578226","site_id":5456},{"date":"2020-07-09","product":"COPERNICUS/S1_GRD","band":"VV","value":-10.7928,"farmer_unique_id":"1578226","site_id":5456},{"date":"2020-07-21","product":"COPERNICUS/S1_GRD","band":"VV","value":-10.605,"farmer_unique_id":"1578226","site_id":5456},{"date":"2020-08-02","product":"COPERNICUS/S1_GRD","band":"VV","value":-7.4361,"farmer_unique_id":"1578226","site_id":5456},{"date":"2020-08-14","product":"COPERNICUS/S1_GRD","band":"VV","value":-11.4418,"farmer_unique_id":"1578226","site_id":5456},{"date":"2020-08-26","product":"COPERNICUS/S1_GRD","band":"VV","value":-9.9123,"farmer_unique_id":"1578226","site_id":5456},{"date":"2020-09-07","product":"COPERNICUS/S1_GRD","band":"VV","value":-7.6145,"farmer_unique_id":"1578226","site_id":5456},{"date":"2020-09-19","product":"COPERNICUS/S1_GRD","band":"VV","value":-11.6113,"farmer_unique_id":"1578226","site_id":5456},{"date":"2020-10-01","product":"COPERNICUS/S1_GRD","band":"VV","value":-10.872,"farmer_unique_id":"1578226","site_id":5456},{"date":"2020-10-13","product":"COPERNICUS/S1_GRD","band":"VV","value":-10.0649,"farmer_unique_id":"1578226","site_id":5456},{"date":"2020-10-25","product":"COPERNICUS/S1_GRD","band":"VV","value":-12.3753,"farmer_unique_id":"1578226","site_id":5456},{"date":"2020-11-06","product":"COPERNICUS/S1_GRD","band":"VV","value":-6.1174,"farmer_unique_id":"1578226","site_id":5456},{"date":"2020-11-18","product":"COPERNICUS/S1_GRD","band":"VV","value":-7.6914,"farmer_unique_id":"1578226","site_id":5456},{"date":"2020-11-30","product":"COPERNICUS/S1_GRD","band":"VV","value":-5.6334,"farmer_unique_id":"1578226","site_id":5456},{"date":"2020-12-12","product":"COPERNICUS/S1_GRD","band":"VV","value":-9.1679,"farmer_unique_id":"1578226","site_id":5456},{"date":"2020-12-24","product":"COPERNICUS/S1_GRD","band":"VV","value":-10.3306,"farmer_unique_id":"1578226","site_id":5456},{"date":"2021-01-05","product":"COPERNICUS/S1_GRD","band":"VV","value":-14.1376,"farmer_unique_id":"1578226","site_id":5456},{"date":"2021-01-17","product":"COPERNICUS/S1_GRD","band":"VV","value":-11.3967,"farmer_unique_id":"1578226","site_id":5456},{"date":"2021-01-29","product":"COPERNICUS/S1_GRD","band":"VV","value":-12.1896,"farmer_unique_id":"1578226","site_id":5456},{"date":"2021-02-10","product":"COPERNICUS/S1_GRD","band":"VV","value":-11.0404,"farmer_unique_id":"1578226","site_id":5456},{"date":"2021-02-22","product":"COPERNICUS/S1_GRD","band":"VV","value":-9.5167,"farmer_unique_id":"1578226","site_id":5456},{"date":"2021-03-06","product":"COPERNICUS/S1_GRD","band":"VV","value":-12.2788,"farmer_unique_id":"1578226","site_id":5456},{"date":"2021-03-18","product":"COPERNICUS/S1_GRD","band":"VV","value":-8.3895,"farmer_unique_id":"1578226","site_id":5456},{"date":"2021-03-30","product":"COPERNICUS/S1_GRD","band":"VV","value":-5.2823,"farmer_unique_id":"1578226","site_id":5456},{"date":"2021-04-11","product":"COPERNICUS/S1_GRD","band":"VV","value":-10.659,"farmer_unique_id":"1578226","site_id":5456},{"date":"2021-04-23","product":"COPERNICUS/S1_GRD","band":"VV","value":-9.1485,"farmer_unique_id":"1578226","site_id":5456},{"date":"2021-05-05","product":"COPERNICUS/S1_GRD","band":"VV","value":-12.677,"farmer_unique_id":"1578226","site_id":5456},{"date":"2021-05-17","product":"COPERNICUS/S1_GRD","band":"VV","value":-8.9655,"farmer_unique_id":"1578226","site_id":5456},{"date":"2021-05-29","product":"COPERNICUS/S1_GRD","band":"VV","value":-7.4461,"farmer_unique_id":"1578226","site_id":5456}]
