[{"date":"2020-01-11","product":"COPERNICUS/S1_GRD","band":"VH","value":-17.49,"farmer_unique_id":"373905874","site_id":3143},{"date":"2020-01-23","product":"COPERNICUS/S1_GRD","band":"VH","value":-17.4811,"farmer_unique_id":"373905874","site_id":3143},{"date":"2020-02-04","product":"COPERNICUS/S1_GRD","band":"VH","value":-16.7477,"farmer_unique_id":"373905874","site_id":3143},{"date":"2020-02-16","product":"COPERNICUS/S1_GRD","band":"VH","value":-22.929,"farmer_unique_id":"373905874","site_id":3143},{"date":"2020-02-28","product":"COPERNICUS/S1_GRD","band":"VH","value":-18.3363,"farmer_unique_id":"373905874","site_id":3143},{"date":"2020-03-11","product":"COPERNICUS/S1_GRD","band":"VH","value":-13.886,"farmer_unique_id":"373905874","site_id":3143},{"date":"2020-03-23","product":"COPERNICUS/S1_GRD","band":"VH","value":-15.1072,"farmer_unique_id":"373905874","site_id":3143},{"date":"2020-04-04","product":"COPERNICUS/S1_GRD","band":"VH","value":-17.789,"farmer_unique_id":"373905874","site_id":3143},{"date":"2020-04-16","product":"COPERNICUS/S1_GRD","band":"VH","value":-13.9216,"farmer_unique_id":"373905874","site_id":3143},{"date":"2020-04-28","product":"COPERNICUS/S1_GRD","band":"VH","value":-14.3976,"farmer_unique_id":"373905874","site_id":3143},{"date":"2020-05-10","product":"COPERNICUS/S1_GRD","band":"VH","value":-18.1632,"farmer_unique_id":"373905874","site_id":3143},{"date":"2020-05-22","product":"COPERNICUS/S1_GRD","band":"VH","value":-17.3906,"farmer_unique_id":"373905874","site_id":3143},{"date":"2020-06-15","product":"COPERNICUS/S1_GRD","band":"VH","value":-18.0859,"farmer_unique_id":"373905874","site_id":3143},{"date":"2020-06-27","product":"COPERNICUS/S1_GRD","band":"VH","value":-16.5235,"farmer_unique_id":"373905874","site_id":3143},{"date":"2020-07-09","product":"COPERNICUS/S1_GRD","band":"VH","value":-18.068,"farmer_unique_id":"373905874","site_id":3143},{"date":"2020-07-21","product":"COPERNICUS/S1_GRD","band":"VH","value":-19.1885,"farmer_unique_id":"373905874","site_id":3143},{"date":"2020-08-02","product":"COPERNICUS/S1_GRD","band":"VH","value":-16.5115,"farmer_unique_id":"373905874","site_id":3143},{"date":"2020-08-14","product":"COPERNICUS/S1_GRD","band":"VH","value":-16.9477,"farmer_unique_id":"373905874","site_id":3143},{"date":"2020-08-26","product":"COPERNICUS/S1_GRD","band":"VH","value":-16.6286,"farmer_unique_id":"373905874","site_id":3143},{"date":"2020-09-07","product":"COPERNICUS/S1_GRD","band":"VH","value":-17.0905,"farmer_unique_id":"373905874","site_id":3143},{"date":"2020-09-19","product":"COPERNICUS/S1_GRD","band":"VH","value":-25.6643,"farmer_unique_id":"373905874","site_id":3143},{"date":"2020-10-01","product":"COPERNICUS/S1_GRD","band":"VH","value":-20.3578,"farmer_unique_id":"373905874","site_id":3143},{"date":"2020-10-13","product":"COPERNICUS/S1_GRD","band":"VH","value":-22.8544,"farmer_unique_id":"373905874","site_id":3143},{"date":"2020-10-25","product":"COPERNICUS/S1_GRD","band":"VH","value":-27.3007,"farmer_unique_id":"373905874","site_id":3143},{"date":"2020-11-06","product":"COPERNICUS/S1_GRD","band":"VH","value":-17.1519,"farmer_unique_id":"373905874","site_id":3143},{"date":"2020-11-18","product":"COPERNICUS/S1_GRD","band":"VH","value":-20.6886,"farmer_unique_id":"373905874","site_id":3143},{"date":"2020-11-30","product":"COPERNICUS/S1_GRD","band":"VH","value":-17.8424,"farmer_unique_id":"373905874","site_id":3143},{"date":"2020-12-12","product":"COPERNICUS/S1_GRD","band":"VH","value":-22.6001,"farmer_unique_id":"373905874","site_id":3143},{"date":"2020-12-24","product":"COPERNICUS/S1_GRD","band":"VH","value":-14.726,"farmer_unique_id":"373905874","site_id":3143},{"date":"2021-01-05","product":"COPERNICUS/S1_GRD","band":"VH","value":-16.9313,"farmer_unique_id":"373905874","site_id":3143},{"date":"2021-01-17","product":"COPERNICUS/S1_GRD","band":"VH","value":-14.7862,"farmer_unique_id":"373905874","site_id":3143},{"date":"2021-01-29","product":"COPERNICUS/S1_GRD","band":"VH","value":-15.5274,"farmer_unique_id":"373905874","site_id":3143},{"date":"2021-02-10","product":"COPERNICUS/S1_GRD","band":"VH","value":-15.0775,"farmer_unique_id":"373905874","site_id":3143},{"date":"2021-02-22","product":"COPERNICUS/S1_GRD","band":"VH","value":-14.4911,"farmer_unique_id":"373905874","site_id":3143},{"date":"2021-03-06","product":"COPERNICUS/S1_GRD","band":"VH","value":-17.6487,"farmer_unique_id":"373905874","site_id":3143},{"date":"2021-03-18","product":"COPERNICUS/S1_GRD","band":"VH","value":-20.337,"farmer_unique_id":"373905874","site_id":3143},{"date":"2021-03-30","product":"COPERNICUS/S1_GRD","band":"VH","value":-19.5558,"farmer_unique_id":"373905874","site_id":3143},{"date":"2021-04-11","product":"COPERNICUS/S1_GRD","band":"VH","value":-13.8304,"farmer_unique_id":"373905874","site_id":3143},{"date":"2021-04-23","product":"COPERNICUS/S1_GRD","band":"VH","value":-19.5858,"farmer_unique_id":"373905874","site_id":3143},{"date":"2021-05-05","product":"COPERNICUS/S1_GRD","band":"VH","value":-19.7302,"farmer_unique_id":"373905874","site_id":3143},{"date":"2021-05-17","product":"COPERNICUS/S1_GRD","band":"VH","value":-25.5133,"farmer_unique_id":"373905874","site_id":3143},{"date":"2021-05-29","product":"COPERNICUS/S1_GRD","band":"VH","value":-18.266,"farmer_unique_id":"373905874","site_id":3143},{"date":"2020-01-11","product":"COPERNICUS/S1_GRD","band":"VV","value":-12.67,"farmer_unique_id":"373905874","site_id":3143},{"date":"2020-01-23","product":"COPERNICUS/S1_GRD","band":"VV","value":-10.8875,"farmer_unique_id":"373905874","site_id":3143},{"date":"2020-02-04","product":"COPERNICUS/S1_GRD","band":"VV","value":-9.1421,"farmer_unique_id":"373905874","site_id":3143},{"date":"2020-02-16","product":"COPERNICUS/S1_GRD","band":"VV","value":-9.1516,"farmer_unique_id":"373905874","site_id":3143},{"date":"2020-02-28","product":"COPERNICUS/S1_GRD","band":"VV","value":-7.3422,"farmer_unique_id":"373905874","site_id":3143},{"date":"2020-03-11","product":"COPERNICUS/S1_GRD","band":"VV","value":-7.3318,"farmer_unique_id":"373905874","site_id":3143},{"date":"2020-03-23","product":"COPERNICUS/S1_GRD","band":"VV","value":-8.1559,"farmer_unique_id":"373905874","site_id":3143},{"date":"2020-04-04","product":"COPERNICUS/S1_GRD","band":"VV","value":-9.7712,"farmer_unique_id":"373905874","site_id":3143},{"date":"2020-04-16","product":"COPERNICUS/S1_GRD","band":"VV","value":-8.1931,"farmer_unique_id":"373905874","site_id":3143},{"date":"2020-04-28","product":"COPERNICUS/S1_GRD","band":"VV","value":-11.029,"farmer_unique_id":"373905874","site_id":3143},{"date":"2020-05-10","product":"COPERNICUS/S1_GRD","band":"VV","value":-8.9939,"farmer_unique_id":"373905874","site_id":3143},{"date":"2020-05-22","product":"COPERNICUS/S1_GRD","band":"VV","value":-12.328,"farmer_unique_id":"373905874","site_id":3143},{"date":"2020-06-15","product":"COPERNICUS/S1_GRD","band":"VV","value":-10.4198,"farmer_unique_id":"373905874","site_id":3143},{"date":"2020-06-27","product":"COPERNICUS/S1_GRD","band":"VV","value":-11.1272,"farmer_unique_id":"373905874","site_id":3143},{"date":"2020-07-09","product":"COPERNICUS/S1_GRD","band":"VV","value":-12.4731,"farmer_unique_id":"373905874","site_id":3143},{"date":"2020-07-21","product":"COPERNICUS/S1_GRD","band":"VV","value":-9.1638,"farmer_unique_id":"373905874","site_id":3143},{"date":"2020-08-02","product":"COPERNICUS/S1_GRD","band":"VV","value":-8.0505,"farmer_unique_id":"373905874","site_id":3143},{"date":"2020-08-14","product":"COPERNICUS/S1_GRD","band":"VV","value":-9.8973,"farmer_unique_id":"373905874","site_id":3143},{"date":"2020-08-26","product":"COPERNICUS/S1_GRD","band":"VV","value":-12.1845,"farmer_unique_id":"373905874","site_id":3143},{"date":"2020-09-07","product":"COPERNICUS/S1_GRD","band":"VV","value":-10.8134,"farmer_unique_id":"373905874","site_id":3143},{"date":"2020-09-19","product":"COPERNICUS/S1_GRD","band":"VV","value":-12.5699,"farmer_unique_id":"373905874","site_id":3143},{"date":"2020-10-01","product":"COPERNICUS/S1_GRD","band":"VV","value":-11.511,"farmer_unique_id":"373905874","site_id":3143},{"date":"2020-10-13","product":"COPERNICUS/S1_GRD","band":"VV","value":-12.3951,"farmer_unique_id":"373905874","site_id":3143},{"date":"2020-10-25","product":"COPERNICUS/S1_GRD","band":"VV","value":-16.0036,"farmer_unique_id":"373905874","site_id":3143},{"date":"2020-11-06","product":"COPERNICUS/S1_GRD","band":"VV","value":-11.9187,"farmer_unique_id":"373905874","site_id":3143},{"date":"2020-11-18","product":"COPERNICUS/S1_GRD","band":"VV","value":-10.3389,"farmer_unique_id":"373905874","site_id":3143},{"date":"2020-11-30","product":"COPERNICUS/S1_GRD","band":"VV","value":-7.4413,"farmer_unique_id":"373905874","site_id":3143},{"date":"2020-12-12","product":"COPERNICUS/S1_GRD","band":"VV","value":-12.9629,"farmer_unique_id":"373905874","site_id":3143},{"date":"2020-12-24","product":"COPERNICUS/S1_GRD","band":"VV","value":-9.6523,"farmer_unique_id":"373905874","site_id":3143},{"date":"2021-01-05","product":"COPERNICUS/S1_GRD","band":"VV","value":-9.7451,"farmer_unique_id":"373905874","site_id":3143},{"date":"2021-01-17","product":"COPERNICUS/S1_GRD","band":"VV","value":-7.4765,"farmer_unique_id":"373905874","site_id":3143},{"date":"2021-01-29","product":"COPERNICUS/S1_GRD","band":"VV","value":-10.3417,"farmer_unique_id":"373905874","site_id":3143},{"date":"2021-02-10","product":"COPERNICUS/S1_GRD","band":"VV","value":-10.7398,"farmer_unique_id":"373905874","site_id":3143},{"date":"2021-02-22","product":"COPERNICUS/S1_GRD","band":"VV","value":-13.8862,"farmer_unique_id":"373905874","site_id":3143},{"date":"2021-03-06","product":"COPERNICUS/S1_GRD","band":"VV","value":-11.9634,"farmer_unique_id":"373905874","site_id":3143},{"date":"2021-03-18","product":"COPERNICUS/S1_GRD","band":"VV","value":-13.5885,"farmer_unique_id":"373905874","site_id":3143},{"date":"2021-03-30","product":"COPERNICUS/S1_GRD","band":"VV","value":-13.9822,"farmer_unique_id":"373905874","site_id":3143},{"date":"2021-04-11","product":"COPERNICUS/S1_GRD","band":"VV","value":-8.2605,"farmer_unique_id":"373905874","site_id":3143},{"date":"2021-04-23","product":"COPERNICUS/S1_GRD","band":"VV","value":-16.0131,"farmer_unique_id":"373905874","site_id":3143},{"date":"2021-05-05","product":"COPERNICUS/S1_GRD","band":"VV","value":-10.0799,"farmer_unique_id":"373905874","site_id":3143},{"date":"2021-05-17","product":"COPERNICUS/S1_GRD","band":"VV","value":-10.1556,"farmer_unique_id":"373905874","site_id":3143},{"date":"2021-05-29","product":"COPERNICUS/S1_GRD","band":"VV","value":-8.4031,"farmer_unique_id":"373905874","site_id":3143}]
