[{"date":"2020-01-04","product":"COPERNICUS/S1_GRD","band":"VH","value":-16.4576,"farmer_unique_id":"BN016","site_id":3338},{"date":"2020-01-16","product":"COPERNICUS/S1_GRD","band":"VH","value":-13.377,"farmer_unique_id":"BN016","site_id":3338},{"date":"2020-01-28","product":"COPERNICUS/S1_GRD","band":"VH","value":-12.9834,"farmer_unique_id":"BN016","site_id":3338},{"date":"2020-02-09","product":"COPERNICUS/S1_GRD","band":"VH","value":-13.7128,"farmer_unique_id":"BN016","site_id":3338},{"date":"2020-02-21","product":"COPERNICUS/S1_GRD","band":"VH","value":-13.3757,"farmer_unique_id":"BN016","site_id":3338},{"date":"2020-03-04","product":"COPERNICUS/S1_GRD","band":"VH","value":-14.1272,"farmer_unique_id":"BN016","site_id":3338},{"date":"2020-03-16","product":"COPERNICUS/S1_GRD","band":"VH","value":-10.1984,"farmer_unique_id":"BN016","site_id":3338},{"date":"2020-03-28","product":"COPERNICUS/S1_GRD","band":"VH","value":-15.2895,"farmer_unique_id":"BN016","site_id":3338},{"date":"2020-04-09","product":"COPERNICUS/S1_GRD","band":"VH","value":-14.9749,"farmer_unique_id":"BN016","site_id":3338},{"date":"2020-04-21","product":"COPERNICUS/S1_GRD","band":"VH","value":-12.8,"farmer_unique_id":"BN016","site_id":3338},{"date":"2020-05-03","product":"COPERNICUS/S1_GRD","band":"VH","value":-12.6747,"farmer_unique_id":"BN016","site_id":3338},{"date":"2020-05-15","product":"COPERNICUS/S1_GRD","band":"VH","value":-13.5101,"farmer_unique_id":"BN016","site_id":3338},{"date":"2020-05-27","product":"COPERNICUS/S1_GRD","band":"VH","value":-14.4555,"farmer_unique_id":"BN016","site_id":3338},{"date":"2020-06-08","product":"COPERNICUS/S1_GRD","band":"VH","value":-16.8846,"farmer_unique_id":"BN016","site_id":3338},{"date":"2020-06-20","product":"COPERNICUS/S1_GRD","band":"VH","value":-16.5614,"farmer_unique_id":"BN016","site_id":3338},{"date":"2020-07-02","product":"COPERNICUS/S1_GRD","band":"VH","value":-13.646,"farmer_unique_id":"BN016","site_id":3338},{"date":"2020-07-14","product":"COPERNICUS/S1_GRD","band":"VH","value":-11.9461,"farmer_unique_id":"BN016","site_id":3338},{"date":"2020-07-26","product":"COPERNICUS/S1_GRD","band":"VH","value":-18.1464,"farmer_unique_id":"BN016","site_id":3338},{"date":"2020-08-07","product":"COPERNICUS/S1_GRD","band":"VH","value":-16.7406,"farmer_unique_id":"BN016","site_id":3338},{"date":"2020-08-19","product":"COPERNICUS/S1_GRD","band":"VH","value":-13.6827,"farmer_unique_id":"BN016","site_id":3338},{"date":"2020-08-31","product":"COPERNICUS/S1_GRD","band":"VH","value":-14.6214,"farmer_unique_id":"BN016","site_id":3338},{"date":"2020-09-12","product":"COPERNICUS/S1_GRD","band":"VH","value":-13.8492,"farmer_unique_id":"BN016","site_id":3338},{"date":"2020-09-24","product":"COPERNICUS/S1_GRD","band":"VH","value":-12.8792,"farmer_unique_id":"BN016","site_id":3338},{"date":"2020-10-06","product":"COPERNICUS/S1_GRD","band":"VH","value":-16.7104,"farmer_unique_id":"BN016","site_id":3338},{"date":"2020-10-18","product":"COPERNICUS/S1_GRD","band":"VH","value":-17.671,"farmer_unique_id":"BN016","site_id":3338},{"date":"2020-10-30","product":"COPERNICUS/S1_GRD","band":"VH","value":-12.1693,"farmer_unique_id":"BN016","site_id":3338},{"date":"2020-11-11","product":"COPERNICUS/S1_GRD","band":"VH","value":-17.9742,"farmer_unique_id":"BN016","site_id":3338},{"date":"2020-11-23","product":"COPERNICUS/S1_GRD","band":"VH","value":-16.8087,"farmer_unique_id":"BN016","site_id":3338},{"date":"2020-12-05","product":"COPERNICUS/S1_GRD","band":"VH","value":-13.5395,"farmer_unique_id":"BN016","site_id":3338},{"date":"2020-12-17","product":"COPERNICUS/S1_GRD","band":"VH","value":-17.2421,"farmer_unique_id":"BN016","site_id":3338},{"date":"2020-12-29","product":"COPERNICUS/S1_GRD","band":"VH","value":-12.4037,"farmer_unique_id":"BN016","site_id":3338},{"date":"2021-01-10","product":"COPERNICUS/S1_GRD","band":"VH","value":-15.2626,"farmer_unique_id":"BN016","site_id":3338},{"date":"2021-01-22","product":"COPERNICUS/S1_GRD","band":"VH","value":-10.6709,"farmer_unique_id":"BN016","site_id":3338},{"date":"2021-02-03","product":"COPERNICUS/S1_GRD","band":"VH","value":-13.7489,"farmer_unique_id":"BN016","site_id":3338},{"date":"2021-02-15","product":"COPERNICUS/S1_GRD","band":"VH","value":-11.1203,"farmer_unique_id":"BN016","site_id":3338},{"date":"2021-02-27","product":"COPERNICUS/S1_GRD","band":"VH","value":-13.3445,"farmer_unique_id":"BN016","site_id":3338},{"date":"2021-03-11","product":"COPERNICUS/S1_GRD","band":"VH","value":-16.6707,"farmer_unique_id":"BN016","site_id":3338},{"date":"2021-03-23","product":"COPERNICUS/S1_GRD","band":"VH","value":-27.5513,"farmer_unique_id":"BN016","site_id":3338},{"date":"2021-04-04","product":"COPERNICUS/S1_GRD","band":"VH","value":-15.0164,"farmer_unique_id":"BN016","site_id":3338},{"date":"2021-04-16","product":"COPERNICUS/S1_GRD","band":"VH","value":-16.3233,"farmer_unique_id":"BN016","site_id":3338},{"date":"2021-04-28","product":"COPERNICUS/S1_GRD","band":"VH","value":-13.5113,"farmer_unique_id":"BN016","site_id":3338},{"date":"2021-05-10","product":"COPERNICUS/S1_GRD","band":"VH","value":-12.9736,"farmer_unique_id":"BN016","site_id":3338},{"date":"2021-05-22","product":"COPERNICUS/S1_GRD","band":"VH","value":-11.9788,"farmer_unique_id":"BN016","site_id":3338},{"date":"2020-01-04","product":"COPERNICUS/S1_GRD","band":"VV","value":-8.1911,"farmer_unique_id":"BN016","site_id":3338},{"date":"2020-01-16","product":"COPERNICUS/S1_GRD","band":"VV","value":-10.2794,"farmer_unique_id":"BN016","site_id":3338},{"date":"2020-01-28","product":"COPERNICUS/S1_GRD","band":"VV","value":-7.8903,"farmer_unique_id":"BN016","site_id":3338},{"date":"2020-02-09","product":"COPERNICUS/S1_GRD","band":"VV","value":-9.0013,"farmer_unique_id":"BN016","site_id":3338},{"date":"2020-02-21","product":"COPERNICUS/S1_GRD","band":"VV","value":-5.4823,"farmer_unique_id":"BN016","site_id":3338},{"date":"2020-03-04","product":"COPERNICUS/S1_GRD","band":"VV","value":-8.1997,"farmer_unique_id":"BN016","site_id":3338},{"date":"2020-03-16","product":"COPERNICUS/S1_GRD","band":"VV","value":-5.7465,"farmer_unique_id":"BN016","site_id":3338},{"date":"2020-03-28","product":"COPERNICUS/S1_GRD","band":"VV","value":-7.3792,"farmer_unique_id":"BN016","site_id":3338},{"date":"2020-04-09","product":"COPERNICUS/S1_GRD","band":"VV","value":-7.0566,"farmer_unique_id":"BN016","site_id":3338},{"date":"2020-04-21","product":"COPERNICUS/S1_GRD","band":"VV","value":-5.6857,"farmer_unique_id":"BN016","site_id":3338},{"date":"2020-05-03","product":"COPERNICUS/S1_GRD","band":"VV","value":-11.8025,"farmer_unique_id":"BN016","site_id":3338},{"date":"2020-05-15","product":"COPERNICUS/S1_GRD","band":"VV","value":-9.4105,"farmer_unique_id":"BN016","site_id":3338},{"date":"2020-05-27","product":"COPERNICUS/S1_GRD","band":"VV","value":-3.8413,"farmer_unique_id":"BN016","site_id":3338},{"date":"2020-06-08","product":"COPERNICUS/S1_GRD","band":"VV","value":-7.7989,"farmer_unique_id":"BN016","site_id":3338},{"date":"2020-06-20","product":"COPERNICUS/S1_GRD","band":"VV","value":-9.552,"farmer_unique_id":"BN016","site_id":3338},{"date":"2020-07-02","product":"COPERNICUS/S1_GRD","band":"VV","value":-8.8391,"farmer_unique_id":"BN016","site_id":3338},{"date":"2020-07-14","product":"COPERNICUS/S1_GRD","band":"VV","value":-5.9389,"farmer_unique_id":"BN016","site_id":3338},{"date":"2020-07-26","product":"COPERNICUS/S1_GRD","band":"VV","value":-8.2803,"farmer_unique_id":"BN016","site_id":3338},{"date":"2020-08-07","product":"COPERNICUS/S1_GRD","band":"VV","value":-9.727,"farmer_unique_id":"BN016","site_id":3338},{"date":"2020-08-19","product":"COPERNICUS/S1_GRD","band":"VV","value":-8.5069,"farmer_unique_id":"BN016","site_id":3338},{"date":"2020-08-31","product":"COPERNICUS/S1_GRD","band":"VV","value":-7.0735,"farmer_unique_id":"BN016","site_id":3338},{"date":"2020-09-12","product":"COPERNICUS/S1_GRD","band":"VV","value":-12.1307,"farmer_unique_id":"BN016","site_id":3338},{"date":"2020-09-24","product":"COPERNICUS/S1_GRD","band":"VV","value":-7.9618,"farmer_unique_id":"BN016","site_id":3338},{"date":"2020-10-06","product":"COPERNICUS/S1_GRD","band":"VV","value":-7.9547,"farmer_unique_id":"BN016","site_id":3338},{"date":"2020-10-18","product":"COPERNICUS/S1_GRD","band":"VV","value":-8.5666,"farmer_unique_id":"BN016","site_id":3338},{"date":"2020-10-30","product":"COPERNICUS/S1_GRD","band":"VV","value":-6.6853,"farmer_unique_id":"BN016","site_id":3338},{"date":"2020-11-11","product":"COPERNICUS/S1_GRD","band":"VV","value":-9.7745,"farmer_unique_id":"BN016","site_id":3338},{"date":"2020-11-23","product":"COPERNICUS/S1_GRD","band":"VV","value":-9.6668,"farmer_unique_id":"BN016","site_id":3338},{"date":"2020-12-05","product":"COPERNICUS/S1_GRD","band":"VV","value":-6.9739,"farmer_unique_id":"BN016","site_id":3338},{"date":"2020-12-17","product":"COPERNICUS/S1_GRD","band":"VV","value":-7.6299,"farmer_unique_id":"BN016","site_id":3338},{"date":"2020-12-29","product":"COPERNICUS/S1_GRD","band":"VV","value":-10.9321,"farmer_unique_id":"BN016","site_id":3338},{"date":"2021-01-10","product":"COPERNICUS/S1_GRD","band":"VV","value":-9.58,"farmer_unique_id":"BN016","site_id":3338},{"date":"2021-01-22","product":"COPERNICUS/S1_GRD","band":"VV","value":-6.1943,"farmer_unique_id":"BN016","site_id":3338},{"date":"2021-02-03","product":"COPERNICUS/S1_GRD","band":"VV","value":-10.8922,"farmer_unique_id":"BN016","site_id":3338},{"date":"2021-02-15","product":"COPERNICUS/S1_GRD","band":"VV","value":-7.7943,"farmer_unique_id":"BN016","site_id":3338},{"date":"2021-02-27","product":"COPERNICUS/S1_GRD","band":"VV","value":-8.2025,"farmer_unique_id":"BN016","site_id":3338},{"date":"2021-03-11","product":"COPERNICUS/S1_GRD","band":"VV","value":-10.6255,"farmer_unique_id":"BN016","site_id":3338},{"date":"2021-03-23","product":"COPERNICUS/S1_GRD","band":"VV","value":-9.1115,"farmer_unique_id":"BN016","site_id":3338},{"date":"2021-04-04","product":"COPERNICUS/S1_GRD","band":"VV","value":-9.175,"farmer_unique_id":"BN016","site_id":3338},{"date":"2021-04-16","product":"COPERNICUS/S1_GRD","band":"VV","value":-7.236,"farmer_unique_id":"BN016","site_id":3338},{"date":"2021-04-28","product":"COPERNICUS/S1_GRD","band":"VV","value":-7.5057,"farmer_unique_id":"BN016","site_id":3338},{"date":"2021-05-10","product":"COPERNICUS/S1_GRD","band":"VV","value":-6.4674,"farmer_unique_id":"BN016","site_id":3338},{"date":"2021-05-22","product":"COPERNICUS/S1_GRD","band":"VV","value":-7.6036,"farmer_unique_id":"BN016","site_id":3338}]
