[{"date":"2020-01-11","product":"COPERNICUS/S1_GRD","band":"VH","value":-17.9836,"farmer_unique_id":"866230","site_id":2307},{"date":"2020-01-23","product":"COPERNICUS/S1_GRD","band":"VH","value":-14.318,"farmer_unique_id":"866230","site_id":2307},{"date":"2020-02-04","product":"COPERNICUS/S1_GRD","band":"VH","value":-12.3692,"farmer_unique_id":"866230","site_id":2307},{"date":"2020-02-16","product":"COPERNICUS/S1_GRD","band":"VH","value":-16.7084,"farmer_unique_id":"866230","site_id":2307},{"date":"2020-02-28","product":"COPERNICUS/S1_GRD","band":"VH","value":-16.1745,"farmer_unique_id":"866230","site_id":2307},{"date":"2020-03-11","product":"COPERNICUS/S1_GRD","band":"VH","value":-17.5073,"farmer_unique_id":"866230","site_id":2307},{"date":"2020-03-23","product":"COPERNICUS/S1_GRD","band":"VH","value":-13.1677,"farmer_unique_id":"866230","site_id":2307},{"date":"2020-04-04","product":"COPERNICUS/S1_GRD","band":"VH","value":-16.5209,"farmer_unique_id":"866230","site_id":2307},{"date":"2020-04-16","product":"COPERNICUS/S1_GRD","band":"VH","value":-12.5038,"farmer_unique_id":"866230","site_id":2307},{"date":"2020-04-28","product":"COPERNICUS/S1_GRD","band":"VH","value":-20.7718,"farmer_unique_id":"866230","site_id":2307},{"date":"2020-05-10","product":"COPERNICUS/S1_GRD","band":"VH","value":-18.1642,"farmer_unique_id":"866230","site_id":2307},{"date":"2020-05-22","product":"COPERNICUS/S1_GRD","band":"VH","value":-13.4854,"farmer_unique_id":"866230","site_id":2307},{"date":"2020-06-15","product":"COPERNICUS/S1_GRD","band":"VH","value":-16.4823,"farmer_unique_id":"866230","site_id":2307},{"date":"2020-06-27","product":"COPERNICUS/S1_GRD","band":"VH","value":-15.469,"farmer_unique_id":"866230","site_id":2307},{"date":"2020-07-09","product":"COPERNICUS/S1_GRD","band":"VH","value":-13.3969,"farmer_unique_id":"866230","site_id":2307},{"date":"2020-07-21","product":"COPERNICUS/S1_GRD","band":"VH","value":-15.2518,"farmer_unique_id":"866230","site_id":2307},{"date":"2020-08-02","product":"COPERNICUS/S1_GRD","band":"VH","value":-16.1503,"farmer_unique_id":"866230","site_id":2307},{"date":"2020-08-14","product":"COPERNICUS/S1_GRD","band":"VH","value":-15.9971,"farmer_unique_id":"866230","site_id":2307},{"date":"2020-08-26","product":"COPERNICUS/S1_GRD","band":"VH","value":-16.1531,"farmer_unique_id":"866230","site_id":2307},{"date":"2020-09-07","product":"COPERNICUS/S1_GRD","band":"VH","value":-17.4101,"farmer_unique_id":"866230","site_id":2307},{"date":"2020-09-19","product":"COPERNICUS/S1_GRD","band":"VH","value":-17.6479,"farmer_unique_id":"866230","site_id":2307},{"date":"2020-10-01","product":"COPERNICUS/S1_GRD","band":"VH","value":-20.6845,"farmer_unique_id":"866230","site_id":2307},{"date":"2020-10-13","product":"COPERNICUS/S1_GRD","band":"VH","value":-15.6542,"farmer_unique_id":"866230","site_id":2307},{"date":"2020-10-25","product":"COPERNICUS/S1_GRD","band":"VH","value":-22.6984,"farmer_unique_id":"866230","site_id":2307},{"date":"2020-11-06","product":"COPERNICUS/S1_GRD","band":"VH","value":-16.3973,"farmer_unique_id":"866230","site_id":2307},{"date":"2020-11-18","product":"COPERNICUS/S1_GRD","band":"VH","value":-15.9513,"farmer_unique_id":"866230","site_id":2307},{"date":"2020-11-30","product":"COPERNICUS/S1_GRD","band":"VH","value":-22.1328,"farmer_unique_id":"866230","site_id":2307},{"date":"2020-12-12","product":"COPERNICUS/S1_GRD","band":"VH","value":-18.489,"farmer_unique_id":"866230","site_id":2307},{"date":"2020-12-24","product":"COPERNICUS/S1_GRD","band":"VH","value":-14.5081,"farmer_unique_id":"866230","site_id":2307},{"date":"2021-01-05","product":"COPERNICUS/S1_GRD","band":"VH","value":-18.3491,"farmer_unique_id":"866230","site_id":2307},{"date":"2021-01-17","product":"COPERNICUS/S1_GRD","band":"VH","value":-16.3919,"farmer_unique_id":"866230","site_id":2307},{"date":"2021-01-29","product":"COPERNICUS/S1_GRD","band":"VH","value":-23.2739,"farmer_unique_id":"866230","site_id":2307},{"date":"2021-02-10","product":"COPERNICUS/S1_GRD","band":"VH","value":-17.9589,"farmer_unique_id":"866230","site_id":2307},{"date":"2021-02-22","product":"COPERNICUS/S1_GRD","band":"VH","value":-11.7256,"farmer_unique_id":"866230","site_id":2307},{"date":"2021-03-06","product":"COPERNICUS/S1_GRD","band":"VH","value":-14.5896,"farmer_unique_id":"866230","site_id":2307},{"date":"2021-03-18","product":"COPERNICUS/S1_GRD","band":"VH","value":-17.1796,"farmer_unique_id":"866230","site_id":2307},{"date":"2021-03-30","product":"COPERNICUS/S1_GRD","band":"VH","value":-16.6135,"farmer_unique_id":"866230","site_id":2307},{"date":"2021-04-11","product":"COPERNICUS/S1_GRD","band":"VH","value":-11.498,"farmer_unique_id":"866230","site_id":2307},{"date":"2021-04-23","product":"COPERNICUS/S1_GRD","band":"VH","value":-15.1922,"farmer_unique_id":"866230","site_id":2307},{"date":"2021-05-05","product":"COPERNICUS/S1_GRD","band":"VH","value":-13.4917,"farmer_unique_id":"866230","site_id":2307},{"date":"2021-05-17","product":"COPERNICUS/S1_GRD","band":"VH","value":-14.0152,"farmer_unique_id":"866230","site_id":2307},{"date":"2021-05-29","product":"COPERNICUS/S1_GRD","band":"VH","value":-19.2428,"farmer_unique_id":"866230","site_id":2307},{"date":"2020-01-11","product":"COPERNICUS/S1_GRD","band":"VV","value":-14.0684,"farmer_unique_id":"866230","site_id":2307},{"date":"2020-01-23","product":"COPERNICUS/S1_GRD","band":"VV","value":-10.4516,"farmer_unique_id":"866230","site_id":2307},{"date":"2020-02-04","product":"COPERNICUS/S1_GRD","band":"VV","value":-13.3221,"farmer_unique_id":"866230","site_id":2307},{"date":"2020-02-16","product":"COPERNICUS/S1_GRD","band":"VV","value":-7.0071,"farmer_unique_id":"866230","site_id":2307},{"date":"2020-02-28","product":"COPERNICUS/S1_GRD","band":"VV","value":-10.7312,"farmer_unique_id":"866230","site_id":2307},{"date":"2020-03-11","product":"COPERNICUS/S1_GRD","band":"VV","value":-8.4625,"farmer_unique_id":"866230","site_id":2307},{"date":"2020-03-23","product":"COPERNICUS/S1_GRD","band":"VV","value":-9.4858,"farmer_unique_id":"866230","site_id":2307},{"date":"2020-04-04","product":"COPERNICUS/S1_GRD","band":"VV","value":-9.1394,"farmer_unique_id":"866230","site_id":2307},{"date":"2020-04-16","product":"COPERNICUS/S1_GRD","band":"VV","value":-8.7487,"farmer_unique_id":"866230","site_id":2307},{"date":"2020-04-28","product":"COPERNICUS/S1_GRD","band":"VV","value":-11.0332,"farmer_unique_id":"866230","site_id":2307},{"date":"2020-05-10","product":"COPERNICUS/S1_GRD","band":"VV","value":-7.7454,"farmer_unique_id":"866230","site_id":2307},{"date":"2020-05-22","product":"COPERNICUS/S1_GRD","band":"VV","value":-9.5388,"farmer_unique_id":"866230","site_id":2307},{"date":"2020-06-15","product":"COPERNICUS/S1_GRD","band":"VV","value":-12.5815,"farmer_unique_id":"866230","site_id":2307},{"date":"2020-06-27","product":"COPERNICUS/S1_GRD","band":"VV","value":-12.4572,"farmer_unique_id":"866230","site_id":2307},{"date":"2020-07-09","product":"COPERNICUS/S1_GRD","band":"VV","value":-11.3364,"farmer_unique_id":"866230","site_id":2307},{"date":"2020-07-21","product":"COPERNICUS/S1_GRD","band":"VV","value":-11.5909,"farmer_unique_id":"866230","site_id":2307},{"date":"2020-08-02","product":"COPERNICUS/S1_GRD","band":"VV","value":-9.8275,"farmer_unique_id":"866230","site_id":2307},{"date":"2020-08-14","product":"COPERNICUS/S1_GRD","band":"VV","value":-12.4918,"farmer_unique_id":"866230","site_id":2307},{"date":"2020-08-26","product":"COPERNICUS/S1_GRD","band":"VV","value":-11.4753,"farmer_unique_id":"866230","site_id":2307},{"date":"2020-09-07","product":"COPERNICUS/S1_GRD","band":"VV","value":-11.0118,"farmer_unique_id":"866230","site_id":2307},{"date":"2020-09-19","product":"COPERNICUS/S1_GRD","band":"VV","value":-9.3369,"farmer_unique_id":"866230","site_id":2307},{"date":"2020-10-01","product":"COPERNICUS/S1_GRD","band":"VV","value":-12.537,"farmer_unique_id":"866230","site_id":2307},{"date":"2020-10-13","product":"COPERNICUS/S1_GRD","band":"VV","value":-9.9918,"farmer_unique_id":"866230","site_id":2307},{"date":"2020-10-25","product":"COPERNICUS/S1_GRD","band":"VV","value":-10.5036,"farmer_unique_id":"866230","site_id":2307},{"date":"2020-11-06","product":"COPERNICUS/S1_GRD","band":"VV","value":-11.7841,"farmer_unique_id":"866230","site_id":2307},{"date":"2020-11-18","product":"COPERNICUS/S1_GRD","band":"VV","value":-10.04,"farmer_unique_id":"866230","site_id":2307},{"date":"2020-11-30","product":"COPERNICUS/S1_GRD","band":"VV","value":-8.1582,"farmer_unique_id":"866230","site_id":2307},{"date":"2020-12-12","product":"COPERNICUS/S1_GRD","band":"VV","value":-9.9579,"farmer_unique_id":"866230","site_id":2307},{"date":"2020-12-24","product":"COPERNICUS/S1_GRD","band":"VV","value":-12.2238,"farmer_unique_id":"866230","site_id":2307},{"date":"2021-01-05","product":"COPERNICUS/S1_GRD","band":"VV","value":-10.0601,"farmer_unique_id":"866230","site_id":2307},{"date":"2021-01-17","product":"COPERNICUS/S1_GRD","band":"VV","value":-10.616,"farmer_unique_id":"866230","site_id":2307},{"date":"2021-01-29","product":"COPERNICUS/S1_GRD","band":"VV","value":-9.8017,"farmer_unique_id":"866230","site_id":2307},{"date":"2021-02-10","product":"COPERNICUS/S1_GRD","band":"VV","value":-12.1917,"farmer_unique_id":"866230","site_id":2307},{"date":"2021-02-22","product":"COPERNICUS/S1_GRD","band":"VV","value":-7.3493,"farmer_unique_id":"866230","site_id":2307},{"date":"2021-03-06","product":"COPERNICUS/S1_GRD","band":"VV","value":-7.4497,"farmer_unique_id":"866230","site_id":2307},{"date":"2021-03-18","product":"COPERNICUS/S1_GRD","band":"VV","value":-11.2179,"farmer_unique_id":"866230","site_id":2307},{"date":"2021-03-30","product":"COPERNICUS/S1_GRD","band":"VV","value":-9.6248,"farmer_unique_id":"866230","site_id":2307},{"date":"2021-04-11","product":"COPERNICUS/S1_GRD","band":"VV","value":-7.8501,"farmer_unique_id":"866230","site_id":2307},{"date":"2021-04-23","product":"COPERNICUS/S1_GRD","band":"VV","value":-8.701,"farmer_unique_id":"866230","site_id":2307},{"date":"2021-05-05","product":"COPERNICUS/S1_GRD","band":"VV","value":-10.4814,"farmer_unique_id":"866230","site_id":2307},{"date":"2021-05-17","product":"COPERNICUS/S1_GRD","band":"VV","value":-8.7652,"farmer_unique_id":"866230","site_id":2307},{"date":"2021-05-29","product":"COPERNICUS/S1_GRD","band":"VV","value":-9.7567,"farmer_unique_id":"866230","site_id":2307}]
