[{"date":"2020-01-11","product":"COPERNICUS/S1_GRD","band":"VH","value":-12.0292,"farmer_unique_id":"1585770","site_id":2879},{"date":"2020-01-23","product":"COPERNICUS/S1_GRD","band":"VH","value":-13.885,"farmer_unique_id":"1585770","site_id":2879},{"date":"2020-02-04","product":"COPERNICUS/S1_GRD","band":"VH","value":-14.2749,"farmer_unique_id":"1585770","site_id":2879},{"date":"2020-02-16","product":"COPERNICUS/S1_GRD","band":"VH","value":-14.3708,"farmer_unique_id":"1585770","site_id":2879},{"date":"2020-02-28","product":"COPERNICUS/S1_GRD","band":"VH","value":-14.8215,"farmer_unique_id":"1585770","site_id":2879},{"date":"2020-03-11","product":"COPERNICUS/S1_GRD","band":"VH","value":-16.5587,"farmer_unique_id":"1585770","site_id":2879},{"date":"2020-03-23","product":"COPERNICUS/S1_GRD","band":"VH","value":-14.7497,"farmer_unique_id":"1585770","site_id":2879},{"date":"2020-04-04","product":"COPERNICUS/S1_GRD","band":"VH","value":-10.3774,"farmer_unique_id":"1585770","site_id":2879},{"date":"2020-04-16","product":"COPERNICUS/S1_GRD","band":"VH","value":-13.0864,"farmer_unique_id":"1585770","site_id":2879},{"date":"2020-04-28","product":"COPERNICUS/S1_GRD","band":"VH","value":-18.9268,"farmer_unique_id":"1585770","site_id":2879},{"date":"2020-05-10","product":"COPERNICUS/S1_GRD","band":"VH","value":-9.3826,"farmer_unique_id":"1585770","site_id":2879},{"date":"2020-05-22","product":"COPERNICUS/S1_GRD","band":"VH","value":-15.4175,"farmer_unique_id":"1585770","site_id":2879},{"date":"2020-06-15","product":"COPERNICUS/S1_GRD","band":"VH","value":-19.0933,"farmer_unique_id":"1585770","site_id":2879},{"date":"2020-06-27","product":"COPERNICUS/S1_GRD","band":"VH","value":-16.3407,"farmer_unique_id":"1585770","site_id":2879},{"date":"2020-07-09","product":"COPERNICUS/S1_GRD","band":"VH","value":-14.8806,"farmer_unique_id":"1585770","site_id":2879},{"date":"2020-07-21","product":"COPERNICUS/S1_GRD","band":"VH","value":-11.863,"farmer_unique_id":"1585770","site_id":2879},{"date":"2020-08-02","product":"COPERNICUS/S1_GRD","band":"VH","value":-13.1127,"farmer_unique_id":"1585770","site_id":2879},{"date":"2020-08-14","product":"COPERNICUS/S1_GRD","band":"VH","value":-15.7639,"farmer_unique_id":"1585770","site_id":2879},{"date":"2020-08-26","product":"COPERNICUS/S1_GRD","band":"VH","value":-14.1161,"farmer_unique_id":"1585770","site_id":2879},{"date":"2020-09-07","product":"COPERNICUS/S1_GRD","band":"VH","value":-10.803,"farmer_unique_id":"1585770","site_id":2879},{"date":"2020-09-19","product":"COPERNICUS/S1_GRD","band":"VH","value":-12.9588,"farmer_unique_id":"1585770","site_id":2879},{"date":"2020-10-01","product":"COPERNICUS/S1_GRD","band":"VH","value":-16.3665,"farmer_unique_id":"1585770","site_id":2879},{"date":"2020-10-13","product":"COPERNICUS/S1_GRD","band":"VH","value":-16.7062,"farmer_unique_id":"1585770","site_id":2879},{"date":"2020-10-25","product":"COPERNICUS/S1_GRD","band":"VH","value":-17.3894,"farmer_unique_id":"1585770","site_id":2879},{"date":"2020-11-06","product":"COPERNICUS/S1_GRD","band":"VH","value":-13.5575,"farmer_unique_id":"1585770","site_id":2879},{"date":"2020-11-18","product":"COPERNICUS/S1_GRD","band":"VH","value":-13.7036,"farmer_unique_id":"1585770","site_id":2879},{"date":"2020-11-30","product":"COPERNICUS/S1_GRD","band":"VH","value":-13.7898,"farmer_unique_id":"1585770","site_id":2879},{"date":"2020-12-12","product":"COPERNICUS/S1_GRD","band":"VH","value":-16.2451,"farmer_unique_id":"1585770","site_id":2879},{"date":"2020-12-24","product":"COPERNICUS/S1_GRD","band":"VH","value":-12.0746,"farmer_unique_id":"1585770","site_id":2879},{"date":"2021-01-05","product":"COPERNICUS/S1_GRD","band":"VH","value":-16.3002,"farmer_unique_id":"1585770","site_id":2879},{"date":"2021-01-17","product":"COPERNICUS/S1_GRD","band":"VH","value":-13.8645,"farmer_unique_id":"1585770","site_id":2879},{"date":"2021-01-29","product":"COPERNICUS/S1_GRD","band":"VH","value":-15.9497,"farmer_unique_id":"1585770","site_id":2879},{"date":"2021-02-10","product":"COPERNICUS/S1_GRD","band":"VH","value":-16.058,"farmer_unique_id":"1585770","site_id":2879},{"date":"2021-02-22","product":"COPERNICUS/S1_GRD","band":"VH","value":-11.8072,"farmer_unique_id":"1585770","site_id":2879},{"date":"2021-03-06","product":"COPERNICUS/S1_GRD","band":"VH","value":-13.7386,"farmer_unique_id":"1585770","site_id":2879},{"date":"2021-03-18","product":"COPERNICUS/S1_GRD","band":"VH","value":-13.8503,"farmer_unique_id":"1585770","site_id":2879},{"date":"2021-03-30","product":"COPERNICUS/S1_GRD","band":"VH","value":-14.5008,"farmer_unique_id":"1585770","site_id":2879},{"date":"2021-04-11","product":"COPERNICUS/S1_GRD","band":"VH","value":-15.8434,"farmer_unique_id":"1585770","site_id":2879},{"date":"2021-04-23","product":"COPERNICUS/S1_GRD","band":"VH","value":-14.5246,"farmer_unique_id":"1585770","site_id":2879},{"date":"2021-05-05","product":"COPERNICUS/S1_GRD","band":"VH","value":-17.0559,"farmer_unique_id":"1585770","site_id":2879},{"date":"2021-05-17","product":"COPERNICUS/S1_GRD","band":"VH","value":-16.2282,"farmer_unique_id":"1585770","site_id":2879},{"date":"2021-05-29","product":"COPERNICUS/S1_GRD","band":"VH","value":-13.6279,"farmer_unique_id":"1585770","site_id":2879},{"date":"2020-01-11","product":"COPERNICUS/S1_GRD","band":"VV","value":-6.8575,"farmer_unique_id":"1585770","site_id":2879},{"date":"2020-01-23","product":"COPERNICUS/S1_GRD","band":"VV","value":-11.9421,"farmer_unique_id":"1585770","site_id":2879},{"date":"2020-02-04","product":"COPERNICUS/S1_GRD","band":"VV","value":-5.0943,"farmer_unique_id":"1585770","site_id":2879},{"date":"2020-02-16","product":"COPERNICUS/S1_GRD","band":"VV","value":-7.073,"farmer_unique_id":"1585770","site_id":2879},{"date":"2020-02-28","product":"COPERNICUS/S1_GRD","band":"VV","value":-10.287,"farmer_unique_id":"1585770","site_id":2879},{"date":"2020-03-11","product":"COPERNICUS/S1_GRD","band":"VV","value":-8.8536,"farmer_unique_id":"1585770","site_id":2879},{"date":"2020-03-23","product":"COPERNICUS/S1_GRD","band":"VV","value":-6.0825,"farmer_unique_id":"1585770","site_id":2879},{"date":"2020-04-04","product":"COPERNICUS/S1_GRD","band":"VV","value":-4.9169,"farmer_unique_id":"1585770","site_id":2879},{"date":"2020-04-16","product":"COPERNICUS/S1_GRD","band":"VV","value":-7.8317,"farmer_unique_id":"1585770","site_id":2879},{"date":"2020-04-28","product":"COPERNICUS/S1_GRD","band":"VV","value":-7.9059,"farmer_unique_id":"1585770","site_id":2879},{"date":"2020-05-10","product":"COPERNICUS/S1_GRD","band":"VV","value":-5.1333,"farmer_unique_id":"1585770","site_id":2879},{"date":"2020-05-22","product":"COPERNICUS/S1_GRD","band":"VV","value":-7.1554,"farmer_unique_id":"1585770","site_id":2879},{"date":"2020-06-15","product":"COPERNICUS/S1_GRD","band":"VV","value":-9.0518,"farmer_unique_id":"1585770","site_id":2879},{"date":"2020-06-27","product":"COPERNICUS/S1_GRD","band":"VV","value":-9.0594,"farmer_unique_id":"1585770","site_id":2879},{"date":"2020-07-09","product":"COPERNICUS/S1_GRD","band":"VV","value":-5.7763,"farmer_unique_id":"1585770","site_id":2879},{"date":"2020-07-21","product":"COPERNICUS/S1_GRD","band":"VV","value":-6.3048,"farmer_unique_id":"1585770","site_id":2879},{"date":"2020-08-02","product":"COPERNICUS/S1_GRD","band":"VV","value":-6.3225,"farmer_unique_id":"1585770","site_id":2879},{"date":"2020-08-14","product":"COPERNICUS/S1_GRD","band":"VV","value":-7.6057,"farmer_unique_id":"1585770","site_id":2879},{"date":"2020-08-26","product":"COPERNICUS/S1_GRD","band":"VV","value":-8.6337,"farmer_unique_id":"1585770","site_id":2879},{"date":"2020-09-07","product":"COPERNICUS/S1_GRD","band":"VV","value":-8.9675,"farmer_unique_id":"1585770","site_id":2879},{"date":"2020-09-19","product":"COPERNICUS/S1_GRD","band":"VV","value":-7.4567,"farmer_unique_id":"1585770","site_id":2879},{"date":"2020-10-01","product":"COPERNICUS/S1_GRD","band":"VV","value":-6.9032,"farmer_unique_id":"1585770","site_id":2879},{"date":"2020-10-13","product":"COPERNICUS/S1_GRD","band":"VV","value":-6.2996,"farmer_unique_id":"1585770","site_id":2879},{"date":"2020-10-25","product":"COPERNICUS/S1_GRD","band":"VV","value":-2.6416,"farmer_unique_id":"1585770","site_id":2879},{"date":"2020-11-06","product":"COPERNICUS/S1_GRD","band":"VV","value":-7.0884,"farmer_unique_id":"1585770","site_id":2879},{"date":"2020-11-18","product":"COPERNICUS/S1_GRD","band":"VV","value":-2.7977,"farmer_unique_id":"1585770","site_id":2879},{"date":"2020-11-30","product":"COPERNICUS/S1_GRD","band":"VV","value":-4.7505,"farmer_unique_id":"1585770","site_id":2879},{"date":"2020-12-12","product":"COPERNICUS/S1_GRD","band":"VV","value":-3.3438,"farmer_unique_id":"1585770","site_id":2879},{"date":"2020-12-24","product":"COPERNICUS/S1_GRD","band":"VV","value":-6.1208,"farmer_unique_id":"1585770","site_id":2879},{"date":"2021-01-05","product":"COPERNICUS/S1_GRD","band":"VV","value":-5.2591,"farmer_unique_id":"1585770","site_id":2879},{"date":"2021-01-17","product":"COPERNICUS/S1_GRD","band":"VV","value":-8.1703,"farmer_unique_id":"1585770","site_id":2879},{"date":"2021-01-29","product":"COPERNICUS/S1_GRD","band":"VV","value":-8.7128,"farmer_unique_id":"1585770","site_id":2879},{"date":"2021-02-10","product":"COPERNICUS/S1_GRD","band":"VV","value":-7.3531,"farmer_unique_id":"1585770","site_id":2879},{"date":"2021-02-22","product":"COPERNICUS/S1_GRD","band":"VV","value":-5.9185,"farmer_unique_id":"1585770","site_id":2879},{"date":"2021-03-06","product":"COPERNICUS/S1_GRD","band":"VV","value":-6.9791,"farmer_unique_id":"1585770","site_id":2879},{"date":"2021-03-18","product":"COPERNICUS/S1_GRD","band":"VV","value":-8.758,"farmer_unique_id":"1585770","site_id":2879},{"date":"2021-03-30","product":"COPERNICUS/S1_GRD","band":"VV","value":-9.7183,"farmer_unique_id":"1585770","site_id":2879},{"date":"2021-04-11","product":"COPERNICUS/S1_GRD","band":"VV","value":-13.4544,"farmer_unique_id":"1585770","site_id":2879},{"date":"2021-04-23","product":"COPERNICUS/S1_GRD","band":"VV","value":-6.6824,"farmer_unique_id":"1585770","site_id":2879},{"date":"2021-05-05","product":"COPERNICUS/S1_GRD","band":"VV","value":-7.7069,"farmer_unique_id":"1585770","site_id":2879},{"date":"2021-05-17","product":"COPERNICUS/S1_GRD","band":"VV","value":-5.5706,"farmer_unique_id":"1585770","site_id":2879},{"date":"2021-05-29","product":"COPERNICUS/S1_GRD","band":"VV","value":-9.9002,"farmer_unique_id":"1585770","site_id":2879}]
