[{"date":"2020-01-11","product":"COPERNICUS/S1_GRD","band":"VH","value":-17.3393,"farmer_unique_id":"3492512","site_id":2682},{"date":"2020-01-23","product":"COPERNICUS/S1_GRD","band":"VH","value":-16.0585,"farmer_unique_id":"3492512","site_id":2682},{"date":"2020-02-04","product":"COPERNICUS/S1_GRD","band":"VH","value":-14.9213,"farmer_unique_id":"3492512","site_id":2682},{"date":"2020-02-16","product":"COPERNICUS/S1_GRD","band":"VH","value":-17.7062,"farmer_unique_id":"3492512","site_id":2682},{"date":"2020-02-28","product":"COPERNICUS/S1_GRD","band":"VH","value":-17.2727,"farmer_unique_id":"3492512","site_id":2682},{"date":"2020-03-11","product":"COPERNICUS/S1_GRD","band":"VH","value":-15.5207,"farmer_unique_id":"3492512","site_id":2682},{"date":"2020-03-23","product":"COPERNICUS/S1_GRD","band":"VH","value":-20.7641,"farmer_unique_id":"3492512","site_id":2682},{"date":"2020-04-04","product":"COPERNICUS/S1_GRD","band":"VH","value":-19.6985,"farmer_unique_id":"3492512","site_id":2682},{"date":"2020-04-16","product":"COPERNICUS/S1_GRD","band":"VH","value":-19.2206,"farmer_unique_id":"3492512","site_id":2682},{"date":"2020-04-28","product":"COPERNICUS/S1_GRD","band":"VH","value":-15.1879,"farmer_unique_id":"3492512","site_id":2682},{"date":"2020-05-10","product":"COPERNICUS/S1_GRD","band":"VH","value":-16.056,"farmer_unique_id":"3492512","site_id":2682},{"date":"2020-05-22","product":"COPERNICUS/S1_GRD","band":"VH","value":-16.0945,"farmer_unique_id":"3492512","site_id":2682},{"date":"2020-06-03","product":"COPERNICUS/S1_GRD","band":"VH","value":-18.2681,"farmer_unique_id":"3492512","site_id":2682},{"date":"2020-06-15","product":"COPERNICUS/S1_GRD","band":"VH","value":-19.7467,"farmer_unique_id":"3492512","site_id":2682},{"date":"2020-06-27","product":"COPERNICUS/S1_GRD","band":"VH","value":-19.0858,"farmer_unique_id":"3492512","site_id":2682},{"date":"2020-07-09","product":"COPERNICUS/S1_GRD","band":"VH","value":-21.926,"farmer_unique_id":"3492512","site_id":2682},{"date":"2020-07-21","product":"COPERNICUS/S1_GRD","band":"VH","value":-20.9406,"farmer_unique_id":"3492512","site_id":2682},{"date":"2020-08-02","product":"COPERNICUS/S1_GRD","band":"VH","value":-21.0208,"farmer_unique_id":"3492512","site_id":2682},{"date":"2020-08-14","product":"COPERNICUS/S1_GRD","band":"VH","value":-21.3909,"farmer_unique_id":"3492512","site_id":2682},{"date":"2020-08-26","product":"COPERNICUS/S1_GRD","band":"VH","value":-21.4859,"farmer_unique_id":"3492512","site_id":2682},{"date":"2020-09-07","product":"COPERNICUS/S1_GRD","band":"VH","value":-20.6902,"farmer_unique_id":"3492512","site_id":2682},{"date":"2020-09-19","product":"COPERNICUS/S1_GRD","band":"VH","value":-18.7305,"farmer_unique_id":"3492512","site_id":2682},{"date":"2020-10-01","product":"COPERNICUS/S1_GRD","band":"VH","value":-29.2657,"farmer_unique_id":"3492512","site_id":2682},{"date":"2020-10-13","product":"COPERNICUS/S1_GRD","band":"VH","value":-22.9877,"farmer_unique_id":"3492512","site_id":2682},{"date":"2020-10-25","product":"COPERNICUS/S1_GRD","band":"VH","value":-21.8729,"farmer_unique_id":"3492512","site_id":2682},{"date":"2020-11-06","product":"COPERNICUS/S1_GRD","band":"VH","value":-24.5108,"farmer_unique_id":"3492512","site_id":2682},{"date":"2020-11-18","product":"COPERNICUS/S1_GRD","band":"VH","value":-24.0295,"farmer_unique_id":"3492512","site_id":2682},{"date":"2020-11-30","product":"COPERNICUS/S1_GRD","band":"VH","value":-19.4188,"farmer_unique_id":"3492512","site_id":2682},{"date":"2020-12-12","product":"COPERNICUS/S1_GRD","band":"VH","value":-18.7207,"farmer_unique_id":"3492512","site_id":2682},{"date":"2020-12-24","product":"COPERNICUS/S1_GRD","band":"VH","value":-21.948,"farmer_unique_id":"3492512","site_id":2682},{"date":"2021-01-05","product":"COPERNICUS/S1_GRD","band":"VH","value":-18.2588,"farmer_unique_id":"3492512","site_id":2682},{"date":"2021-01-17","product":"COPERNICUS/S1_GRD","band":"VH","value":-16.5824,"farmer_unique_id":"3492512","site_id":2682},{"date":"2021-01-29","product":"COPERNICUS/S1_GRD","band":"VH","value":-16.3846,"farmer_unique_id":"3492512","site_id":2682},{"date":"2021-02-10","product":"COPERNICUS/S1_GRD","band":"VH","value":-17.4104,"farmer_unique_id":"3492512","site_id":2682},{"date":"2021-02-22","product":"COPERNICUS/S1_GRD","band":"VH","value":-14.1095,"farmer_unique_id":"3492512","site_id":2682},{"date":"2021-03-06","product":"COPERNICUS/S1_GRD","band":"VH","value":-20.2197,"farmer_unique_id":"3492512","site_id":2682},{"date":"2021-03-18","product":"COPERNICUS/S1_GRD","band":"VH","value":-16.5586,"farmer_unique_id":"3492512","site_id":2682},{"date":"2021-03-30","product":"COPERNICUS/S1_GRD","band":"VH","value":-16.8081,"farmer_unique_id":"3492512","site_id":2682},{"date":"2021-04-11","product":"COPERNICUS/S1_GRD","band":"VH","value":-17.5293,"farmer_unique_id":"3492512","site_id":2682},{"date":"2021-04-23","product":"COPERNICUS/S1_GRD","band":"VH","value":-16.6864,"farmer_unique_id":"3492512","site_id":2682},{"date":"2021-05-05","product":"COPERNICUS/S1_GRD","band":"VH","value":-17.7987,"farmer_unique_id":"3492512","site_id":2682},{"date":"2021-05-17","product":"COPERNICUS/S1_GRD","band":"VH","value":-19.5923,"farmer_unique_id":"3492512","site_id":2682},{"date":"2021-05-29","product":"COPERNICUS/S1_GRD","band":"VH","value":-20.9058,"farmer_unique_id":"3492512","site_id":2682},{"date":"2020-01-11","product":"COPERNICUS/S1_GRD","band":"VV","value":-13.4118,"farmer_unique_id":"3492512","site_id":2682},{"date":"2020-01-23","product":"COPERNICUS/S1_GRD","band":"VV","value":-8.8302,"farmer_unique_id":"3492512","site_id":2682},{"date":"2020-02-04","product":"COPERNICUS/S1_GRD","band":"VV","value":-13.3886,"farmer_unique_id":"3492512","site_id":2682},{"date":"2020-02-16","product":"COPERNICUS/S1_GRD","band":"VV","value":-14.1853,"farmer_unique_id":"3492512","site_id":2682},{"date":"2020-02-28","product":"COPERNICUS/S1_GRD","band":"VV","value":-9.7025,"farmer_unique_id":"3492512","site_id":2682},{"date":"2020-03-11","product":"COPERNICUS/S1_GRD","band":"VV","value":-10.1339,"farmer_unique_id":"3492512","site_id":2682},{"date":"2020-03-23","product":"COPERNICUS/S1_GRD","band":"VV","value":-10.6284,"farmer_unique_id":"3492512","site_id":2682},{"date":"2020-04-04","product":"COPERNICUS/S1_GRD","band":"VV","value":-16.7534,"farmer_unique_id":"3492512","site_id":2682},{"date":"2020-04-16","product":"COPERNICUS/S1_GRD","band":"VV","value":-13.196,"farmer_unique_id":"3492512","site_id":2682},{"date":"2020-04-28","product":"COPERNICUS/S1_GRD","band":"VV","value":-7.9794,"farmer_unique_id":"3492512","site_id":2682},{"date":"2020-05-10","product":"COPERNICUS/S1_GRD","band":"VV","value":-9.586,"farmer_unique_id":"3492512","site_id":2682},{"date":"2020-05-22","product":"COPERNICUS/S1_GRD","band":"VV","value":-9.437,"farmer_unique_id":"3492512","site_id":2682},{"date":"2020-06-03","product":"COPERNICUS/S1_GRD","band":"VV","value":-9.6239,"farmer_unique_id":"3492512","site_id":2682},{"date":"2020-06-15","product":"COPERNICUS/S1_GRD","band":"VV","value":-10.2151,"farmer_unique_id":"3492512","site_id":2682},{"date":"2020-06-27","product":"COPERNICUS/S1_GRD","band":"VV","value":-10.495,"farmer_unique_id":"3492512","site_id":2682},{"date":"2020-07-09","product":"COPERNICUS/S1_GRD","band":"VV","value":-14.9359,"farmer_unique_id":"3492512","site_id":2682},{"date":"2020-07-21","product":"COPERNICUS/S1_GRD","band":"VV","value":-11.8475,"farmer_unique_id":"3492512","site_id":2682},{"date":"2020-08-02","product":"COPERNICUS/S1_GRD","band":"VV","value":-13.3831,"farmer_unique_id":"3492512","site_id":2682},{"date":"2020-08-14","product":"COPERNICUS/S1_GRD","band":"VV","value":-15.2037,"farmer_unique_id":"3492512","site_id":2682},{"date":"2020-08-26","product":"COPERNICUS/S1_GRD","band":"VV","value":-15.1565,"farmer_unique_id":"3492512","site_id":2682},{"date":"2020-09-07","product":"COPERNICUS/S1_GRD","band":"VV","value":-10.2592,"farmer_unique_id":"3492512","site_id":2682},{"date":"2020-09-19","product":"COPERNICUS/S1_GRD","band":"VV","value":-16.1265,"farmer_unique_id":"3492512","site_id":2682},{"date":"2020-10-01","product":"COPERNICUS/S1_GRD","band":"VV","value":-13.9822,"farmer_unique_id":"3492512","site_id":2682},{"date":"2020-10-13","product":"COPERNICUS/S1_GRD","band":"VV","value":-17.0166,"farmer_unique_id":"3492512","site_id":2682},{"date":"2020-10-25","product":"COPERNICUS/S1_GRD","band":"VV","value":-12.4129,"farmer_unique_id":"3492512","site_id":2682},{"date":"2020-11-06","product":"COPERNICUS/S1_GRD","band":"VV","value":-16.9928,"farmer_unique_id":"3492512","site_id":2682},{"date":"2020-11-18","product":"COPERNICUS/S1_GRD","band":"VV","value":-10.582,"farmer_unique_id":"3492512","site_id":2682},{"date":"2020-11-30","product":"COPERNICUS/S1_GRD","band":"VV","value":-9.5006,"farmer_unique_id":"3492512","site_id":2682},{"date":"2020-12-12","product":"COPERNICUS/S1_GRD","band":"VV","value":-9.9342,"farmer_unique_id":"3492512","site_id":2682},{"date":"2020-12-24","product":"COPERNICUS/S1_GRD","band":"VV","value":-8.6337,"farmer_unique_id":"3492512","site_id":2682},{"date":"2021-01-05","product":"COPERNICUS/S1_GRD","band":"VV","value":-13.8543,"farmer_unique_id":"3492512","site_id":2682},{"date":"2021-01-17","product":"COPERNICUS/S1_GRD","band":"VV","value":-8.5232,"farmer_unique_id":"3492512","site_id":2682},{"date":"2021-01-29","product":"COPERNICUS/S1_GRD","band":"VV","value":-10.647,"farmer_unique_id":"3492512","site_id":2682},{"date":"2021-02-10","product":"COPERNICUS/S1_GRD","band":"VV","value":-11.9044,"farmer_unique_id":"3492512","site_id":2682},{"date":"2021-02-22","product":"COPERNICUS/S1_GRD","band":"VV","value":-7.9176,"farmer_unique_id":"3492512","site_id":2682},{"date":"2021-03-06","product":"COPERNICUS/S1_GRD","band":"VV","value":-9.4703,"farmer_unique_id":"3492512","site_id":2682},{"date":"2021-03-18","product":"COPERNICUS/S1_GRD","band":"VV","value":-12.0687,"farmer_unique_id":"3492512","site_id":2682},{"date":"2021-03-30","product":"COPERNICUS/S1_GRD","band":"VV","value":-11.1751,"farmer_unique_id":"3492512","site_id":2682},{"date":"2021-04-11","product":"COPERNICUS/S1_GRD","band":"VV","value":-7.53,"farmer_unique_id":"3492512","site_id":2682},{"date":"2021-04-23","product":"COPERNICUS/S1_GRD","band":"VV","value":-12.0957,"farmer_unique_id":"3492512","site_id":2682},{"date":"2021-05-05","product":"COPERNICUS/S1_GRD","band":"VV","value":-11.7304,"farmer_unique_id":"3492512","site_id":2682},{"date":"2021-05-17","product":"COPERNICUS/S1_GRD","band":"VV","value":-10.6834,"farmer_unique_id":"3492512","site_id":2682},{"date":"2021-05-29","product":"COPERNICUS/S1_GRD","band":"VV","value":-13.9114,"farmer_unique_id":"3492512","site_id":2682}]
