[{"date":"2020-01-04","product":"COPERNICUS/S1_GRD","band":"VH","value":-13.4022,"farmer_unique_id":"3684263","site_id":2301},{"date":"2020-01-09","product":"COPERNICUS/S1_GRD","band":"VH","value":-15.852,"farmer_unique_id":"3684263","site_id":2301},{"date":"2020-01-16","product":"COPERNICUS/S1_GRD","band":"VH","value":-20.1978,"farmer_unique_id":"3684263","site_id":2301},{"date":"2020-01-21","product":"COPERNICUS/S1_GRD","band":"VH","value":-14.4635,"farmer_unique_id":"3684263","site_id":2301},{"date":"2020-01-28","product":"COPERNICUS/S1_GRD","band":"VH","value":-13.3962,"farmer_unique_id":"3684263","site_id":2301},{"date":"2020-02-02","product":"COPERNICUS/S1_GRD","band":"VH","value":-16.2858,"farmer_unique_id":"3684263","site_id":2301},{"date":"2020-02-09","product":"COPERNICUS/S1_GRD","band":"VH","value":-14.3863,"farmer_unique_id":"3684263","site_id":2301},{"date":"2020-02-14","product":"COPERNICUS/S1_GRD","band":"VH","value":-14.7061,"farmer_unique_id":"3684263","site_id":2301},{"date":"2020-02-21","product":"COPERNICUS/S1_GRD","band":"VH","value":-14.5751,"farmer_unique_id":"3684263","site_id":2301},{"date":"2020-02-26","product":"COPERNICUS/S1_GRD","band":"VH","value":-13.1525,"farmer_unique_id":"3684263","site_id":2301},{"date":"2020-03-04","product":"COPERNICUS/S1_GRD","band":"VH","value":-11.8257,"farmer_unique_id":"3684263","site_id":2301},{"date":"2020-03-09","product":"COPERNICUS/S1_GRD","band":"VH","value":-13.9487,"farmer_unique_id":"3684263","site_id":2301},{"date":"2020-03-16","product":"COPERNICUS/S1_GRD","band":"VH","value":-18.1063,"farmer_unique_id":"3684263","site_id":2301},{"date":"2020-03-21","product":"COPERNICUS/S1_GRD","band":"VH","value":-15.6448,"farmer_unique_id":"3684263","site_id":2301},{"date":"2020-03-28","product":"COPERNICUS/S1_GRD","band":"VH","value":-13.6491,"farmer_unique_id":"3684263","site_id":2301},{"date":"2020-04-02","product":"COPERNICUS/S1_GRD","band":"VH","value":-16.5552,"farmer_unique_id":"3684263","site_id":2301},{"date":"2020-04-09","product":"COPERNICUS/S1_GRD","band":"VH","value":-12.5815,"farmer_unique_id":"3684263","site_id":2301},{"date":"2020-04-14","product":"COPERNICUS/S1_GRD","band":"VH","value":-16.6037,"farmer_unique_id":"3684263","site_id":2301},{"date":"2020-04-21","product":"COPERNICUS/S1_GRD","band":"VH","value":-17.2983,"farmer_unique_id":"3684263","site_id":2301},{"date":"2020-04-26","product":"COPERNICUS/S1_GRD","band":"VH","value":-14.1016,"farmer_unique_id":"3684263","site_id":2301},{"date":"2020-05-03","product":"COPERNICUS/S1_GRD","band":"VH","value":-15.1625,"farmer_unique_id":"3684263","site_id":2301},{"date":"2020-05-08","product":"COPERNICUS/S1_GRD","band":"VH","value":-10.5821,"farmer_unique_id":"3684263","site_id":2301},{"date":"2020-05-15","product":"COPERNICUS/S1_GRD","band":"VH","value":-13.6869,"farmer_unique_id":"3684263","site_id":2301},{"date":"2020-05-20","product":"COPERNICUS/S1_GRD","band":"VH","value":-15.3881,"farmer_unique_id":"3684263","site_id":2301},{"date":"2020-05-27","product":"COPERNICUS/S1_GRD","band":"VH","value":-10.5724,"farmer_unique_id":"3684263","site_id":2301},{"date":"2020-06-01","product":"COPERNICUS/S1_GRD","band":"VH","value":-18.4796,"farmer_unique_id":"3684263","site_id":2301},{"date":"2020-06-08","product":"COPERNICUS/S1_GRD","band":"VH","value":-14.6756,"farmer_unique_id":"3684263","site_id":2301},{"date":"2020-06-13","product":"COPERNICUS/S1_GRD","band":"VH","value":-10.6377,"farmer_unique_id":"3684263","site_id":2301},{"date":"2020-06-20","product":"COPERNICUS/S1_GRD","band":"VH","value":-14.3916,"farmer_unique_id":"3684263","site_id":2301},{"date":"2020-06-25","product":"COPERNICUS/S1_GRD","band":"VH","value":-12.2024,"farmer_unique_id":"3684263","site_id":2301},{"date":"2020-07-02","product":"COPERNICUS/S1_GRD","band":"VH","value":-21.1635,"farmer_unique_id":"3684263","site_id":2301},{"date":"2020-07-07","product":"COPERNICUS/S1_GRD","band":"VH","value":-22.9981,"farmer_unique_id":"3684263","site_id":2301},{"date":"2020-07-14","product":"COPERNICUS/S1_GRD","band":"VH","value":-19.3276,"farmer_unique_id":"3684263","site_id":2301},{"date":"2020-07-19","product":"COPERNICUS/S1_GRD","band":"VH","value":-21.8453,"farmer_unique_id":"3684263","site_id":2301},{"date":"2020-07-26","product":"COPERNICUS/S1_GRD","band":"VH","value":-20.8151,"farmer_unique_id":"3684263","site_id":2301},{"date":"2020-07-31","product":"COPERNICUS/S1_GRD","band":"VH","value":-18.7065,"farmer_unique_id":"3684263","site_id":2301},{"date":"2020-08-07","product":"COPERNICUS/S1_GRD","band":"VH","value":-16.6188,"farmer_unique_id":"3684263","site_id":2301},{"date":"2020-08-12","product":"COPERNICUS/S1_GRD","band":"VH","farmer_unique_id":"3684263","site_id":2301},{"date":"2020-08-19","product":"COPERNICUS/S1_GRD","band":"VH","value":-14.2746,"farmer_unique_id":"3684263","site_id":2301},{"date":"2020-08-24","product":"COPERNICUS/S1_GRD","band":"VH","value":-17.4347,"farmer_unique_id":"3684263","site_id":2301},{"date":"2020-08-31","product":"COPERNICUS/S1_GRD","band":"VH","value":-12.1807,"farmer_unique_id":"3684263","site_id":2301},{"date":"2020-09-05","product":"COPERNICUS/S1_GRD","band":"VH","value":-19.3199,"farmer_unique_id":"3684263","site_id":2301},{"date":"2020-09-12","product":"COPERNICUS/S1_GRD","band":"VH","value":-14.689,"farmer_unique_id":"3684263","site_id":2301},{"date":"2020-09-17","product":"COPERNICUS/S1_GRD","band":"VH","value":-14.924,"farmer_unique_id":"3684263","site_id":2301},{"date":"2020-09-24","product":"COPERNICUS/S1_GRD","band":"VH","value":-22.5119,"farmer_unique_id":"3684263","site_id":2301},{"date":"2020-09-29","product":"COPERNICUS/S1_GRD","band":"VH","value":-16.4426,"farmer_unique_id":"3684263","site_id":2301},{"date":"2020-10-06","product":"COPERNICUS/S1_GRD","band":"VH","value":-16.2043,"farmer_unique_id":"3684263","site_id":2301},{"date":"2020-10-11","product":"COPERNICUS/S1_GRD","band":"VH","value":-14.9624,"farmer_unique_id":"3684263","site_id":2301},{"date":"2020-10-18","product":"COPERNICUS/S1_GRD","band":"VH","value":-13.5147,"farmer_unique_id":"3684263","site_id":2301},{"date":"2020-10-23","product":"COPERNICUS/S1_GRD","band":"VH","value":-13.2242,"farmer_unique_id":"3684263","site_id":2301},{"date":"2020-10-30","product":"COPERNICUS/S1_GRD","band":"VH","value":-11.8499,"farmer_unique_id":"3684263","site_id":2301},{"date":"2020-11-04","product":"COPERNICUS/S1_GRD","band":"VH","value":-16.9261,"farmer_unique_id":"3684263","site_id":2301},{"date":"2020-11-11","product":"COPERNICUS/S1_GRD","band":"VH","value":-11.1817,"farmer_unique_id":"3684263","site_id":2301},{"date":"2020-11-16","product":"COPERNICUS/S1_GRD","band":"VH","value":-16.9273,"farmer_unique_id":"3684263","site_id":2301},{"date":"2020-11-23","product":"COPERNICUS/S1_GRD","band":"VH","value":-16.7168,"farmer_unique_id":"3684263","site_id":2301},{"date":"2020-11-28","product":"COPERNICUS/S1_GRD","band":"VH","value":-12.3483,"farmer_unique_id":"3684263","site_id":2301},{"date":"2020-12-05","product":"COPERNICUS/S1_GRD","band":"VH","value":-13.5369,"farmer_unique_id":"3684263","site_id":2301},{"date":"2020-12-10","product":"COPERNICUS/S1_GRD","band":"VH","value":-15.0132,"farmer_unique_id":"3684263","site_id":2301},{"date":"2020-12-17","product":"COPERNICUS/S1_GRD","band":"VH","value":-17.824,"farmer_unique_id":"3684263","site_id":2301},{"date":"2020-12-22","product":"COPERNICUS/S1_GRD","band":"VH","value":-13.3877,"farmer_unique_id":"3684263","site_id":2301},{"date":"2020-12-29","product":"COPERNICUS/S1_GRD","band":"VH","value":-15.8984,"farmer_unique_id":"3684263","site_id":2301},{"date":"2021-01-03","product":"COPERNICUS/S1_GRD","band":"VH","value":-17.4429,"farmer_unique_id":"3684263","site_id":2301},{"date":"2021-01-10","product":"COPERNICUS/S1_GRD","band":"VH","value":-16.9822,"farmer_unique_id":"3684263","site_id":2301},{"date":"2021-01-15","product":"COPERNICUS/S1_GRD","band":"VH","value":-19.4817,"farmer_unique_id":"3684263","site_id":2301},{"date":"2021-01-22","product":"COPERNICUS/S1_GRD","band":"VH","value":-15.42,"farmer_unique_id":"3684263","site_id":2301},{"date":"2021-01-27","product":"COPERNICUS/S1_GRD","band":"VH","value":-16.78,"farmer_unique_id":"3684263","site_id":2301},{"date":"2021-02-03","product":"COPERNICUS/S1_GRD","band":"VH","value":-15.464,"farmer_unique_id":"3684263","site_id":2301},{"date":"2021-02-08","product":"COPERNICUS/S1_GRD","band":"VH","value":-18.9211,"farmer_unique_id":"3684263","site_id":2301},{"date":"2021-02-15","product":"COPERNICUS/S1_GRD","band":"VH","value":-18.9024,"farmer_unique_id":"3684263","site_id":2301},{"date":"2021-02-20","product":"COPERNICUS/S1_GRD","band":"VH","value":-16.4869,"farmer_unique_id":"3684263","site_id":2301},{"date":"2021-02-27","product":"COPERNICUS/S1_GRD","band":"VH","value":-19.0975,"farmer_unique_id":"3684263","site_id":2301},{"date":"2021-03-04","product":"COPERNICUS/S1_GRD","band":"VH","value":-20.1397,"farmer_unique_id":"3684263","site_id":2301},{"date":"2021-03-11","product":"COPERNICUS/S1_GRD","band":"VH","value":-17.6196,"farmer_unique_id":"3684263","site_id":2301},{"date":"2021-03-16","product":"COPERNICUS/S1_GRD","band":"VH","value":-19.4965,"farmer_unique_id":"3684263","site_id":2301},{"date":"2021-03-23","product":"COPERNICUS/S1_GRD","band":"VH","value":-13.105,"farmer_unique_id":"3684263","site_id":2301},{"date":"2021-03-28","product":"COPERNICUS/S1_GRD","band":"VH","value":-13.229,"farmer_unique_id":"3684263","site_id":2301},{"date":"2021-04-04","product":"COPERNICUS/S1_GRD","band":"VH","value":-14.0969,"farmer_unique_id":"3684263","site_id":2301},{"date":"2021-04-09","product":"COPERNICUS/S1_GRD","band":"VH","value":-17.2705,"farmer_unique_id":"3684263","site_id":2301},{"date":"2021-04-16","product":"COPERNICUS/S1_GRD","band":"VH","value":-14.9672,"farmer_unique_id":"3684263","site_id":2301},{"date":"2021-04-21","product":"COPERNICUS/S1_GRD","band":"VH","value":-14.1932,"farmer_unique_id":"3684263","site_id":2301},{"date":"2021-04-28","product":"COPERNICUS/S1_GRD","band":"VH","value":-15.1234,"farmer_unique_id":"3684263","site_id":2301},{"date":"2021-05-03","product":"COPERNICUS/S1_GRD","band":"VH","value":-15.9133,"farmer_unique_id":"3684263","site_id":2301},{"date":"2021-05-10","product":"COPERNICUS/S1_GRD","band":"VH","value":-14.6467,"farmer_unique_id":"3684263","site_id":2301},{"date":"2021-05-15","product":"COPERNICUS/S1_GRD","band":"VH","value":-16.3738,"farmer_unique_id":"3684263","site_id":2301},{"date":"2021-05-22","product":"COPERNICUS/S1_GRD","band":"VH","value":-15.7116,"farmer_unique_id":"3684263","site_id":2301},{"date":"2021-05-27","product":"COPERNICUS/S1_GRD","band":"VH","value":-16.3851,"farmer_unique_id":"3684263","site_id":2301},{"date":"2020-01-04","product":"COPERNICUS/S1_GRD","band":"VV","value":-8.2403,"farmer_unique_id":"3684263","site_id":2301},{"date":"2020-01-09","product":"COPERNICUS/S1_GRD","band":"VV","value":-13.0373,"farmer_unique_id":"3684263","site_id":2301},{"date":"2020-01-16","product":"COPERNICUS/S1_GRD","band":"VV","value":-10.649,"farmer_unique_id":"3684263","site_id":2301},{"date":"2020-01-21","product":"COPERNICUS/S1_GRD","band":"VV","value":-13.4705,"farmer_unique_id":"3684263","site_id":2301},{"date":"2020-01-28","product":"COPERNICUS/S1_GRD","band":"VV","value":-6.4819,"farmer_unique_id":"3684263","site_id":2301},{"date":"2020-02-02","product":"COPERNICUS/S1_GRD","band":"VV","value":-11.6214,"farmer_unique_id":"3684263","site_id":2301},{"date":"2020-02-09","product":"COPERNICUS/S1_GRD","band":"VV","value":-11.158,"farmer_unique_id":"3684263","site_id":2301},{"date":"2020-02-14","product":"COPERNICUS/S1_GRD","band":"VV","value":-9.4752,"farmer_unique_id":"3684263","site_id":2301},{"date":"2020-02-21","product":"COPERNICUS/S1_GRD","band":"VV","value":-10.3512,"farmer_unique_id":"3684263","site_id":2301},{"date":"2020-02-26","product":"COPERNICUS/S1_GRD","band":"VV","value":-10.774,"farmer_unique_id":"3684263","site_id":2301},{"date":"2020-03-04","product":"COPERNICUS/S1_GRD","band":"VV","value":-7.1106,"farmer_unique_id":"3684263","site_id":2301},{"date":"2020-03-09","product":"COPERNICUS/S1_GRD","band":"VV","value":-10.5876,"farmer_unique_id":"3684263","site_id":2301},{"date":"2020-03-16","product":"COPERNICUS/S1_GRD","band":"VV","value":-5.6848,"farmer_unique_id":"3684263","site_id":2301},{"date":"2020-03-21","product":"COPERNICUS/S1_GRD","band":"VV","value":-11.3342,"farmer_unique_id":"3684263","site_id":2301},{"date":"2020-03-28","product":"COPERNICUS/S1_GRD","band":"VV","value":-6.143,"farmer_unique_id":"3684263","site_id":2301},{"date":"2020-04-02","product":"COPERNICUS/S1_GRD","band":"VV","value":-12.7172,"farmer_unique_id":"3684263","site_id":2301},{"date":"2020-04-09","product":"COPERNICUS/S1_GRD","band":"VV","value":-9.3523,"farmer_unique_id":"3684263","site_id":2301},{"date":"2020-04-14","product":"COPERNICUS/S1_GRD","band":"VV","value":-7.483,"farmer_unique_id":"3684263","site_id":2301},{"date":"2020-04-21","product":"COPERNICUS/S1_GRD","band":"VV","value":-5.937,"farmer_unique_id":"3684263","site_id":2301},{"date":"2020-04-26","product":"COPERNICUS/S1_GRD","band":"VV","value":-9.1398,"farmer_unique_id":"3684263","site_id":2301},{"date":"2020-05-03","product":"COPERNICUS/S1_GRD","band":"VV","value":-6.9353,"farmer_unique_id":"3684263","site_id":2301},{"date":"2020-05-08","product":"COPERNICUS/S1_GRD","band":"VV","value":-6.7702,"farmer_unique_id":"3684263","site_id":2301},{"date":"2020-05-15","product":"COPERNICUS/S1_GRD","band":"VV","value":-4.5383,"farmer_unique_id":"3684263","site_id":2301},{"date":"2020-05-20","product":"COPERNICUS/S1_GRD","band":"VV","value":-6.4716,"farmer_unique_id":"3684263","site_id":2301},{"date":"2020-05-27","product":"COPERNICUS/S1_GRD","band":"VV","value":-6.2268,"farmer_unique_id":"3684263","site_id":2301},{"date":"2020-06-01","product":"COPERNICUS/S1_GRD","band":"VV","value":-10.5907,"farmer_unique_id":"3684263","site_id":2301},{"date":"2020-06-08","product":"COPERNICUS/S1_GRD","band":"VV","value":-7.9742,"farmer_unique_id":"3684263","site_id":2301},{"date":"2020-06-13","product":"COPERNICUS/S1_GRD","band":"VV","value":-9.1937,"farmer_unique_id":"3684263","site_id":2301},{"date":"2020-06-20","product":"COPERNICUS/S1_GRD","band":"VV","value":-7.0084,"farmer_unique_id":"3684263","site_id":2301},{"date":"2020-06-25","product":"COPERNICUS/S1_GRD","band":"VV","value":-8.7365,"farmer_unique_id":"3684263","site_id":2301},{"date":"2020-07-02","product":"COPERNICUS/S1_GRD","band":"VV","value":-9.0322,"farmer_unique_id":"3684263","site_id":2301},{"date":"2020-07-07","product":"COPERNICUS/S1_GRD","band":"VV","value":-9.7305,"farmer_unique_id":"3684263","site_id":2301},{"date":"2020-07-14","product":"COPERNICUS/S1_GRD","band":"VV","value":-6.8439,"farmer_unique_id":"3684263","site_id":2301},{"date":"2020-07-19","product":"COPERNICUS/S1_GRD","band":"VV","value":-10.529,"farmer_unique_id":"3684263","site_id":2301},{"date":"2020-07-26","product":"COPERNICUS/S1_GRD","band":"VV","value":-14.9359,"farmer_unique_id":"3684263","site_id":2301},{"date":"2020-07-31","product":"COPERNICUS/S1_GRD","band":"VV","value":-9.8238,"farmer_unique_id":"3684263","site_id":2301},{"date":"2020-08-07","product":"COPERNICUS/S1_GRD","band":"VV","value":-4.3973,"farmer_unique_id":"3684263","site_id":2301},{"date":"2020-08-12","product":"COPERNICUS/S1_GRD","band":"VV","value":-15.5098,"farmer_unique_id":"3684263","site_id":2301},{"date":"2020-08-19","product":"COPERNICUS/S1_GRD","band":"VV","value":-8.6034,"farmer_unique_id":"3684263","site_id":2301},{"date":"2020-08-24","product":"COPERNICUS/S1_GRD","band":"VV","value":-9.2287,"farmer_unique_id":"3684263","site_id":2301},{"date":"2020-08-31","product":"COPERNICUS/S1_GRD","band":"VV","value":-4.2475,"farmer_unique_id":"3684263","site_id":2301},{"date":"2020-09-05","product":"COPERNICUS/S1_GRD","band":"VV","value":-9.0025,"farmer_unique_id":"3684263","site_id":2301},{"date":"2020-09-12","product":"COPERNICUS/S1_GRD","band":"VV","value":-9.6648,"farmer_unique_id":"3684263","site_id":2301},{"date":"2020-09-17","product":"COPERNICUS/S1_GRD","band":"VV","value":-3.7264,"farmer_unique_id":"3684263","site_id":2301},{"date":"2020-09-24","product":"COPERNICUS/S1_GRD","band":"VV","value":-9.4962,"farmer_unique_id":"3684263","site_id":2301},{"date":"2020-09-29","product":"COPERNICUS/S1_GRD","band":"VV","value":-8.4084,"farmer_unique_id":"3684263","site_id":2301},{"date":"2020-10-06","product":"COPERNICUS/S1_GRD","band":"VV","value":-7.7573,"farmer_unique_id":"3684263","site_id":2301},{"date":"2020-10-11","product":"COPERNICUS/S1_GRD","band":"VV","value":-7.1542,"farmer_unique_id":"3684263","site_id":2301},{"date":"2020-10-18","product":"COPERNICUS/S1_GRD","band":"VV","value":-5.6975,"farmer_unique_id":"3684263","site_id":2301},{"date":"2020-10-23","product":"COPERNICUS/S1_GRD","band":"VV","value":-8.3714,"farmer_unique_id":"3684263","site_id":2301},{"date":"2020-10-30","product":"COPERNICUS/S1_GRD","band":"VV","value":-4.1743,"farmer_unique_id":"3684263","site_id":2301},{"date":"2020-11-04","product":"COPERNICUS/S1_GRD","band":"VV","value":-12.1098,"farmer_unique_id":"3684263","site_id":2301},{"date":"2020-11-11","product":"COPERNICUS/S1_GRD","band":"VV","value":-6.2053,"farmer_unique_id":"3684263","site_id":2301},{"date":"2020-11-16","product":"COPERNICUS/S1_GRD","band":"VV","value":-8.4849,"farmer_unique_id":"3684263","site_id":2301},{"date":"2020-11-23","product":"COPERNICUS/S1_GRD","band":"VV","value":-13.4807,"farmer_unique_id":"3684263","site_id":2301},{"date":"2020-11-28","product":"COPERNICUS/S1_GRD","band":"VV","value":-8.0224,"farmer_unique_id":"3684263","site_id":2301},{"date":"2020-12-05","product":"COPERNICUS/S1_GRD","band":"VV","value":-10.3977,"farmer_unique_id":"3684263","site_id":2301},{"date":"2020-12-10","product":"COPERNICUS/S1_GRD","band":"VV","value":-12.7641,"farmer_unique_id":"3684263","site_id":2301},{"date":"2020-12-17","product":"COPERNICUS/S1_GRD","band":"VV","value":-7.6613,"farmer_unique_id":"3684263","site_id":2301},{"date":"2020-12-22","product":"COPERNICUS/S1_GRD","band":"VV","value":-9.1823,"farmer_unique_id":"3684263","site_id":2301},{"date":"2020-12-29","product":"COPERNICUS/S1_GRD","band":"VV","value":-10.9291,"farmer_unique_id":"3684263","site_id":2301},{"date":"2021-01-03","product":"COPERNICUS/S1_GRD","band":"VV","value":-9.9945,"farmer_unique_id":"3684263","site_id":2301},{"date":"2021-01-10","product":"COPERNICUS/S1_GRD","band":"VV","value":-6.4446,"farmer_unique_id":"3684263","site_id":2301},{"date":"2021-01-15","product":"COPERNICUS/S1_GRD","band":"VV","value":-13.4512,"farmer_unique_id":"3684263","site_id":2301},{"date":"2021-01-22","product":"COPERNICUS/S1_GRD","band":"VV","value":-8.3702,"farmer_unique_id":"3684263","site_id":2301},{"date":"2021-01-27","product":"COPERNICUS/S1_GRD","band":"VV","value":-14.1173,"farmer_unique_id":"3684263","site_id":2301},{"date":"2021-02-03","product":"COPERNICUS/S1_GRD","band":"VV","value":-9.6295,"farmer_unique_id":"3684263","site_id":2301},{"date":"2021-02-08","product":"COPERNICUS/S1_GRD","band":"VV","value":-10.3951,"farmer_unique_id":"3684263","site_id":2301},{"date":"2021-02-15","product":"COPERNICUS/S1_GRD","band":"VV","value":-6.1584,"farmer_unique_id":"3684263","site_id":2301},{"date":"2021-02-20","product":"COPERNICUS/S1_GRD","band":"VV","value":-10.8622,"farmer_unique_id":"3684263","site_id":2301},{"date":"2021-02-27","product":"COPERNICUS/S1_GRD","band":"VV","value":-8.4437,"farmer_unique_id":"3684263","site_id":2301},{"date":"2021-03-04","product":"COPERNICUS/S1_GRD","band":"VV","value":-11.4798,"farmer_unique_id":"3684263","site_id":2301},{"date":"2021-03-11","product":"COPERNICUS/S1_GRD","band":"VV","value":-11.0828,"farmer_unique_id":"3684263","site_id":2301},{"date":"2021-03-16","product":"COPERNICUS/S1_GRD","band":"VV","value":-6.7077,"farmer_unique_id":"3684263","site_id":2301},{"date":"2021-03-23","product":"COPERNICUS/S1_GRD","band":"VV","value":-8.7797,"farmer_unique_id":"3684263","site_id":2301},{"date":"2021-03-28","product":"COPERNICUS/S1_GRD","band":"VV","value":-13.0243,"farmer_unique_id":"3684263","site_id":2301},{"date":"2021-04-04","product":"COPERNICUS/S1_GRD","band":"VV","value":-4.1243,"farmer_unique_id":"3684263","site_id":2301},{"date":"2021-04-09","product":"COPERNICUS/S1_GRD","band":"VV","value":-11.4868,"farmer_unique_id":"3684263","site_id":2301},{"date":"2021-04-16","product":"COPERNICUS/S1_GRD","band":"VV","value":-6.8372,"farmer_unique_id":"3684263","site_id":2301},{"date":"2021-04-21","product":"COPERNICUS/S1_GRD","band":"VV","value":-9.2059,"farmer_unique_id":"3684263","site_id":2301},{"date":"2021-04-28","product":"COPERNICUS/S1_GRD","band":"VV","value":-6.931,"farmer_unique_id":"3684263","site_id":2301},{"date":"2021-05-03","product":"COPERNICUS/S1_GRD","band":"VV","value":-7.3576,"farmer_unique_id":"3684263","site_id":2301},{"date":"2021-05-10","product":"COPERNICUS/S1_GRD","band":"VV","value":-6.5458,"farmer_unique_id":"3684263","site_id":2301},{"date":"2021-05-15","product":"COPERNICUS/S1_GRD","band":"VV","value":-6.7902,"farmer_unique_id":"3684263","site_id":2301},{"date":"2021-05-22","product":"COPERNICUS/S1_GRD","band":"VV","value":-8.7356,"farmer_unique_id":"3684263","site_id":2301},{"date":"2021-05-27","product":"COPERNICUS/S1_GRD","band":"VV","value":-10.2167,"farmer_unique_id":"3684263","site_id":2301}]
