[{"date":"2020-01-04","product":"COPERNICUS/S1_GRD","band":"VH","value":-14.2452,"farmer_unique_id":"1813317","site_id":4901},{"date":"2020-01-09","product":"COPERNICUS/S1_GRD","band":"VH","value":-15.9387,"farmer_unique_id":"1813317","site_id":4901},{"date":"2020-01-16","product":"COPERNICUS/S1_GRD","band":"VH","value":-15.8396,"farmer_unique_id":"1813317","site_id":4901},{"date":"2020-01-21","product":"COPERNICUS/S1_GRD","band":"VH","value":-12.294,"farmer_unique_id":"1813317","site_id":4901},{"date":"2020-01-28","product":"COPERNICUS/S1_GRD","band":"VH","value":-14.7128,"farmer_unique_id":"1813317","site_id":4901},{"date":"2020-02-02","product":"COPERNICUS/S1_GRD","band":"VH","value":-12.8565,"farmer_unique_id":"1813317","site_id":4901},{"date":"2020-02-09","product":"COPERNICUS/S1_GRD","band":"VH","value":-17.1027,"farmer_unique_id":"1813317","site_id":4901},{"date":"2020-02-14","product":"COPERNICUS/S1_GRD","band":"VH","value":-12.9257,"farmer_unique_id":"1813317","site_id":4901},{"date":"2020-02-21","product":"COPERNICUS/S1_GRD","band":"VH","value":-14.5218,"farmer_unique_id":"1813317","site_id":4901},{"date":"2020-02-26","product":"COPERNICUS/S1_GRD","band":"VH","value":-16.6604,"farmer_unique_id":"1813317","site_id":4901},{"date":"2020-03-04","product":"COPERNICUS/S1_GRD","band":"VH","value":-16.3673,"farmer_unique_id":"1813317","site_id":4901},{"date":"2020-03-09","product":"COPERNICUS/S1_GRD","band":"VH","value":-16.2105,"farmer_unique_id":"1813317","site_id":4901},{"date":"2020-03-16","product":"COPERNICUS/S1_GRD","band":"VH","value":-14.6451,"farmer_unique_id":"1813317","site_id":4901},{"date":"2020-03-21","product":"COPERNICUS/S1_GRD","band":"VH","value":-15.5022,"farmer_unique_id":"1813317","site_id":4901},{"date":"2020-03-28","product":"COPERNICUS/S1_GRD","band":"VH","value":-15.0206,"farmer_unique_id":"1813317","site_id":4901},{"date":"2020-04-02","product":"COPERNICUS/S1_GRD","band":"VH","value":-17.8132,"farmer_unique_id":"1813317","site_id":4901},{"date":"2020-04-09","product":"COPERNICUS/S1_GRD","band":"VH","value":-15.1374,"farmer_unique_id":"1813317","site_id":4901},{"date":"2020-04-14","product":"COPERNICUS/S1_GRD","band":"VH","value":-17.1814,"farmer_unique_id":"1813317","site_id":4901},{"date":"2020-04-21","product":"COPERNICUS/S1_GRD","band":"VH","value":-11.8455,"farmer_unique_id":"1813317","site_id":4901},{"date":"2020-04-26","product":"COPERNICUS/S1_GRD","band":"VH","value":-12.7396,"farmer_unique_id":"1813317","site_id":4901},{"date":"2020-05-03","product":"COPERNICUS/S1_GRD","band":"VH","value":-13.0773,"farmer_unique_id":"1813317","site_id":4901},{"date":"2020-05-08","product":"COPERNICUS/S1_GRD","band":"VH","value":-13.4322,"farmer_unique_id":"1813317","site_id":4901},{"date":"2020-05-15","product":"COPERNICUS/S1_GRD","band":"VH","value":-13.8227,"farmer_unique_id":"1813317","site_id":4901},{"date":"2020-05-20","product":"COPERNICUS/S1_GRD","band":"VH","value":-14.9633,"farmer_unique_id":"1813317","site_id":4901},{"date":"2020-05-27","product":"COPERNICUS/S1_GRD","band":"VH","value":-15.8238,"farmer_unique_id":"1813317","site_id":4901},{"date":"2020-06-01","product":"COPERNICUS/S1_GRD","band":"VH","value":-15.0862,"farmer_unique_id":"1813317","site_id":4901},{"date":"2020-06-08","product":"COPERNICUS/S1_GRD","band":"VH","value":-17.2542,"farmer_unique_id":"1813317","site_id":4901},{"date":"2020-06-13","product":"COPERNICUS/S1_GRD","band":"VH","value":-15.3085,"farmer_unique_id":"1813317","site_id":4901},{"date":"2020-06-20","product":"COPERNICUS/S1_GRD","band":"VH","value":-15.9981,"farmer_unique_id":"1813317","site_id":4901},{"date":"2020-06-25","product":"COPERNICUS/S1_GRD","band":"VH","value":-17.6217,"farmer_unique_id":"1813317","site_id":4901},{"date":"2020-07-02","product":"COPERNICUS/S1_GRD","band":"VH","value":-19.2564,"farmer_unique_id":"1813317","site_id":4901},{"date":"2020-07-07","product":"COPERNICUS/S1_GRD","band":"VH","value":-12.3945,"farmer_unique_id":"1813317","site_id":4901},{"date":"2020-07-14","product":"COPERNICUS/S1_GRD","band":"VH","value":-18.5415,"farmer_unique_id":"1813317","site_id":4901},{"date":"2020-07-19","product":"COPERNICUS/S1_GRD","band":"VH","value":-15.7118,"farmer_unique_id":"1813317","site_id":4901},{"date":"2020-07-26","product":"COPERNICUS/S1_GRD","band":"VH","value":-17.697,"farmer_unique_id":"1813317","site_id":4901},{"date":"2020-07-31","product":"COPERNICUS/S1_GRD","band":"VH","value":-12.525,"farmer_unique_id":"1813317","site_id":4901},{"date":"2020-08-07","product":"COPERNICUS/S1_GRD","band":"VH","value":-14.6477,"farmer_unique_id":"1813317","site_id":4901},{"date":"2020-08-12","product":"COPERNICUS/S1_GRD","band":"VH","farmer_unique_id":"1813317","site_id":4901},{"date":"2020-08-19","product":"COPERNICUS/S1_GRD","band":"VH","value":-13.29,"farmer_unique_id":"1813317","site_id":4901},{"date":"2020-08-24","product":"COPERNICUS/S1_GRD","band":"VH","value":-17.5249,"farmer_unique_id":"1813317","site_id":4901},{"date":"2020-08-31","product":"COPERNICUS/S1_GRD","band":"VH","value":-10.207,"farmer_unique_id":"1813317","site_id":4901},{"date":"2020-09-05","product":"COPERNICUS/S1_GRD","band":"VH","value":-15.7352,"farmer_unique_id":"1813317","site_id":4901},{"date":"2020-09-12","product":"COPERNICUS/S1_GRD","band":"VH","value":-16.2829,"farmer_unique_id":"1813317","site_id":4901},{"date":"2020-09-17","product":"COPERNICUS/S1_GRD","band":"VH","value":-13.7351,"farmer_unique_id":"1813317","site_id":4901},{"date":"2020-09-24","product":"COPERNICUS/S1_GRD","band":"VH","value":-11.6976,"farmer_unique_id":"1813317","site_id":4901},{"date":"2020-09-29","product":"COPERNICUS/S1_GRD","band":"VH","value":-13.1136,"farmer_unique_id":"1813317","site_id":4901},{"date":"2020-10-06","product":"COPERNICUS/S1_GRD","band":"VH","value":-17.1803,"farmer_unique_id":"1813317","site_id":4901},{"date":"2020-10-11","product":"COPERNICUS/S1_GRD","band":"VH","value":-17.5512,"farmer_unique_id":"1813317","site_id":4901},{"date":"2020-10-18","product":"COPERNICUS/S1_GRD","band":"VH","value":-15.0424,"farmer_unique_id":"1813317","site_id":4901},{"date":"2020-10-23","product":"COPERNICUS/S1_GRD","band":"VH","value":-16.0137,"farmer_unique_id":"1813317","site_id":4901},{"date":"2020-10-30","product":"COPERNICUS/S1_GRD","band":"VH","value":-17.1415,"farmer_unique_id":"1813317","site_id":4901},{"date":"2020-11-04","product":"COPERNICUS/S1_GRD","band":"VH","value":-10.0259,"farmer_unique_id":"1813317","site_id":4901},{"date":"2020-11-11","product":"COPERNICUS/S1_GRD","band":"VH","value":-14.8631,"farmer_unique_id":"1813317","site_id":4901},{"date":"2020-11-16","product":"COPERNICUS/S1_GRD","band":"VH","value":-13.6946,"farmer_unique_id":"1813317","site_id":4901},{"date":"2020-11-23","product":"COPERNICUS/S1_GRD","band":"VH","value":-17.5815,"farmer_unique_id":"1813317","site_id":4901},{"date":"2020-11-28","product":"COPERNICUS/S1_GRD","band":"VH","value":-14.2101,"farmer_unique_id":"1813317","site_id":4901},{"date":"2020-12-05","product":"COPERNICUS/S1_GRD","band":"VH","value":-17.2419,"farmer_unique_id":"1813317","site_id":4901},{"date":"2020-12-10","product":"COPERNICUS/S1_GRD","band":"VH","value":-16.3178,"farmer_unique_id":"1813317","site_id":4901},{"date":"2020-12-17","product":"COPERNICUS/S1_GRD","band":"VH","value":-19.3429,"farmer_unique_id":"1813317","site_id":4901},{"date":"2020-12-22","product":"COPERNICUS/S1_GRD","band":"VH","value":-15.559,"farmer_unique_id":"1813317","site_id":4901},{"date":"2020-12-29","product":"COPERNICUS/S1_GRD","band":"VH","value":-16.7235,"farmer_unique_id":"1813317","site_id":4901},{"date":"2021-01-03","product":"COPERNICUS/S1_GRD","band":"VH","value":-15.7931,"farmer_unique_id":"1813317","site_id":4901},{"date":"2021-01-10","product":"COPERNICUS/S1_GRD","band":"VH","value":-15.8373,"farmer_unique_id":"1813317","site_id":4901},{"date":"2021-01-15","product":"COPERNICUS/S1_GRD","band":"VH","value":-16.4003,"farmer_unique_id":"1813317","site_id":4901},{"date":"2021-01-22","product":"COPERNICUS/S1_GRD","band":"VH","value":-13.4015,"farmer_unique_id":"1813317","site_id":4901},{"date":"2021-01-27","product":"COPERNICUS/S1_GRD","band":"VH","value":-14.415,"farmer_unique_id":"1813317","site_id":4901},{"date":"2021-02-03","product":"COPERNICUS/S1_GRD","band":"VH","value":-15.3065,"farmer_unique_id":"1813317","site_id":4901},{"date":"2021-02-08","product":"COPERNICUS/S1_GRD","band":"VH","value":-15.3098,"farmer_unique_id":"1813317","site_id":4901},{"date":"2021-02-15","product":"COPERNICUS/S1_GRD","band":"VH","value":-13.0585,"farmer_unique_id":"1813317","site_id":4901},{"date":"2021-02-20","product":"COPERNICUS/S1_GRD","band":"VH","value":-19.5066,"farmer_unique_id":"1813317","site_id":4901},{"date":"2021-02-27","product":"COPERNICUS/S1_GRD","band":"VH","value":-16.5861,"farmer_unique_id":"1813317","site_id":4901},{"date":"2021-03-04","product":"COPERNICUS/S1_GRD","band":"VH","value":-16.815,"farmer_unique_id":"1813317","site_id":4901},{"date":"2021-03-11","product":"COPERNICUS/S1_GRD","band":"VH","value":-16.7152,"farmer_unique_id":"1813317","site_id":4901},{"date":"2021-03-16","product":"COPERNICUS/S1_GRD","band":"VH","value":-16.5063,"farmer_unique_id":"1813317","site_id":4901},{"date":"2021-03-23","product":"COPERNICUS/S1_GRD","band":"VH","value":-15.637,"farmer_unique_id":"1813317","site_id":4901},{"date":"2021-03-28","product":"COPERNICUS/S1_GRD","band":"VH","value":-14.6619,"farmer_unique_id":"1813317","site_id":4901},{"date":"2021-04-04","product":"COPERNICUS/S1_GRD","band":"VH","value":-14.3848,"farmer_unique_id":"1813317","site_id":4901},{"date":"2021-04-09","product":"COPERNICUS/S1_GRD","band":"VH","value":-19.4262,"farmer_unique_id":"1813317","site_id":4901},{"date":"2021-04-16","product":"COPERNICUS/S1_GRD","band":"VH","value":-17.6462,"farmer_unique_id":"1813317","site_id":4901},{"date":"2021-04-21","product":"COPERNICUS/S1_GRD","band":"VH","value":-17.6435,"farmer_unique_id":"1813317","site_id":4901},{"date":"2021-04-28","product":"COPERNICUS/S1_GRD","band":"VH","value":-15.3518,"farmer_unique_id":"1813317","site_id":4901},{"date":"2021-05-03","product":"COPERNICUS/S1_GRD","band":"VH","value":-15.8996,"farmer_unique_id":"1813317","site_id":4901},{"date":"2021-05-10","product":"COPERNICUS/S1_GRD","band":"VH","value":-11.415,"farmer_unique_id":"1813317","site_id":4901},{"date":"2021-05-15","product":"COPERNICUS/S1_GRD","band":"VH","value":-13.3105,"farmer_unique_id":"1813317","site_id":4901},{"date":"2021-05-22","product":"COPERNICUS/S1_GRD","band":"VH","value":-14.2036,"farmer_unique_id":"1813317","site_id":4901},{"date":"2021-05-27","product":"COPERNICUS/S1_GRD","band":"VH","value":-17.9421,"farmer_unique_id":"1813317","site_id":4901},{"date":"2020-01-04","product":"COPERNICUS/S1_GRD","band":"VV","value":-8.2871,"farmer_unique_id":"1813317","site_id":4901},{"date":"2020-01-09","product":"COPERNICUS/S1_GRD","band":"VV","value":-11.2849,"farmer_unique_id":"1813317","site_id":4901},{"date":"2020-01-16","product":"COPERNICUS/S1_GRD","band":"VV","value":-6.8222,"farmer_unique_id":"1813317","site_id":4901},{"date":"2020-01-21","product":"COPERNICUS/S1_GRD","band":"VV","value":-6.9989,"farmer_unique_id":"1813317","site_id":4901},{"date":"2020-01-28","product":"COPERNICUS/S1_GRD","band":"VV","value":-5.7666,"farmer_unique_id":"1813317","site_id":4901},{"date":"2020-02-02","product":"COPERNICUS/S1_GRD","band":"VV","value":-8.5333,"farmer_unique_id":"1813317","site_id":4901},{"date":"2020-02-09","product":"COPERNICUS/S1_GRD","band":"VV","value":-7.9606,"farmer_unique_id":"1813317","site_id":4901},{"date":"2020-02-14","product":"COPERNICUS/S1_GRD","band":"VV","value":-7.8975,"farmer_unique_id":"1813317","site_id":4901},{"date":"2020-02-21","product":"COPERNICUS/S1_GRD","band":"VV","value":-9.3359,"farmer_unique_id":"1813317","site_id":4901},{"date":"2020-02-26","product":"COPERNICUS/S1_GRD","band":"VV","value":-9.5813,"farmer_unique_id":"1813317","site_id":4901},{"date":"2020-03-04","product":"COPERNICUS/S1_GRD","band":"VV","value":-7.6587,"farmer_unique_id":"1813317","site_id":4901},{"date":"2020-03-09","product":"COPERNICUS/S1_GRD","band":"VV","value":-8.4935,"farmer_unique_id":"1813317","site_id":4901},{"date":"2020-03-16","product":"COPERNICUS/S1_GRD","band":"VV","value":-7.9712,"farmer_unique_id":"1813317","site_id":4901},{"date":"2020-03-21","product":"COPERNICUS/S1_GRD","band":"VV","value":-11.342,"farmer_unique_id":"1813317","site_id":4901},{"date":"2020-03-28","product":"COPERNICUS/S1_GRD","band":"VV","value":-6.9221,"farmer_unique_id":"1813317","site_id":4901},{"date":"2020-04-02","product":"COPERNICUS/S1_GRD","band":"VV","value":-9.9633,"farmer_unique_id":"1813317","site_id":4901},{"date":"2020-04-09","product":"COPERNICUS/S1_GRD","band":"VV","value":-12.3253,"farmer_unique_id":"1813317","site_id":4901},{"date":"2020-04-14","product":"COPERNICUS/S1_GRD","band":"VV","value":-5.6775,"farmer_unique_id":"1813317","site_id":4901},{"date":"2020-04-21","product":"COPERNICUS/S1_GRD","band":"VV","value":-9.2276,"farmer_unique_id":"1813317","site_id":4901},{"date":"2020-04-26","product":"COPERNICUS/S1_GRD","band":"VV","value":-7.629,"farmer_unique_id":"1813317","site_id":4901},{"date":"2020-05-03","product":"COPERNICUS/S1_GRD","band":"VV","value":-6.4436,"farmer_unique_id":"1813317","site_id":4901},{"date":"2020-05-08","product":"COPERNICUS/S1_GRD","band":"VV","value":-8.9129,"farmer_unique_id":"1813317","site_id":4901},{"date":"2020-05-15","product":"COPERNICUS/S1_GRD","band":"VV","value":-8.5691,"farmer_unique_id":"1813317","site_id":4901},{"date":"2020-05-20","product":"COPERNICUS/S1_GRD","band":"VV","value":-9.317,"farmer_unique_id":"1813317","site_id":4901},{"date":"2020-05-27","product":"COPERNICUS/S1_GRD","band":"VV","value":-4.8976,"farmer_unique_id":"1813317","site_id":4901},{"date":"2020-06-01","product":"COPERNICUS/S1_GRD","band":"VV","value":-10.0324,"farmer_unique_id":"1813317","site_id":4901},{"date":"2020-06-08","product":"COPERNICUS/S1_GRD","band":"VV","value":-6.6897,"farmer_unique_id":"1813317","site_id":4901},{"date":"2020-06-13","product":"COPERNICUS/S1_GRD","band":"VV","value":-7.7901,"farmer_unique_id":"1813317","site_id":4901},{"date":"2020-06-20","product":"COPERNICUS/S1_GRD","band":"VV","value":-13.807,"farmer_unique_id":"1813317","site_id":4901},{"date":"2020-06-25","product":"COPERNICUS/S1_GRD","band":"VV","value":-9.8598,"farmer_unique_id":"1813317","site_id":4901},{"date":"2020-07-02","product":"COPERNICUS/S1_GRD","band":"VV","value":-8.718,"farmer_unique_id":"1813317","site_id":4901},{"date":"2020-07-07","product":"COPERNICUS/S1_GRD","band":"VV","value":-10.0352,"farmer_unique_id":"1813317","site_id":4901},{"date":"2020-07-14","product":"COPERNICUS/S1_GRD","band":"VV","value":-6.9725,"farmer_unique_id":"1813317","site_id":4901},{"date":"2020-07-19","product":"COPERNICUS/S1_GRD","band":"VV","value":-6.8002,"farmer_unique_id":"1813317","site_id":4901},{"date":"2020-07-26","product":"COPERNICUS/S1_GRD","band":"VV","value":-8.1812,"farmer_unique_id":"1813317","site_id":4901},{"date":"2020-07-31","product":"COPERNICUS/S1_GRD","band":"VV","value":-8.8655,"farmer_unique_id":"1813317","site_id":4901},{"date":"2020-08-07","product":"COPERNICUS/S1_GRD","band":"VV","value":-5.923,"farmer_unique_id":"1813317","site_id":4901},{"date":"2020-08-12","product":"COPERNICUS/S1_GRD","band":"VV","value":-9.9837,"farmer_unique_id":"1813317","site_id":4901},{"date":"2020-08-19","product":"COPERNICUS/S1_GRD","band":"VV","value":-3.2685,"farmer_unique_id":"1813317","site_id":4901},{"date":"2020-08-24","product":"COPERNICUS/S1_GRD","band":"VV","value":-8.9655,"farmer_unique_id":"1813317","site_id":4901},{"date":"2020-08-31","product":"COPERNICUS/S1_GRD","band":"VV","value":-4.1271,"farmer_unique_id":"1813317","site_id":4901},{"date":"2020-09-05","product":"COPERNICUS/S1_GRD","band":"VV","value":-9.2868,"farmer_unique_id":"1813317","site_id":4901},{"date":"2020-09-12","product":"COPERNICUS/S1_GRD","band":"VV","value":-8.3302,"farmer_unique_id":"1813317","site_id":4901},{"date":"2020-09-17","product":"COPERNICUS/S1_GRD","band":"VV","value":-9.0753,"farmer_unique_id":"1813317","site_id":4901},{"date":"2020-09-24","product":"COPERNICUS/S1_GRD","band":"VV","value":-9.3639,"farmer_unique_id":"1813317","site_id":4901},{"date":"2020-09-29","product":"COPERNICUS/S1_GRD","band":"VV","value":-10.468,"farmer_unique_id":"1813317","site_id":4901},{"date":"2020-10-06","product":"COPERNICUS/S1_GRD","band":"VV","value":-11.2467,"farmer_unique_id":"1813317","site_id":4901},{"date":"2020-10-11","product":"COPERNICUS/S1_GRD","band":"VV","value":-8.4313,"farmer_unique_id":"1813317","site_id":4901},{"date":"2020-10-18","product":"COPERNICUS/S1_GRD","band":"VV","value":-7.6847,"farmer_unique_id":"1813317","site_id":4901},{"date":"2020-10-23","product":"COPERNICUS/S1_GRD","band":"VV","value":-8.7981,"farmer_unique_id":"1813317","site_id":4901},{"date":"2020-10-30","product":"COPERNICUS/S1_GRD","band":"VV","value":-6.4946,"farmer_unique_id":"1813317","site_id":4901},{"date":"2020-11-04","product":"COPERNICUS/S1_GRD","band":"VV","value":-9.0595,"farmer_unique_id":"1813317","site_id":4901},{"date":"2020-11-11","product":"COPERNICUS/S1_GRD","band":"VV","value":-7.2833,"farmer_unique_id":"1813317","site_id":4901},{"date":"2020-11-16","product":"COPERNICUS/S1_GRD","band":"VV","value":-8.1714,"farmer_unique_id":"1813317","site_id":4901},{"date":"2020-11-23","product":"COPERNICUS/S1_GRD","band":"VV","value":-11.2606,"farmer_unique_id":"1813317","site_id":4901},{"date":"2020-11-28","product":"COPERNICUS/S1_GRD","band":"VV","value":-7.7812,"farmer_unique_id":"1813317","site_id":4901},{"date":"2020-12-05","product":"COPERNICUS/S1_GRD","band":"VV","value":-8.6847,"farmer_unique_id":"1813317","site_id":4901},{"date":"2020-12-10","product":"COPERNICUS/S1_GRD","band":"VV","value":-11.071,"farmer_unique_id":"1813317","site_id":4901},{"date":"2020-12-17","product":"COPERNICUS/S1_GRD","band":"VV","value":-9.3061,"farmer_unique_id":"1813317","site_id":4901},{"date":"2020-12-22","product":"COPERNICUS/S1_GRD","band":"VV","value":-9.429,"farmer_unique_id":"1813317","site_id":4901},{"date":"2020-12-29","product":"COPERNICUS/S1_GRD","band":"VV","value":-9.0666,"farmer_unique_id":"1813317","site_id":4901},{"date":"2021-01-03","product":"COPERNICUS/S1_GRD","band":"VV","value":-11.6513,"farmer_unique_id":"1813317","site_id":4901},{"date":"2021-01-10","product":"COPERNICUS/S1_GRD","band":"VV","value":-10.2259,"farmer_unique_id":"1813317","site_id":4901},{"date":"2021-01-15","product":"COPERNICUS/S1_GRD","band":"VV","value":-11.7925,"farmer_unique_id":"1813317","site_id":4901},{"date":"2021-01-22","product":"COPERNICUS/S1_GRD","band":"VV","value":-12.3518,"farmer_unique_id":"1813317","site_id":4901},{"date":"2021-01-27","product":"COPERNICUS/S1_GRD","band":"VV","value":-11.9543,"farmer_unique_id":"1813317","site_id":4901},{"date":"2021-02-03","product":"COPERNICUS/S1_GRD","band":"VV","value":-10.0504,"farmer_unique_id":"1813317","site_id":4901},{"date":"2021-02-08","product":"COPERNICUS/S1_GRD","band":"VV","value":-10.0261,"farmer_unique_id":"1813317","site_id":4901},{"date":"2021-02-15","product":"COPERNICUS/S1_GRD","band":"VV","value":-10.3073,"farmer_unique_id":"1813317","site_id":4901},{"date":"2021-02-20","product":"COPERNICUS/S1_GRD","band":"VV","value":-10.0505,"farmer_unique_id":"1813317","site_id":4901},{"date":"2021-02-27","product":"COPERNICUS/S1_GRD","band":"VV","value":-9.7952,"farmer_unique_id":"1813317","site_id":4901},{"date":"2021-03-04","product":"COPERNICUS/S1_GRD","band":"VV","value":-12.888,"farmer_unique_id":"1813317","site_id":4901},{"date":"2021-03-11","product":"COPERNICUS/S1_GRD","band":"VV","value":-13.6732,"farmer_unique_id":"1813317","site_id":4901},{"date":"2021-03-16","product":"COPERNICUS/S1_GRD","band":"VV","value":-7.3019,"farmer_unique_id":"1813317","site_id":4901},{"date":"2021-03-23","product":"COPERNICUS/S1_GRD","band":"VV","value":-11.2678,"farmer_unique_id":"1813317","site_id":4901},{"date":"2021-03-28","product":"COPERNICUS/S1_GRD","band":"VV","value":-9.5322,"farmer_unique_id":"1813317","site_id":4901},{"date":"2021-04-04","product":"COPERNICUS/S1_GRD","band":"VV","value":-11.0593,"farmer_unique_id":"1813317","site_id":4901},{"date":"2021-04-09","product":"COPERNICUS/S1_GRD","band":"VV","value":-7.6337,"farmer_unique_id":"1813317","site_id":4901},{"date":"2021-04-16","product":"COPERNICUS/S1_GRD","band":"VV","value":-10.2211,"farmer_unique_id":"1813317","site_id":4901},{"date":"2021-04-21","product":"COPERNICUS/S1_GRD","band":"VV","value":-8.8296,"farmer_unique_id":"1813317","site_id":4901},{"date":"2021-04-28","product":"COPERNICUS/S1_GRD","band":"VV","value":-8.0588,"farmer_unique_id":"1813317","site_id":4901},{"date":"2021-05-03","product":"COPERNICUS/S1_GRD","band":"VV","value":-11.1884,"farmer_unique_id":"1813317","site_id":4901},{"date":"2021-05-10","product":"COPERNICUS/S1_GRD","band":"VV","value":-4.9126,"farmer_unique_id":"1813317","site_id":4901},{"date":"2021-05-15","product":"COPERNICUS/S1_GRD","band":"VV","value":-7.4394,"farmer_unique_id":"1813317","site_id":4901},{"date":"2021-05-22","product":"COPERNICUS/S1_GRD","band":"VV","value":-4.9017,"farmer_unique_id":"1813317","site_id":4901},{"date":"2021-05-27","product":"COPERNICUS/S1_GRD","band":"VV","value":-11.2684,"farmer_unique_id":"1813317","site_id":4901}]
