[{"date":"2020-01-11","product":"COPERNICUS/S1_GRD","band":"VH","value":-11.8753,"farmer_unique_id":"276947","site_id":8897},{"date":"2020-01-23","product":"COPERNICUS/S1_GRD","band":"VH","value":-16.169,"farmer_unique_id":"276947","site_id":8897},{"date":"2020-02-04","product":"COPERNICUS/S1_GRD","band":"VH","value":-15.6155,"farmer_unique_id":"276947","site_id":8897},{"date":"2020-02-16","product":"COPERNICUS/S1_GRD","band":"VH","value":-14.3735,"farmer_unique_id":"276947","site_id":8897},{"date":"2020-02-28","product":"COPERNICUS/S1_GRD","band":"VH","value":-15.1383,"farmer_unique_id":"276947","site_id":8897},{"date":"2020-03-11","product":"COPERNICUS/S1_GRD","band":"VH","value":-14.2626,"farmer_unique_id":"276947","site_id":8897},{"date":"2020-03-23","product":"COPERNICUS/S1_GRD","band":"VH","value":-13.6863,"farmer_unique_id":"276947","site_id":8897},{"date":"2020-04-04","product":"COPERNICUS/S1_GRD","band":"VH","value":-15.5464,"farmer_unique_id":"276947","site_id":8897},{"date":"2020-04-16","product":"COPERNICUS/S1_GRD","band":"VH","value":-16.5952,"farmer_unique_id":"276947","site_id":8897},{"date":"2020-04-28","product":"COPERNICUS/S1_GRD","band":"VH","value":-18.3799,"farmer_unique_id":"276947","site_id":8897},{"date":"2020-05-10","product":"COPERNICUS/S1_GRD","band":"VH","value":-13.0034,"farmer_unique_id":"276947","site_id":8897},{"date":"2020-05-22","product":"COPERNICUS/S1_GRD","band":"VH","value":-13.5735,"farmer_unique_id":"276947","site_id":8897},{"date":"2020-06-03","product":"COPERNICUS/S1_GRD","band":"VH","value":-15.8642,"farmer_unique_id":"276947","site_id":8897},{"date":"2020-06-15","product":"COPERNICUS/S1_GRD","band":"VH","value":-16.3287,"farmer_unique_id":"276947","site_id":8897},{"date":"2020-06-27","product":"COPERNICUS/S1_GRD","band":"VH","value":-17.8621,"farmer_unique_id":"276947","site_id":8897},{"date":"2020-07-09","product":"COPERNICUS/S1_GRD","band":"VH","value":-19.2132,"farmer_unique_id":"276947","site_id":8897},{"date":"2020-07-21","product":"COPERNICUS/S1_GRD","band":"VH","value":-18.0867,"farmer_unique_id":"276947","site_id":8897},{"date":"2020-08-02","product":"COPERNICUS/S1_GRD","band":"VH","value":-18.2926,"farmer_unique_id":"276947","site_id":8897},{"date":"2020-08-14","product":"COPERNICUS/S1_GRD","band":"VH","value":-11.2026,"farmer_unique_id":"276947","site_id":8897},{"date":"2020-08-26","product":"COPERNICUS/S1_GRD","band":"VH","value":-15.4183,"farmer_unique_id":"276947","site_id":8897},{"date":"2020-09-07","product":"COPERNICUS/S1_GRD","band":"VH","value":-16.4957,"farmer_unique_id":"276947","site_id":8897},{"date":"2020-09-19","product":"COPERNICUS/S1_GRD","band":"VH","value":-15.9162,"farmer_unique_id":"276947","site_id":8897},{"date":"2020-10-01","product":"COPERNICUS/S1_GRD","band":"VH","value":-18.2324,"farmer_unique_id":"276947","site_id":8897},{"date":"2020-10-13","product":"COPERNICUS/S1_GRD","band":"VH","value":-17.4843,"farmer_unique_id":"276947","site_id":8897},{"date":"2020-10-25","product":"COPERNICUS/S1_GRD","band":"VH","value":-19.4587,"farmer_unique_id":"276947","site_id":8897},{"date":"2020-11-06","product":"COPERNICUS/S1_GRD","band":"VH","value":-12.8608,"farmer_unique_id":"276947","site_id":8897},{"date":"2020-11-18","product":"COPERNICUS/S1_GRD","band":"VH","value":-15.2959,"farmer_unique_id":"276947","site_id":8897},{"date":"2020-11-30","product":"COPERNICUS/S1_GRD","band":"VH","value":-16.8195,"farmer_unique_id":"276947","site_id":8897},{"date":"2020-12-12","product":"COPERNICUS/S1_GRD","band":"VH","value":-19.9121,"farmer_unique_id":"276947","site_id":8897},{"date":"2020-12-24","product":"COPERNICUS/S1_GRD","band":"VH","value":-12.8903,"farmer_unique_id":"276947","site_id":8897},{"date":"2021-01-05","product":"COPERNICUS/S1_GRD","band":"VH","value":-16.4986,"farmer_unique_id":"276947","site_id":8897},{"date":"2021-01-17","product":"COPERNICUS/S1_GRD","band":"VH","value":-16.0878,"farmer_unique_id":"276947","site_id":8897},{"date":"2021-01-29","product":"COPERNICUS/S1_GRD","band":"VH","value":-17.12,"farmer_unique_id":"276947","site_id":8897},{"date":"2021-02-10","product":"COPERNICUS/S1_GRD","band":"VH","value":-12.765,"farmer_unique_id":"276947","site_id":8897},{"date":"2021-02-22","product":"COPERNICUS/S1_GRD","band":"VH","value":-16.5072,"farmer_unique_id":"276947","site_id":8897},{"date":"2021-03-06","product":"COPERNICUS/S1_GRD","band":"VH","value":-17.202,"farmer_unique_id":"276947","site_id":8897},{"date":"2021-03-18","product":"COPERNICUS/S1_GRD","band":"VH","value":-17.3942,"farmer_unique_id":"276947","site_id":8897},{"date":"2021-03-30","product":"COPERNICUS/S1_GRD","band":"VH","value":-17.0771,"farmer_unique_id":"276947","site_id":8897},{"date":"2021-04-11","product":"COPERNICUS/S1_GRD","band":"VH","value":-18.7468,"farmer_unique_id":"276947","site_id":8897},{"date":"2021-04-23","product":"COPERNICUS/S1_GRD","band":"VH","value":-17.464,"farmer_unique_id":"276947","site_id":8897},{"date":"2021-05-05","product":"COPERNICUS/S1_GRD","band":"VH","value":-9.7213,"farmer_unique_id":"276947","site_id":8897},{"date":"2021-05-17","product":"COPERNICUS/S1_GRD","band":"VH","value":-17.0835,"farmer_unique_id":"276947","site_id":8897},{"date":"2021-05-29","product":"COPERNICUS/S1_GRD","band":"VH","value":-15.1132,"farmer_unique_id":"276947","site_id":8897},{"date":"2020-01-11","product":"COPERNICUS/S1_GRD","band":"VV","value":-9.283,"farmer_unique_id":"276947","site_id":8897},{"date":"2020-01-23","product":"COPERNICUS/S1_GRD","band":"VV","value":-8.553,"farmer_unique_id":"276947","site_id":8897},{"date":"2020-02-04","product":"COPERNICUS/S1_GRD","band":"VV","value":-8.4302,"farmer_unique_id":"276947","site_id":8897},{"date":"2020-02-16","product":"COPERNICUS/S1_GRD","band":"VV","value":-9.4543,"farmer_unique_id":"276947","site_id":8897},{"date":"2020-02-28","product":"COPERNICUS/S1_GRD","band":"VV","value":-12.7761,"farmer_unique_id":"276947","site_id":8897},{"date":"2020-03-11","product":"COPERNICUS/S1_GRD","band":"VV","value":-8.8748,"farmer_unique_id":"276947","site_id":8897},{"date":"2020-03-23","product":"COPERNICUS/S1_GRD","band":"VV","value":-10.7594,"farmer_unique_id":"276947","site_id":8897},{"date":"2020-04-04","product":"COPERNICUS/S1_GRD","band":"VV","value":-9.7117,"farmer_unique_id":"276947","site_id":8897},{"date":"2020-04-16","product":"COPERNICUS/S1_GRD","band":"VV","value":-12.4038,"farmer_unique_id":"276947","site_id":8897},{"date":"2020-04-28","product":"COPERNICUS/S1_GRD","band":"VV","value":-10.4715,"farmer_unique_id":"276947","site_id":8897},{"date":"2020-05-10","product":"COPERNICUS/S1_GRD","band":"VV","value":-10.6153,"farmer_unique_id":"276947","site_id":8897},{"date":"2020-05-22","product":"COPERNICUS/S1_GRD","band":"VV","value":-8.7553,"farmer_unique_id":"276947","site_id":8897},{"date":"2020-06-03","product":"COPERNICUS/S1_GRD","band":"VV","value":-10.7845,"farmer_unique_id":"276947","site_id":8897},{"date":"2020-06-15","product":"COPERNICUS/S1_GRD","band":"VV","value":-11.2321,"farmer_unique_id":"276947","site_id":8897},{"date":"2020-06-27","product":"COPERNICUS/S1_GRD","band":"VV","value":-7.0025,"farmer_unique_id":"276947","site_id":8897},{"date":"2020-07-09","product":"COPERNICUS/S1_GRD","band":"VV","value":-8.7562,"farmer_unique_id":"276947","site_id":8897},{"date":"2020-07-21","product":"COPERNICUS/S1_GRD","band":"VV","value":-8.9996,"farmer_unique_id":"276947","site_id":8897},{"date":"2020-08-02","product":"COPERNICUS/S1_GRD","band":"VV","value":-10.9087,"farmer_unique_id":"276947","site_id":8897},{"date":"2020-08-14","product":"COPERNICUS/S1_GRD","band":"VV","value":-10.6135,"farmer_unique_id":"276947","site_id":8897},{"date":"2020-08-26","product":"COPERNICUS/S1_GRD","band":"VV","value":-10.8996,"farmer_unique_id":"276947","site_id":8897},{"date":"2020-09-07","product":"COPERNICUS/S1_GRD","band":"VV","value":-9.4788,"farmer_unique_id":"276947","site_id":8897},{"date":"2020-09-19","product":"COPERNICUS/S1_GRD","band":"VV","value":-10.0793,"farmer_unique_id":"276947","site_id":8897},{"date":"2020-10-01","product":"COPERNICUS/S1_GRD","band":"VV","value":-12.113,"farmer_unique_id":"276947","site_id":8897},{"date":"2020-10-13","product":"COPERNICUS/S1_GRD","band":"VV","value":-12.9048,"farmer_unique_id":"276947","site_id":8897},{"date":"2020-10-25","product":"COPERNICUS/S1_GRD","band":"VV","value":-12.1949,"farmer_unique_id":"276947","site_id":8897},{"date":"2020-11-06","product":"COPERNICUS/S1_GRD","band":"VV","value":-6.3645,"farmer_unique_id":"276947","site_id":8897},{"date":"2020-11-18","product":"COPERNICUS/S1_GRD","band":"VV","value":-7.7499,"farmer_unique_id":"276947","site_id":8897},{"date":"2020-11-30","product":"COPERNICUS/S1_GRD","band":"VV","value":-10.1866,"farmer_unique_id":"276947","site_id":8897},{"date":"2020-12-12","product":"COPERNICUS/S1_GRD","band":"VV","value":-7.3296,"farmer_unique_id":"276947","site_id":8897},{"date":"2020-12-24","product":"COPERNICUS/S1_GRD","band":"VV","value":-6.5886,"farmer_unique_id":"276947","site_id":8897},{"date":"2021-01-05","product":"COPERNICUS/S1_GRD","band":"VV","value":-7.9785,"farmer_unique_id":"276947","site_id":8897},{"date":"2021-01-17","product":"COPERNICUS/S1_GRD","band":"VV","value":-12.1954,"farmer_unique_id":"276947","site_id":8897},{"date":"2021-01-29","product":"COPERNICUS/S1_GRD","band":"VV","value":-12.9234,"farmer_unique_id":"276947","site_id":8897},{"date":"2021-02-10","product":"COPERNICUS/S1_GRD","band":"VV","value":-9.9841,"farmer_unique_id":"276947","site_id":8897},{"date":"2021-02-22","product":"COPERNICUS/S1_GRD","band":"VV","value":-11.4108,"farmer_unique_id":"276947","site_id":8897},{"date":"2021-03-06","product":"COPERNICUS/S1_GRD","band":"VV","value":-12.0859,"farmer_unique_id":"276947","site_id":8897},{"date":"2021-03-18","product":"COPERNICUS/S1_GRD","band":"VV","value":-9.3335,"farmer_unique_id":"276947","site_id":8897},{"date":"2021-03-30","product":"COPERNICUS/S1_GRD","band":"VV","value":-9.4481,"farmer_unique_id":"276947","site_id":8897},{"date":"2021-04-11","product":"COPERNICUS/S1_GRD","band":"VV","value":-7.2248,"farmer_unique_id":"276947","site_id":8897},{"date":"2021-04-23","product":"COPERNICUS/S1_GRD","band":"VV","value":-9.0904,"farmer_unique_id":"276947","site_id":8897},{"date":"2021-05-05","product":"COPERNICUS/S1_GRD","band":"VV","value":-7.6765,"farmer_unique_id":"276947","site_id":8897},{"date":"2021-05-17","product":"COPERNICUS/S1_GRD","band":"VV","value":-8.6439,"farmer_unique_id":"276947","site_id":8897},{"date":"2021-05-29","product":"COPERNICUS/S1_GRD","band":"VV","value":-10.5059,"farmer_unique_id":"276947","site_id":8897}]
