[{"date":"2020-01-04","product":"COPERNICUS/S1_GRD","band":"VH","value":-18.5325,"farmer_unique_id":"BN016","site_id":3068},{"date":"2020-01-16","product":"COPERNICUS/S1_GRD","band":"VH","value":-19.339,"farmer_unique_id":"BN016","site_id":3068},{"date":"2020-01-28","product":"COPERNICUS/S1_GRD","band":"VH","value":-18.9147,"farmer_unique_id":"BN016","site_id":3068},{"date":"2020-02-09","product":"COPERNICUS/S1_GRD","band":"VH","value":-19.6159,"farmer_unique_id":"BN016","site_id":3068},{"date":"2020-02-21","product":"COPERNICUS/S1_GRD","band":"VH","value":-16.8685,"farmer_unique_id":"BN016","site_id":3068},{"date":"2020-03-04","product":"COPERNICUS/S1_GRD","band":"VH","value":-17.6372,"farmer_unique_id":"BN016","site_id":3068},{"date":"2020-03-16","product":"COPERNICUS/S1_GRD","band":"VH","value":-13.8089,"farmer_unique_id":"BN016","site_id":3068},{"date":"2020-03-28","product":"COPERNICUS/S1_GRD","band":"VH","value":-13.7135,"farmer_unique_id":"BN016","site_id":3068},{"date":"2020-04-09","product":"COPERNICUS/S1_GRD","band":"VH","value":-15.3673,"farmer_unique_id":"BN016","site_id":3068},{"date":"2020-04-21","product":"COPERNICUS/S1_GRD","band":"VH","value":-17.0847,"farmer_unique_id":"BN016","site_id":3068},{"date":"2020-05-03","product":"COPERNICUS/S1_GRD","band":"VH","value":-13.334,"farmer_unique_id":"BN016","site_id":3068},{"date":"2020-05-15","product":"COPERNICUS/S1_GRD","band":"VH","value":-13.5161,"farmer_unique_id":"BN016","site_id":3068},{"date":"2020-05-27","product":"COPERNICUS/S1_GRD","band":"VH","value":-15.6321,"farmer_unique_id":"BN016","site_id":3068},{"date":"2020-06-08","product":"COPERNICUS/S1_GRD","band":"VH","value":-18.9285,"farmer_unique_id":"BN016","site_id":3068},{"date":"2020-06-20","product":"COPERNICUS/S1_GRD","band":"VH","value":-15.4637,"farmer_unique_id":"BN016","site_id":3068},{"date":"2020-07-02","product":"COPERNICUS/S1_GRD","band":"VH","value":-17.9741,"farmer_unique_id":"BN016","site_id":3068},{"date":"2020-07-14","product":"COPERNICUS/S1_GRD","band":"VH","value":-12.7818,"farmer_unique_id":"BN016","site_id":3068},{"date":"2020-07-26","product":"COPERNICUS/S1_GRD","band":"VH","value":-13.7256,"farmer_unique_id":"BN016","site_id":3068},{"date":"2020-08-07","product":"COPERNICUS/S1_GRD","band":"VH","value":-14.114,"farmer_unique_id":"BN016","site_id":3068},{"date":"2020-08-19","product":"COPERNICUS/S1_GRD","band":"VH","value":-14.7197,"farmer_unique_id":"BN016","site_id":3068},{"date":"2020-08-31","product":"COPERNICUS/S1_GRD","band":"VH","value":-15.1936,"farmer_unique_id":"BN016","site_id":3068},{"date":"2020-09-12","product":"COPERNICUS/S1_GRD","band":"VH","value":-16.6458,"farmer_unique_id":"BN016","site_id":3068},{"date":"2020-09-24","product":"COPERNICUS/S1_GRD","band":"VH","value":-13.0443,"farmer_unique_id":"BN016","site_id":3068},{"date":"2020-10-06","product":"COPERNICUS/S1_GRD","band":"VH","value":-15.898,"farmer_unique_id":"BN016","site_id":3068},{"date":"2020-10-18","product":"COPERNICUS/S1_GRD","band":"VH","value":-10.3395,"farmer_unique_id":"BN016","site_id":3068},{"date":"2020-10-30","product":"COPERNICUS/S1_GRD","band":"VH","value":-12.7542,"farmer_unique_id":"BN016","site_id":3068},{"date":"2020-11-11","product":"COPERNICUS/S1_GRD","band":"VH","value":-16.3088,"farmer_unique_id":"BN016","site_id":3068},{"date":"2020-11-23","product":"COPERNICUS/S1_GRD","band":"VH","value":-14.2326,"farmer_unique_id":"BN016","site_id":3068},{"date":"2020-12-05","product":"COPERNICUS/S1_GRD","band":"VH","value":-16.1485,"farmer_unique_id":"BN016","site_id":3068},{"date":"2020-12-17","product":"COPERNICUS/S1_GRD","band":"VH","value":-11.1535,"farmer_unique_id":"BN016","site_id":3068},{"date":"2020-12-29","product":"COPERNICUS/S1_GRD","band":"VH","value":-15.6104,"farmer_unique_id":"BN016","site_id":3068},{"date":"2021-01-10","product":"COPERNICUS/S1_GRD","band":"VH","value":-13.7128,"farmer_unique_id":"BN016","site_id":3068},{"date":"2021-01-22","product":"COPERNICUS/S1_GRD","band":"VH","value":-14.8495,"farmer_unique_id":"BN016","site_id":3068},{"date":"2021-02-03","product":"COPERNICUS/S1_GRD","band":"VH","value":-15.8533,"farmer_unique_id":"BN016","site_id":3068},{"date":"2021-02-15","product":"COPERNICUS/S1_GRD","band":"VH","value":-17.2442,"farmer_unique_id":"BN016","site_id":3068},{"date":"2021-02-27","product":"COPERNICUS/S1_GRD","band":"VH","value":-17.0734,"farmer_unique_id":"BN016","site_id":3068},{"date":"2021-03-11","product":"COPERNICUS/S1_GRD","band":"VH","value":-16.8345,"farmer_unique_id":"BN016","site_id":3068},{"date":"2021-03-23","product":"COPERNICUS/S1_GRD","band":"VH","value":-17.1725,"farmer_unique_id":"BN016","site_id":3068},{"date":"2021-04-04","product":"COPERNICUS/S1_GRD","band":"VH","value":-19.8505,"farmer_unique_id":"BN016","site_id":3068},{"date":"2021-04-16","product":"COPERNICUS/S1_GRD","band":"VH","value":-16.8693,"farmer_unique_id":"BN016","site_id":3068},{"date":"2021-04-28","product":"COPERNICUS/S1_GRD","band":"VH","value":-17.5876,"farmer_unique_id":"BN016","site_id":3068},{"date":"2021-05-10","product":"COPERNICUS/S1_GRD","band":"VH","value":-17.2013,"farmer_unique_id":"BN016","site_id":3068},{"date":"2021-05-22","product":"COPERNICUS/S1_GRD","band":"VH","value":-14.6807,"farmer_unique_id":"BN016","site_id":3068},{"date":"2020-01-04","product":"COPERNICUS/S1_GRD","band":"VV","value":-6.2454,"farmer_unique_id":"BN016","site_id":3068},{"date":"2020-01-16","product":"COPERNICUS/S1_GRD","band":"VV","value":-7.5889,"farmer_unique_id":"BN016","site_id":3068},{"date":"2020-01-28","product":"COPERNICUS/S1_GRD","band":"VV","value":-6.6066,"farmer_unique_id":"BN016","site_id":3068},{"date":"2020-02-09","product":"COPERNICUS/S1_GRD","band":"VV","value":-14.5766,"farmer_unique_id":"BN016","site_id":3068},{"date":"2020-02-21","product":"COPERNICUS/S1_GRD","band":"VV","value":-10.1031,"farmer_unique_id":"BN016","site_id":3068},{"date":"2020-03-04","product":"COPERNICUS/S1_GRD","band":"VV","value":-8.6382,"farmer_unique_id":"BN016","site_id":3068},{"date":"2020-03-16","product":"COPERNICUS/S1_GRD","band":"VV","value":-6.5466,"farmer_unique_id":"BN016","site_id":3068},{"date":"2020-03-28","product":"COPERNICUS/S1_GRD","band":"VV","value":-6.2324,"farmer_unique_id":"BN016","site_id":3068},{"date":"2020-04-09","product":"COPERNICUS/S1_GRD","band":"VV","value":-6.9113,"farmer_unique_id":"BN016","site_id":3068},{"date":"2020-04-21","product":"COPERNICUS/S1_GRD","band":"VV","value":-6.7578,"farmer_unique_id":"BN016","site_id":3068},{"date":"2020-05-03","product":"COPERNICUS/S1_GRD","band":"VV","value":-7.0076,"farmer_unique_id":"BN016","site_id":3068},{"date":"2020-05-15","product":"COPERNICUS/S1_GRD","band":"VV","value":-4.5077,"farmer_unique_id":"BN016","site_id":3068},{"date":"2020-05-27","product":"COPERNICUS/S1_GRD","band":"VV","value":-7.4305,"farmer_unique_id":"BN016","site_id":3068},{"date":"2020-06-08","product":"COPERNICUS/S1_GRD","band":"VV","value":-11.8897,"farmer_unique_id":"BN016","site_id":3068},{"date":"2020-06-20","product":"COPERNICUS/S1_GRD","band":"VV","value":-7.8359,"farmer_unique_id":"BN016","site_id":3068},{"date":"2020-07-02","product":"COPERNICUS/S1_GRD","band":"VV","value":-7.0553,"farmer_unique_id":"BN016","site_id":3068},{"date":"2020-07-14","product":"COPERNICUS/S1_GRD","band":"VV","value":-6.2984,"farmer_unique_id":"BN016","site_id":3068},{"date":"2020-07-26","product":"COPERNICUS/S1_GRD","band":"VV","value":-10.3234,"farmer_unique_id":"BN016","site_id":3068},{"date":"2020-08-07","product":"COPERNICUS/S1_GRD","band":"VV","value":-7.8921,"farmer_unique_id":"BN016","site_id":3068},{"date":"2020-08-19","product":"COPERNICUS/S1_GRD","band":"VV","value":-10.522,"farmer_unique_id":"BN016","site_id":3068},{"date":"2020-08-31","product":"COPERNICUS/S1_GRD","band":"VV","value":-5.6045,"farmer_unique_id":"BN016","site_id":3068},{"date":"2020-09-12","product":"COPERNICUS/S1_GRD","band":"VV","value":-9.8253,"farmer_unique_id":"BN016","site_id":3068},{"date":"2020-09-24","product":"COPERNICUS/S1_GRD","band":"VV","value":-8.1208,"farmer_unique_id":"BN016","site_id":3068},{"date":"2020-10-06","product":"COPERNICUS/S1_GRD","band":"VV","value":-10.3212,"farmer_unique_id":"BN016","site_id":3068},{"date":"2020-10-18","product":"COPERNICUS/S1_GRD","band":"VV","value":-9.3099,"farmer_unique_id":"BN016","site_id":3068},{"date":"2020-10-30","product":"COPERNICUS/S1_GRD","band":"VV","value":-6.6557,"farmer_unique_id":"BN016","site_id":3068},{"date":"2020-11-11","product":"COPERNICUS/S1_GRD","band":"VV","value":-8.0063,"farmer_unique_id":"BN016","site_id":3068},{"date":"2020-11-23","product":"COPERNICUS/S1_GRD","band":"VV","value":-11.8564,"farmer_unique_id":"BN016","site_id":3068},{"date":"2020-12-05","product":"COPERNICUS/S1_GRD","band":"VV","value":-9.1029,"farmer_unique_id":"BN016","site_id":3068},{"date":"2020-12-17","product":"COPERNICUS/S1_GRD","band":"VV","value":-5.6734,"farmer_unique_id":"BN016","site_id":3068},{"date":"2020-12-29","product":"COPERNICUS/S1_GRD","band":"VV","value":-11.1578,"farmer_unique_id":"BN016","site_id":3068},{"date":"2021-01-10","product":"COPERNICUS/S1_GRD","band":"VV","value":-8.0827,"farmer_unique_id":"BN016","site_id":3068},{"date":"2021-01-22","product":"COPERNICUS/S1_GRD","band":"VV","value":-9.1786,"farmer_unique_id":"BN016","site_id":3068},{"date":"2021-02-03","product":"COPERNICUS/S1_GRD","band":"VV","value":-8.6914,"farmer_unique_id":"BN016","site_id":3068},{"date":"2021-02-15","product":"COPERNICUS/S1_GRD","band":"VV","value":-9.8373,"farmer_unique_id":"BN016","site_id":3068},{"date":"2021-02-27","product":"COPERNICUS/S1_GRD","band":"VV","value":-9.4122,"farmer_unique_id":"BN016","site_id":3068},{"date":"2021-03-11","product":"COPERNICUS/S1_GRD","band":"VV","value":-5.636,"farmer_unique_id":"BN016","site_id":3068},{"date":"2021-03-23","product":"COPERNICUS/S1_GRD","band":"VV","value":-5.725,"farmer_unique_id":"BN016","site_id":3068},{"date":"2021-04-04","product":"COPERNICUS/S1_GRD","band":"VV","value":-7.3477,"farmer_unique_id":"BN016","site_id":3068},{"date":"2021-04-16","product":"COPERNICUS/S1_GRD","band":"VV","value":-6.9165,"farmer_unique_id":"BN016","site_id":3068},{"date":"2021-04-28","product":"COPERNICUS/S1_GRD","band":"VV","value":-8.4332,"farmer_unique_id":"BN016","site_id":3068},{"date":"2021-05-10","product":"COPERNICUS/S1_GRD","band":"VV","value":-5.1408,"farmer_unique_id":"BN016","site_id":3068},{"date":"2021-05-22","product":"COPERNICUS/S1_GRD","band":"VV","value":-5.1017,"farmer_unique_id":"BN016","site_id":3068}]
