[{"date":"2020-01-11","product":"COPERNICUS/S1_GRD","band":"VH","value":-16.8255,"farmer_unique_id":"2417141","site_id":5417},{"date":"2020-01-23","product":"COPERNICUS/S1_GRD","band":"VH","value":-20.3177,"farmer_unique_id":"2417141","site_id":5417},{"date":"2020-02-04","product":"COPERNICUS/S1_GRD","band":"VH","value":-20.1429,"farmer_unique_id":"2417141","site_id":5417},{"date":"2020-02-16","product":"COPERNICUS/S1_GRD","band":"VH","value":-16.6486,"farmer_unique_id":"2417141","site_id":5417},{"date":"2020-02-28","product":"COPERNICUS/S1_GRD","band":"VH","value":-13.4664,"farmer_unique_id":"2417141","site_id":5417},{"date":"2020-03-11","product":"COPERNICUS/S1_GRD","band":"VH","value":-16.0884,"farmer_unique_id":"2417141","site_id":5417},{"date":"2020-03-23","product":"COPERNICUS/S1_GRD","band":"VH","value":-17.6242,"farmer_unique_id":"2417141","site_id":5417},{"date":"2020-04-04","product":"COPERNICUS/S1_GRD","band":"VH","value":-21.3637,"farmer_unique_id":"2417141","site_id":5417},{"date":"2020-04-16","product":"COPERNICUS/S1_GRD","band":"VH","value":-16.5181,"farmer_unique_id":"2417141","site_id":5417},{"date":"2020-04-28","product":"COPERNICUS/S1_GRD","band":"VH","value":-13.9462,"farmer_unique_id":"2417141","site_id":5417},{"date":"2020-05-10","product":"COPERNICUS/S1_GRD","band":"VH","value":-14.162,"farmer_unique_id":"2417141","site_id":5417},{"date":"2020-05-22","product":"COPERNICUS/S1_GRD","band":"VH","value":-15.0807,"farmer_unique_id":"2417141","site_id":5417},{"date":"2020-06-03","product":"COPERNICUS/S1_GRD","band":"VH","value":-14.737,"farmer_unique_id":"2417141","site_id":5417},{"date":"2020-06-15","product":"COPERNICUS/S1_GRD","band":"VH","value":-16.6766,"farmer_unique_id":"2417141","site_id":5417},{"date":"2020-06-27","product":"COPERNICUS/S1_GRD","band":"VH","value":-18.5798,"farmer_unique_id":"2417141","site_id":5417},{"date":"2020-07-09","product":"COPERNICUS/S1_GRD","band":"VH","value":-15.666,"farmer_unique_id":"2417141","site_id":5417},{"date":"2020-07-21","product":"COPERNICUS/S1_GRD","band":"VH","value":-15.5372,"farmer_unique_id":"2417141","site_id":5417},{"date":"2020-08-02","product":"COPERNICUS/S1_GRD","band":"VH","value":-20.0854,"farmer_unique_id":"2417141","site_id":5417},{"date":"2020-08-14","product":"COPERNICUS/S1_GRD","band":"VH","value":-18.5618,"farmer_unique_id":"2417141","site_id":5417},{"date":"2020-08-26","product":"COPERNICUS/S1_GRD","band":"VH","value":-16.8974,"farmer_unique_id":"2417141","site_id":5417},{"date":"2020-09-07","product":"COPERNICUS/S1_GRD","band":"VH","value":-16.4604,"farmer_unique_id":"2417141","site_id":5417},{"date":"2020-09-19","product":"COPERNICUS/S1_GRD","band":"VH","value":-18.8445,"farmer_unique_id":"2417141","site_id":5417},{"date":"2020-10-01","product":"COPERNICUS/S1_GRD","band":"VH","value":-17.9384,"farmer_unique_id":"2417141","site_id":5417},{"date":"2020-10-13","product":"COPERNICUS/S1_GRD","band":"VH","value":-18.5617,"farmer_unique_id":"2417141","site_id":5417},{"date":"2020-10-25","product":"COPERNICUS/S1_GRD","band":"VH","value":-18.0675,"farmer_unique_id":"2417141","site_id":5417},{"date":"2020-11-06","product":"COPERNICUS/S1_GRD","band":"VH","value":-19.5247,"farmer_unique_id":"2417141","site_id":5417},{"date":"2020-11-18","product":"COPERNICUS/S1_GRD","band":"VH","value":-21.0428,"farmer_unique_id":"2417141","site_id":5417},{"date":"2020-11-30","product":"COPERNICUS/S1_GRD","band":"VH","value":-14.8757,"farmer_unique_id":"2417141","site_id":5417},{"date":"2020-12-12","product":"COPERNICUS/S1_GRD","band":"VH","value":-17.9824,"farmer_unique_id":"2417141","site_id":5417},{"date":"2020-12-24","product":"COPERNICUS/S1_GRD","band":"VH","value":-13.4489,"farmer_unique_id":"2417141","site_id":5417},{"date":"2021-01-05","product":"COPERNICUS/S1_GRD","band":"VH","value":-18.5843,"farmer_unique_id":"2417141","site_id":5417},{"date":"2021-01-17","product":"COPERNICUS/S1_GRD","band":"VH","value":-16.7352,"farmer_unique_id":"2417141","site_id":5417},{"date":"2021-01-29","product":"COPERNICUS/S1_GRD","band":"VH","value":-16.7773,"farmer_unique_id":"2417141","site_id":5417},{"date":"2021-02-10","product":"COPERNICUS/S1_GRD","band":"VH","value":-19.5413,"farmer_unique_id":"2417141","site_id":5417},{"date":"2021-02-22","product":"COPERNICUS/S1_GRD","band":"VH","value":-15.2851,"farmer_unique_id":"2417141","site_id":5417},{"date":"2021-03-06","product":"COPERNICUS/S1_GRD","band":"VH","value":-19.5729,"farmer_unique_id":"2417141","site_id":5417},{"date":"2021-03-18","product":"COPERNICUS/S1_GRD","band":"VH","value":-19.3373,"farmer_unique_id":"2417141","site_id":5417},{"date":"2021-03-30","product":"COPERNICUS/S1_GRD","band":"VH","value":-17.419,"farmer_unique_id":"2417141","site_id":5417},{"date":"2021-04-11","product":"COPERNICUS/S1_GRD","band":"VH","value":-18.0885,"farmer_unique_id":"2417141","site_id":5417},{"date":"2021-04-23","product":"COPERNICUS/S1_GRD","band":"VH","value":-14.2785,"farmer_unique_id":"2417141","site_id":5417},{"date":"2021-05-05","product":"COPERNICUS/S1_GRD","band":"VH","value":-14.9759,"farmer_unique_id":"2417141","site_id":5417},{"date":"2021-05-17","product":"COPERNICUS/S1_GRD","band":"VH","value":-16.9218,"farmer_unique_id":"2417141","site_id":5417},{"date":"2021-05-29","product":"COPERNICUS/S1_GRD","band":"VH","value":-18.8494,"farmer_unique_id":"2417141","site_id":5417},{"date":"2020-01-11","product":"COPERNICUS/S1_GRD","band":"VV","value":-8.7521,"farmer_unique_id":"2417141","site_id":5417},{"date":"2020-01-23","product":"COPERNICUS/S1_GRD","band":"VV","value":-10.2595,"farmer_unique_id":"2417141","site_id":5417},{"date":"2020-02-04","product":"COPERNICUS/S1_GRD","band":"VV","value":-9.3409,"farmer_unique_id":"2417141","site_id":5417},{"date":"2020-02-16","product":"COPERNICUS/S1_GRD","band":"VV","value":-9.0592,"farmer_unique_id":"2417141","site_id":5417},{"date":"2020-02-28","product":"COPERNICUS/S1_GRD","band":"VV","value":-9.4853,"farmer_unique_id":"2417141","site_id":5417},{"date":"2020-03-11","product":"COPERNICUS/S1_GRD","band":"VV","value":-14.0569,"farmer_unique_id":"2417141","site_id":5417},{"date":"2020-03-23","product":"COPERNICUS/S1_GRD","band":"VV","value":-9.5167,"farmer_unique_id":"2417141","site_id":5417},{"date":"2020-04-04","product":"COPERNICUS/S1_GRD","band":"VV","value":-7.6046,"farmer_unique_id":"2417141","site_id":5417},{"date":"2020-04-16","product":"COPERNICUS/S1_GRD","band":"VV","value":-10.3028,"farmer_unique_id":"2417141","site_id":5417},{"date":"2020-04-28","product":"COPERNICUS/S1_GRD","band":"VV","value":-7.9354,"farmer_unique_id":"2417141","site_id":5417},{"date":"2020-05-10","product":"COPERNICUS/S1_GRD","band":"VV","value":-9.5081,"farmer_unique_id":"2417141","site_id":5417},{"date":"2020-05-22","product":"COPERNICUS/S1_GRD","band":"VV","value":-14.43,"farmer_unique_id":"2417141","site_id":5417},{"date":"2020-06-03","product":"COPERNICUS/S1_GRD","band":"VV","value":-9.1869,"farmer_unique_id":"2417141","site_id":5417},{"date":"2020-06-15","product":"COPERNICUS/S1_GRD","band":"VV","value":-9.159,"farmer_unique_id":"2417141","site_id":5417},{"date":"2020-06-27","product":"COPERNICUS/S1_GRD","band":"VV","value":-12.6579,"farmer_unique_id":"2417141","site_id":5417},{"date":"2020-07-09","product":"COPERNICUS/S1_GRD","band":"VV","value":-9.5733,"farmer_unique_id":"2417141","site_id":5417},{"date":"2020-07-21","product":"COPERNICUS/S1_GRD","band":"VV","value":-11.3672,"farmer_unique_id":"2417141","site_id":5417},{"date":"2020-08-02","product":"COPERNICUS/S1_GRD","band":"VV","value":-8.1062,"farmer_unique_id":"2417141","site_id":5417},{"date":"2020-08-14","product":"COPERNICUS/S1_GRD","band":"VV","value":-12.463,"farmer_unique_id":"2417141","site_id":5417},{"date":"2020-08-26","product":"COPERNICUS/S1_GRD","band":"VV","value":-10.949,"farmer_unique_id":"2417141","site_id":5417},{"date":"2020-09-07","product":"COPERNICUS/S1_GRD","band":"VV","value":-10.0184,"farmer_unique_id":"2417141","site_id":5417},{"date":"2020-09-19","product":"COPERNICUS/S1_GRD","band":"VV","value":-8.3582,"farmer_unique_id":"2417141","site_id":5417},{"date":"2020-10-01","product":"COPERNICUS/S1_GRD","band":"VV","value":-11.4242,"farmer_unique_id":"2417141","site_id":5417},{"date":"2020-10-13","product":"COPERNICUS/S1_GRD","band":"VV","value":-10.357,"farmer_unique_id":"2417141","site_id":5417},{"date":"2020-10-25","product":"COPERNICUS/S1_GRD","band":"VV","value":-11.0626,"farmer_unique_id":"2417141","site_id":5417},{"date":"2020-11-06","product":"COPERNICUS/S1_GRD","band":"VV","value":-12.7388,"farmer_unique_id":"2417141","site_id":5417},{"date":"2020-11-18","product":"COPERNICUS/S1_GRD","band":"VV","value":-8.8869,"farmer_unique_id":"2417141","site_id":5417},{"date":"2020-11-30","product":"COPERNICUS/S1_GRD","band":"VV","value":-9.9853,"farmer_unique_id":"2417141","site_id":5417},{"date":"2020-12-12","product":"COPERNICUS/S1_GRD","band":"VV","value":-10.9653,"farmer_unique_id":"2417141","site_id":5417},{"date":"2020-12-24","product":"COPERNICUS/S1_GRD","band":"VV","value":-11.7994,"farmer_unique_id":"2417141","site_id":5417},{"date":"2021-01-05","product":"COPERNICUS/S1_GRD","band":"VV","value":-12.6859,"farmer_unique_id":"2417141","site_id":5417},{"date":"2021-01-17","product":"COPERNICUS/S1_GRD","band":"VV","value":-12.5027,"farmer_unique_id":"2417141","site_id":5417},{"date":"2021-01-29","product":"COPERNICUS/S1_GRD","band":"VV","value":-11.6198,"farmer_unique_id":"2417141","site_id":5417},{"date":"2021-02-10","product":"COPERNICUS/S1_GRD","band":"VV","value":-11.9313,"farmer_unique_id":"2417141","site_id":5417},{"date":"2021-02-22","product":"COPERNICUS/S1_GRD","band":"VV","value":-13.0481,"farmer_unique_id":"2417141","site_id":5417},{"date":"2021-03-06","product":"COPERNICUS/S1_GRD","band":"VV","value":-13.153,"farmer_unique_id":"2417141","site_id":5417},{"date":"2021-03-18","product":"COPERNICUS/S1_GRD","band":"VV","value":-15.2412,"farmer_unique_id":"2417141","site_id":5417},{"date":"2021-03-30","product":"COPERNICUS/S1_GRD","band":"VV","value":-11.119,"farmer_unique_id":"2417141","site_id":5417},{"date":"2021-04-11","product":"COPERNICUS/S1_GRD","band":"VV","value":-11.2061,"farmer_unique_id":"2417141","site_id":5417},{"date":"2021-04-23","product":"COPERNICUS/S1_GRD","band":"VV","value":-10.5668,"farmer_unique_id":"2417141","site_id":5417},{"date":"2021-05-05","product":"COPERNICUS/S1_GRD","band":"VV","value":-10.3132,"farmer_unique_id":"2417141","site_id":5417},{"date":"2021-05-17","product":"COPERNICUS/S1_GRD","band":"VV","value":-10.7029,"farmer_unique_id":"2417141","site_id":5417},{"date":"2021-05-29","product":"COPERNICUS/S1_GRD","band":"VV","value":-10.7561,"farmer_unique_id":"2417141","site_id":5417}]
