[{"date":"2020-01-11","product":"COPERNICUS/S1_GRD","band":"VH","value":-18.2617,"farmer_unique_id":"1347642599","site_id":2985},{"date":"2020-01-23","product":"COPERNICUS/S1_GRD","band":"VH","value":-15.7512,"farmer_unique_id":"1347642599","site_id":2985},{"date":"2020-02-04","product":"COPERNICUS/S1_GRD","band":"VH","value":-16.8626,"farmer_unique_id":"1347642599","site_id":2985},{"date":"2020-02-16","product":"COPERNICUS/S1_GRD","band":"VH","value":-21.1386,"farmer_unique_id":"1347642599","site_id":2985},{"date":"2020-02-28","product":"COPERNICUS/S1_GRD","band":"VH","value":-13.9011,"farmer_unique_id":"1347642599","site_id":2985},{"date":"2020-03-11","product":"COPERNICUS/S1_GRD","band":"VH","value":-17.7817,"farmer_unique_id":"1347642599","site_id":2985},{"date":"2020-03-23","product":"COPERNICUS/S1_GRD","band":"VH","value":-18.7692,"farmer_unique_id":"1347642599","site_id":2985},{"date":"2020-04-04","product":"COPERNICUS/S1_GRD","band":"VH","value":-17.7164,"farmer_unique_id":"1347642599","site_id":2985},{"date":"2020-04-16","product":"COPERNICUS/S1_GRD","band":"VH","value":-17.7255,"farmer_unique_id":"1347642599","site_id":2985},{"date":"2020-04-28","product":"COPERNICUS/S1_GRD","band":"VH","value":-15.4367,"farmer_unique_id":"1347642599","site_id":2985},{"date":"2020-05-10","product":"COPERNICUS/S1_GRD","band":"VH","value":-18.397,"farmer_unique_id":"1347642599","site_id":2985},{"date":"2020-05-22","product":"COPERNICUS/S1_GRD","band":"VH","value":-18.7474,"farmer_unique_id":"1347642599","site_id":2985},{"date":"2020-06-15","product":"COPERNICUS/S1_GRD","band":"VH","value":-16.5422,"farmer_unique_id":"1347642599","site_id":2985},{"date":"2020-06-27","product":"COPERNICUS/S1_GRD","band":"VH","value":-18.3589,"farmer_unique_id":"1347642599","site_id":2985},{"date":"2020-07-09","product":"COPERNICUS/S1_GRD","band":"VH","value":-17.909,"farmer_unique_id":"1347642599","site_id":2985},{"date":"2020-07-21","product":"COPERNICUS/S1_GRD","band":"VH","value":-16.2576,"farmer_unique_id":"1347642599","site_id":2985},{"date":"2020-08-02","product":"COPERNICUS/S1_GRD","band":"VH","value":-15.8247,"farmer_unique_id":"1347642599","site_id":2985},{"date":"2020-08-14","product":"COPERNICUS/S1_GRD","band":"VH","value":-16.1571,"farmer_unique_id":"1347642599","site_id":2985},{"date":"2020-08-26","product":"COPERNICUS/S1_GRD","band":"VH","value":-18.9191,"farmer_unique_id":"1347642599","site_id":2985},{"date":"2020-09-07","product":"COPERNICUS/S1_GRD","band":"VH","value":-14.2822,"farmer_unique_id":"1347642599","site_id":2985},{"date":"2020-09-19","product":"COPERNICUS/S1_GRD","band":"VH","value":-18.974,"farmer_unique_id":"1347642599","site_id":2985},{"date":"2020-10-01","product":"COPERNICUS/S1_GRD","band":"VH","value":-18.8988,"farmer_unique_id":"1347642599","site_id":2985},{"date":"2020-10-13","product":"COPERNICUS/S1_GRD","band":"VH","value":-15.5181,"farmer_unique_id":"1347642599","site_id":2985},{"date":"2020-10-25","product":"COPERNICUS/S1_GRD","band":"VH","value":-16.6502,"farmer_unique_id":"1347642599","site_id":2985},{"date":"2020-11-06","product":"COPERNICUS/S1_GRD","band":"VH","value":-15.1485,"farmer_unique_id":"1347642599","site_id":2985},{"date":"2020-11-18","product":"COPERNICUS/S1_GRD","band":"VH","value":-20.0347,"farmer_unique_id":"1347642599","site_id":2985},{"date":"2020-11-30","product":"COPERNICUS/S1_GRD","band":"VH","value":-16.9973,"farmer_unique_id":"1347642599","site_id":2985},{"date":"2020-12-12","product":"COPERNICUS/S1_GRD","band":"VH","value":-14.6168,"farmer_unique_id":"1347642599","site_id":2985},{"date":"2020-12-24","product":"COPERNICUS/S1_GRD","band":"VH","value":-20.5455,"farmer_unique_id":"1347642599","site_id":2985},{"date":"2021-01-05","product":"COPERNICUS/S1_GRD","band":"VH","value":-16.4839,"farmer_unique_id":"1347642599","site_id":2985},{"date":"2021-01-17","product":"COPERNICUS/S1_GRD","band":"VH","value":-15.3189,"farmer_unique_id":"1347642599","site_id":2985},{"date":"2021-01-29","product":"COPERNICUS/S1_GRD","band":"VH","value":-21.3227,"farmer_unique_id":"1347642599","site_id":2985},{"date":"2021-02-10","product":"COPERNICUS/S1_GRD","band":"VH","value":-13.7108,"farmer_unique_id":"1347642599","site_id":2985},{"date":"2021-02-22","product":"COPERNICUS/S1_GRD","band":"VH","value":-16.0275,"farmer_unique_id":"1347642599","site_id":2985},{"date":"2021-03-06","product":"COPERNICUS/S1_GRD","band":"VH","value":-18.9745,"farmer_unique_id":"1347642599","site_id":2985},{"date":"2021-03-18","product":"COPERNICUS/S1_GRD","band":"VH","value":-21.6349,"farmer_unique_id":"1347642599","site_id":2985},{"date":"2021-03-30","product":"COPERNICUS/S1_GRD","band":"VH","value":-11.9459,"farmer_unique_id":"1347642599","site_id":2985},{"date":"2021-04-11","product":"COPERNICUS/S1_GRD","band":"VH","value":-14.4517,"farmer_unique_id":"1347642599","site_id":2985},{"date":"2021-04-23","product":"COPERNICUS/S1_GRD","band":"VH","value":-21.1096,"farmer_unique_id":"1347642599","site_id":2985},{"date":"2021-05-05","product":"COPERNICUS/S1_GRD","band":"VH","value":-16.1234,"farmer_unique_id":"1347642599","site_id":2985},{"date":"2021-05-17","product":"COPERNICUS/S1_GRD","band":"VH","value":-17.2813,"farmer_unique_id":"1347642599","site_id":2985},{"date":"2021-05-29","product":"COPERNICUS/S1_GRD","band":"VH","value":-19.2372,"farmer_unique_id":"1347642599","site_id":2985},{"date":"2020-01-11","product":"COPERNICUS/S1_GRD","band":"VV","value":-9.6273,"farmer_unique_id":"1347642599","site_id":2985},{"date":"2020-01-23","product":"COPERNICUS/S1_GRD","band":"VV","value":-8.2619,"farmer_unique_id":"1347642599","site_id":2985},{"date":"2020-02-04","product":"COPERNICUS/S1_GRD","band":"VV","value":-5.5293,"farmer_unique_id":"1347642599","site_id":2985},{"date":"2020-02-16","product":"COPERNICUS/S1_GRD","band":"VV","value":-13.5165,"farmer_unique_id":"1347642599","site_id":2985},{"date":"2020-02-28","product":"COPERNICUS/S1_GRD","band":"VV","value":-12.0867,"farmer_unique_id":"1347642599","site_id":2985},{"date":"2020-03-11","product":"COPERNICUS/S1_GRD","band":"VV","value":-6.0293,"farmer_unique_id":"1347642599","site_id":2985},{"date":"2020-03-23","product":"COPERNICUS/S1_GRD","band":"VV","value":-9.8904,"farmer_unique_id":"1347642599","site_id":2985},{"date":"2020-04-04","product":"COPERNICUS/S1_GRD","band":"VV","value":-8.3292,"farmer_unique_id":"1347642599","site_id":2985},{"date":"2020-04-16","product":"COPERNICUS/S1_GRD","band":"VV","value":-8.123,"farmer_unique_id":"1347642599","site_id":2985},{"date":"2020-04-28","product":"COPERNICUS/S1_GRD","band":"VV","value":-7.9903,"farmer_unique_id":"1347642599","site_id":2985},{"date":"2020-05-10","product":"COPERNICUS/S1_GRD","band":"VV","value":-12.074,"farmer_unique_id":"1347642599","site_id":2985},{"date":"2020-05-22","product":"COPERNICUS/S1_GRD","band":"VV","value":-8.6406,"farmer_unique_id":"1347642599","site_id":2985},{"date":"2020-06-15","product":"COPERNICUS/S1_GRD","band":"VV","value":-12.2252,"farmer_unique_id":"1347642599","site_id":2985},{"date":"2020-06-27","product":"COPERNICUS/S1_GRD","band":"VV","value":-9.5616,"farmer_unique_id":"1347642599","site_id":2985},{"date":"2020-07-09","product":"COPERNICUS/S1_GRD","band":"VV","value":-10.0714,"farmer_unique_id":"1347642599","site_id":2985},{"date":"2020-07-21","product":"COPERNICUS/S1_GRD","band":"VV","value":-10.2542,"farmer_unique_id":"1347642599","site_id":2985},{"date":"2020-08-02","product":"COPERNICUS/S1_GRD","band":"VV","value":-17.5658,"farmer_unique_id":"1347642599","site_id":2985},{"date":"2020-08-14","product":"COPERNICUS/S1_GRD","band":"VV","value":-14.7141,"farmer_unique_id":"1347642599","site_id":2985},{"date":"2020-08-26","product":"COPERNICUS/S1_GRD","band":"VV","value":-12.2267,"farmer_unique_id":"1347642599","site_id":2985},{"date":"2020-09-07","product":"COPERNICUS/S1_GRD","band":"VV","value":-14.2486,"farmer_unique_id":"1347642599","site_id":2985},{"date":"2020-09-19","product":"COPERNICUS/S1_GRD","band":"VV","value":-12.6738,"farmer_unique_id":"1347642599","site_id":2985},{"date":"2020-10-01","product":"COPERNICUS/S1_GRD","band":"VV","value":-11.5246,"farmer_unique_id":"1347642599","site_id":2985},{"date":"2020-10-13","product":"COPERNICUS/S1_GRD","band":"VV","value":-11.6543,"farmer_unique_id":"1347642599","site_id":2985},{"date":"2020-10-25","product":"COPERNICUS/S1_GRD","band":"VV","value":-12.5117,"farmer_unique_id":"1347642599","site_id":2985},{"date":"2020-11-06","product":"COPERNICUS/S1_GRD","band":"VV","value":-3.8753,"farmer_unique_id":"1347642599","site_id":2985},{"date":"2020-11-18","product":"COPERNICUS/S1_GRD","band":"VV","value":-9.6204,"farmer_unique_id":"1347642599","site_id":2985},{"date":"2020-11-30","product":"COPERNICUS/S1_GRD","band":"VV","value":-9.8966,"farmer_unique_id":"1347642599","site_id":2985},{"date":"2020-12-12","product":"COPERNICUS/S1_GRD","band":"VV","value":-8.371,"farmer_unique_id":"1347642599","site_id":2985},{"date":"2020-12-24","product":"COPERNICUS/S1_GRD","band":"VV","value":-10.3873,"farmer_unique_id":"1347642599","site_id":2985},{"date":"2021-01-05","product":"COPERNICUS/S1_GRD","band":"VV","value":-7.1194,"farmer_unique_id":"1347642599","site_id":2985},{"date":"2021-01-17","product":"COPERNICUS/S1_GRD","band":"VV","value":-6.6383,"farmer_unique_id":"1347642599","site_id":2985},{"date":"2021-01-29","product":"COPERNICUS/S1_GRD","band":"VV","value":-9.3331,"farmer_unique_id":"1347642599","site_id":2985},{"date":"2021-02-10","product":"COPERNICUS/S1_GRD","band":"VV","value":-8.4556,"farmer_unique_id":"1347642599","site_id":2985},{"date":"2021-02-22","product":"COPERNICUS/S1_GRD","band":"VV","value":-11.35,"farmer_unique_id":"1347642599","site_id":2985},{"date":"2021-03-06","product":"COPERNICUS/S1_GRD","band":"VV","value":-10.1113,"farmer_unique_id":"1347642599","site_id":2985},{"date":"2021-03-18","product":"COPERNICUS/S1_GRD","band":"VV","value":-13.3598,"farmer_unique_id":"1347642599","site_id":2985},{"date":"2021-03-30","product":"COPERNICUS/S1_GRD","band":"VV","value":-10.4054,"farmer_unique_id":"1347642599","site_id":2985},{"date":"2021-04-11","product":"COPERNICUS/S1_GRD","band":"VV","value":-9.9171,"farmer_unique_id":"1347642599","site_id":2985},{"date":"2021-04-23","product":"COPERNICUS/S1_GRD","band":"VV","value":-7.038,"farmer_unique_id":"1347642599","site_id":2985},{"date":"2021-05-05","product":"COPERNICUS/S1_GRD","band":"VV","value":-9.6169,"farmer_unique_id":"1347642599","site_id":2985},{"date":"2021-05-17","product":"COPERNICUS/S1_GRD","band":"VV","value":-8.5639,"farmer_unique_id":"1347642599","site_id":2985},{"date":"2021-05-29","product":"COPERNICUS/S1_GRD","band":"VV","value":-8.1202,"farmer_unique_id":"1347642599","site_id":2985}]
