[{"date":"2020-01-11","product":"COPERNICUS/S1_GRD","band":"VH","value":-20.0144,"farmer_unique_id":"370937707","site_id":3105},{"date":"2020-01-23","product":"COPERNICUS/S1_GRD","band":"VH","value":-15.8766,"farmer_unique_id":"370937707","site_id":3105},{"date":"2020-02-04","product":"COPERNICUS/S1_GRD","band":"VH","value":-15.005,"farmer_unique_id":"370937707","site_id":3105},{"date":"2020-02-16","product":"COPERNICUS/S1_GRD","band":"VH","value":-11.5248,"farmer_unique_id":"370937707","site_id":3105},{"date":"2020-02-28","product":"COPERNICUS/S1_GRD","band":"VH","value":-16.3124,"farmer_unique_id":"370937707","site_id":3105},{"date":"2020-03-11","product":"COPERNICUS/S1_GRD","band":"VH","value":-13.8877,"farmer_unique_id":"370937707","site_id":3105},{"date":"2020-03-23","product":"COPERNICUS/S1_GRD","band":"VH","value":-16.7963,"farmer_unique_id":"370937707","site_id":3105},{"date":"2020-04-04","product":"COPERNICUS/S1_GRD","band":"VH","value":-15.1096,"farmer_unique_id":"370937707","site_id":3105},{"date":"2020-04-16","product":"COPERNICUS/S1_GRD","band":"VH","value":-11.5265,"farmer_unique_id":"370937707","site_id":3105},{"date":"2020-04-28","product":"COPERNICUS/S1_GRD","band":"VH","value":-15.3932,"farmer_unique_id":"370937707","site_id":3105},{"date":"2020-05-10","product":"COPERNICUS/S1_GRD","band":"VH","value":-15.2654,"farmer_unique_id":"370937707","site_id":3105},{"date":"2020-05-22","product":"COPERNICUS/S1_GRD","band":"VH","value":-13.6903,"farmer_unique_id":"370937707","site_id":3105},{"date":"2020-06-15","product":"COPERNICUS/S1_GRD","band":"VH","value":-15.1325,"farmer_unique_id":"370937707","site_id":3105},{"date":"2020-06-27","product":"COPERNICUS/S1_GRD","band":"VH","value":-14.0305,"farmer_unique_id":"370937707","site_id":3105},{"date":"2020-07-09","product":"COPERNICUS/S1_GRD","band":"VH","value":-18.6486,"farmer_unique_id":"370937707","site_id":3105},{"date":"2020-07-21","product":"COPERNICUS/S1_GRD","band":"VH","value":-15.3126,"farmer_unique_id":"370937707","site_id":3105},{"date":"2020-08-02","product":"COPERNICUS/S1_GRD","band":"VH","value":-17.298,"farmer_unique_id":"370937707","site_id":3105},{"date":"2020-08-14","product":"COPERNICUS/S1_GRD","band":"VH","value":-23.0425,"farmer_unique_id":"370937707","site_id":3105},{"date":"2020-08-26","product":"COPERNICUS/S1_GRD","band":"VH","value":-15.2031,"farmer_unique_id":"370937707","site_id":3105},{"date":"2020-09-07","product":"COPERNICUS/S1_GRD","band":"VH","value":-18.1063,"farmer_unique_id":"370937707","site_id":3105},{"date":"2020-09-19","product":"COPERNICUS/S1_GRD","band":"VH","value":-13.8757,"farmer_unique_id":"370937707","site_id":3105},{"date":"2020-10-01","product":"COPERNICUS/S1_GRD","band":"VH","value":-15.2914,"farmer_unique_id":"370937707","site_id":3105},{"date":"2020-10-13","product":"COPERNICUS/S1_GRD","band":"VH","value":-19.0922,"farmer_unique_id":"370937707","site_id":3105},{"date":"2020-10-25","product":"COPERNICUS/S1_GRD","band":"VH","value":-16.7804,"farmer_unique_id":"370937707","site_id":3105},{"date":"2020-11-06","product":"COPERNICUS/S1_GRD","band":"VH","value":-14.4436,"farmer_unique_id":"370937707","site_id":3105},{"date":"2020-11-18","product":"COPERNICUS/S1_GRD","band":"VH","value":-15.5392,"farmer_unique_id":"370937707","site_id":3105},{"date":"2020-11-30","product":"COPERNICUS/S1_GRD","band":"VH","value":-19.7684,"farmer_unique_id":"370937707","site_id":3105},{"date":"2020-12-12","product":"COPERNICUS/S1_GRD","band":"VH","value":-16.5891,"farmer_unique_id":"370937707","site_id":3105},{"date":"2020-12-24","product":"COPERNICUS/S1_GRD","band":"VH","value":-15.3239,"farmer_unique_id":"370937707","site_id":3105},{"date":"2021-01-05","product":"COPERNICUS/S1_GRD","band":"VH","value":-14.3345,"farmer_unique_id":"370937707","site_id":3105},{"date":"2021-01-17","product":"COPERNICUS/S1_GRD","band":"VH","value":-20.1121,"farmer_unique_id":"370937707","site_id":3105},{"date":"2021-01-29","product":"COPERNICUS/S1_GRD","band":"VH","value":-19.9004,"farmer_unique_id":"370937707","site_id":3105},{"date":"2021-02-10","product":"COPERNICUS/S1_GRD","band":"VH","value":-19.2065,"farmer_unique_id":"370937707","site_id":3105},{"date":"2021-02-22","product":"COPERNICUS/S1_GRD","band":"VH","value":-13.6832,"farmer_unique_id":"370937707","site_id":3105},{"date":"2021-03-06","product":"COPERNICUS/S1_GRD","band":"VH","value":-19.0077,"farmer_unique_id":"370937707","site_id":3105},{"date":"2021-03-18","product":"COPERNICUS/S1_GRD","band":"VH","value":-17.2663,"farmer_unique_id":"370937707","site_id":3105},{"date":"2021-03-30","product":"COPERNICUS/S1_GRD","band":"VH","value":-21.6796,"farmer_unique_id":"370937707","site_id":3105},{"date":"2021-04-11","product":"COPERNICUS/S1_GRD","band":"VH","value":-13.6431,"farmer_unique_id":"370937707","site_id":3105},{"date":"2021-04-23","product":"COPERNICUS/S1_GRD","band":"VH","value":-18.9919,"farmer_unique_id":"370937707","site_id":3105},{"date":"2021-05-05","product":"COPERNICUS/S1_GRD","band":"VH","value":-15.4307,"farmer_unique_id":"370937707","site_id":3105},{"date":"2021-05-17","product":"COPERNICUS/S1_GRD","band":"VH","value":-17.5558,"farmer_unique_id":"370937707","site_id":3105},{"date":"2021-05-29","product":"COPERNICUS/S1_GRD","band":"VH","value":-14.6368,"farmer_unique_id":"370937707","site_id":3105},{"date":"2020-01-11","product":"COPERNICUS/S1_GRD","band":"VV","value":-8.5411,"farmer_unique_id":"370937707","site_id":3105},{"date":"2020-01-23","product":"COPERNICUS/S1_GRD","band":"VV","value":-10.5703,"farmer_unique_id":"370937707","site_id":3105},{"date":"2020-02-04","product":"COPERNICUS/S1_GRD","band":"VV","value":-8.9113,"farmer_unique_id":"370937707","site_id":3105},{"date":"2020-02-16","product":"COPERNICUS/S1_GRD","band":"VV","value":-8.5895,"farmer_unique_id":"370937707","site_id":3105},{"date":"2020-02-28","product":"COPERNICUS/S1_GRD","band":"VV","value":-5.0654,"farmer_unique_id":"370937707","site_id":3105},{"date":"2020-03-11","product":"COPERNICUS/S1_GRD","band":"VV","value":-7.0143,"farmer_unique_id":"370937707","site_id":3105},{"date":"2020-03-23","product":"COPERNICUS/S1_GRD","band":"VV","value":-10.1189,"farmer_unique_id":"370937707","site_id":3105},{"date":"2020-04-04","product":"COPERNICUS/S1_GRD","band":"VV","value":-11.2353,"farmer_unique_id":"370937707","site_id":3105},{"date":"2020-04-16","product":"COPERNICUS/S1_GRD","band":"VV","value":-8.083,"farmer_unique_id":"370937707","site_id":3105},{"date":"2020-04-28","product":"COPERNICUS/S1_GRD","band":"VV","value":-8.8808,"farmer_unique_id":"370937707","site_id":3105},{"date":"2020-05-10","product":"COPERNICUS/S1_GRD","band":"VV","value":-13.3745,"farmer_unique_id":"370937707","site_id":3105},{"date":"2020-05-22","product":"COPERNICUS/S1_GRD","band":"VV","value":-7.7392,"farmer_unique_id":"370937707","site_id":3105},{"date":"2020-06-15","product":"COPERNICUS/S1_GRD","band":"VV","value":-7.5037,"farmer_unique_id":"370937707","site_id":3105},{"date":"2020-06-27","product":"COPERNICUS/S1_GRD","band":"VV","value":-7.6432,"farmer_unique_id":"370937707","site_id":3105},{"date":"2020-07-09","product":"COPERNICUS/S1_GRD","band":"VV","value":-10.5116,"farmer_unique_id":"370937707","site_id":3105},{"date":"2020-07-21","product":"COPERNICUS/S1_GRD","band":"VV","value":-12.0681,"farmer_unique_id":"370937707","site_id":3105},{"date":"2020-08-02","product":"COPERNICUS/S1_GRD","band":"VV","value":-10.4252,"farmer_unique_id":"370937707","site_id":3105},{"date":"2020-08-14","product":"COPERNICUS/S1_GRD","band":"VV","value":-6.6947,"farmer_unique_id":"370937707","site_id":3105},{"date":"2020-08-26","product":"COPERNICUS/S1_GRD","band":"VV","value":-10.5711,"farmer_unique_id":"370937707","site_id":3105},{"date":"2020-09-07","product":"COPERNICUS/S1_GRD","band":"VV","value":-9.4891,"farmer_unique_id":"370937707","site_id":3105},{"date":"2020-09-19","product":"COPERNICUS/S1_GRD","band":"VV","value":-8.5048,"farmer_unique_id":"370937707","site_id":3105},{"date":"2020-10-01","product":"COPERNICUS/S1_GRD","band":"VV","value":-7.8044,"farmer_unique_id":"370937707","site_id":3105},{"date":"2020-10-13","product":"COPERNICUS/S1_GRD","band":"VV","value":-11.5308,"farmer_unique_id":"370937707","site_id":3105},{"date":"2020-10-25","product":"COPERNICUS/S1_GRD","band":"VV","value":-12.1499,"farmer_unique_id":"370937707","site_id":3105},{"date":"2020-11-06","product":"COPERNICUS/S1_GRD","band":"VV","value":-13.1658,"farmer_unique_id":"370937707","site_id":3105},{"date":"2020-11-18","product":"COPERNICUS/S1_GRD","band":"VV","value":-6.4948,"farmer_unique_id":"370937707","site_id":3105},{"date":"2020-11-30","product":"COPERNICUS/S1_GRD","band":"VV","value":-10.0768,"farmer_unique_id":"370937707","site_id":3105},{"date":"2020-12-12","product":"COPERNICUS/S1_GRD","band":"VV","value":-12.0179,"farmer_unique_id":"370937707","site_id":3105},{"date":"2020-12-24","product":"COPERNICUS/S1_GRD","band":"VV","value":-8.7496,"farmer_unique_id":"370937707","site_id":3105},{"date":"2021-01-05","product":"COPERNICUS/S1_GRD","band":"VV","value":-10.063,"farmer_unique_id":"370937707","site_id":3105},{"date":"2021-01-17","product":"COPERNICUS/S1_GRD","band":"VV","value":-8.0519,"farmer_unique_id":"370937707","site_id":3105},{"date":"2021-01-29","product":"COPERNICUS/S1_GRD","band":"VV","value":-9.833,"farmer_unique_id":"370937707","site_id":3105},{"date":"2021-02-10","product":"COPERNICUS/S1_GRD","band":"VV","value":-11.4969,"farmer_unique_id":"370937707","site_id":3105},{"date":"2021-02-22","product":"COPERNICUS/S1_GRD","band":"VV","value":-11.06,"farmer_unique_id":"370937707","site_id":3105},{"date":"2021-03-06","product":"COPERNICUS/S1_GRD","band":"VV","value":-10.3614,"farmer_unique_id":"370937707","site_id":3105},{"date":"2021-03-18","product":"COPERNICUS/S1_GRD","band":"VV","value":-14.8839,"farmer_unique_id":"370937707","site_id":3105},{"date":"2021-03-30","product":"COPERNICUS/S1_GRD","band":"VV","value":-11.3581,"farmer_unique_id":"370937707","site_id":3105},{"date":"2021-04-11","product":"COPERNICUS/S1_GRD","band":"VV","value":-5.778,"farmer_unique_id":"370937707","site_id":3105},{"date":"2021-04-23","product":"COPERNICUS/S1_GRD","band":"VV","value":-11.6627,"farmer_unique_id":"370937707","site_id":3105},{"date":"2021-05-05","product":"COPERNICUS/S1_GRD","band":"VV","value":-13.4122,"farmer_unique_id":"370937707","site_id":3105},{"date":"2021-05-17","product":"COPERNICUS/S1_GRD","band":"VV","value":-12.8365,"farmer_unique_id":"370937707","site_id":3105},{"date":"2021-05-29","product":"COPERNICUS/S1_GRD","band":"VV","value":-9.7344,"farmer_unique_id":"370937707","site_id":3105}]
