[{"date":"2020-01-04","product":"COPERNICUS/S1_GRD","band":"VH","value":-11.6127,"farmer_unique_id":"3489140","site_id":5135},{"date":"2020-01-09","product":"COPERNICUS/S1_GRD","band":"VH","value":-16.7964,"farmer_unique_id":"3489140","site_id":5135},{"date":"2020-01-16","product":"COPERNICUS/S1_GRD","band":"VH","value":-12.9528,"farmer_unique_id":"3489140","site_id":5135},{"date":"2020-01-21","product":"COPERNICUS/S1_GRD","band":"VH","value":-16.8368,"farmer_unique_id":"3489140","site_id":5135},{"date":"2020-01-28","product":"COPERNICUS/S1_GRD","band":"VH","value":-16.9128,"farmer_unique_id":"3489140","site_id":5135},{"date":"2020-02-02","product":"COPERNICUS/S1_GRD","band":"VH","value":-18.6822,"farmer_unique_id":"3489140","site_id":5135},{"date":"2020-02-09","product":"COPERNICUS/S1_GRD","band":"VH","value":-14.3208,"farmer_unique_id":"3489140","site_id":5135},{"date":"2020-02-14","product":"COPERNICUS/S1_GRD","band":"VH","value":-14.7694,"farmer_unique_id":"3489140","site_id":5135},{"date":"2020-02-21","product":"COPERNICUS/S1_GRD","band":"VH","value":-11.9151,"farmer_unique_id":"3489140","site_id":5135},{"date":"2020-02-26","product":"COPERNICUS/S1_GRD","band":"VH","value":-18.5811,"farmer_unique_id":"3489140","site_id":5135},{"date":"2020-03-04","product":"COPERNICUS/S1_GRD","band":"VH","value":-15.9713,"farmer_unique_id":"3489140","site_id":5135},{"date":"2020-03-09","product":"COPERNICUS/S1_GRD","band":"VH","value":-18.278,"farmer_unique_id":"3489140","site_id":5135},{"date":"2020-03-16","product":"COPERNICUS/S1_GRD","band":"VH","value":-15.5485,"farmer_unique_id":"3489140","site_id":5135},{"date":"2020-03-21","product":"COPERNICUS/S1_GRD","band":"VH","value":-18.152,"farmer_unique_id":"3489140","site_id":5135},{"date":"2020-03-28","product":"COPERNICUS/S1_GRD","band":"VH","value":-14.4712,"farmer_unique_id":"3489140","site_id":5135},{"date":"2020-04-02","product":"COPERNICUS/S1_GRD","band":"VH","value":-19.1452,"farmer_unique_id":"3489140","site_id":5135},{"date":"2020-04-09","product":"COPERNICUS/S1_GRD","band":"VH","value":-14.1748,"farmer_unique_id":"3489140","site_id":5135},{"date":"2020-04-14","product":"COPERNICUS/S1_GRD","band":"VH","value":-18.3767,"farmer_unique_id":"3489140","site_id":5135},{"date":"2020-04-21","product":"COPERNICUS/S1_GRD","band":"VH","value":-13.1896,"farmer_unique_id":"3489140","site_id":5135},{"date":"2020-04-26","product":"COPERNICUS/S1_GRD","band":"VH","value":-19.0924,"farmer_unique_id":"3489140","site_id":5135},{"date":"2020-05-03","product":"COPERNICUS/S1_GRD","band":"VH","value":-15.0159,"farmer_unique_id":"3489140","site_id":5135},{"date":"2020-05-08","product":"COPERNICUS/S1_GRD","band":"VH","value":-12.0369,"farmer_unique_id":"3489140","site_id":5135},{"date":"2020-05-15","product":"COPERNICUS/S1_GRD","band":"VH","value":-20.4268,"farmer_unique_id":"3489140","site_id":5135},{"date":"2020-05-20","product":"COPERNICUS/S1_GRD","band":"VH","value":-20.4701,"farmer_unique_id":"3489140","site_id":5135},{"date":"2020-05-27","product":"COPERNICUS/S1_GRD","band":"VH","value":-12.8955,"farmer_unique_id":"3489140","site_id":5135},{"date":"2020-06-01","product":"COPERNICUS/S1_GRD","band":"VH","value":-15.5988,"farmer_unique_id":"3489140","site_id":5135},{"date":"2020-06-08","product":"COPERNICUS/S1_GRD","band":"VH","value":-13.9997,"farmer_unique_id":"3489140","site_id":5135},{"date":"2020-06-13","product":"COPERNICUS/S1_GRD","band":"VH","value":-17.8618,"farmer_unique_id":"3489140","site_id":5135},{"date":"2020-06-20","product":"COPERNICUS/S1_GRD","band":"VH","value":-11.1654,"farmer_unique_id":"3489140","site_id":5135},{"date":"2020-06-25","product":"COPERNICUS/S1_GRD","band":"VH","value":-16.1864,"farmer_unique_id":"3489140","site_id":5135},{"date":"2020-07-02","product":"COPERNICUS/S1_GRD","band":"VH","value":-13.0191,"farmer_unique_id":"3489140","site_id":5135},{"date":"2020-07-07","product":"COPERNICUS/S1_GRD","band":"VH","value":-12.4036,"farmer_unique_id":"3489140","site_id":5135},{"date":"2020-07-14","product":"COPERNICUS/S1_GRD","band":"VH","value":-18.3605,"farmer_unique_id":"3489140","site_id":5135},{"date":"2020-07-19","product":"COPERNICUS/S1_GRD","band":"VH","value":-14.0609,"farmer_unique_id":"3489140","site_id":5135},{"date":"2020-07-26","product":"COPERNICUS/S1_GRD","band":"VH","value":-12.1464,"farmer_unique_id":"3489140","site_id":5135},{"date":"2020-07-31","product":"COPERNICUS/S1_GRD","band":"VH","value":-13.9537,"farmer_unique_id":"3489140","site_id":5135},{"date":"2020-08-07","product":"COPERNICUS/S1_GRD","band":"VH","value":-16.771,"farmer_unique_id":"3489140","site_id":5135},{"date":"2020-08-12","product":"COPERNICUS/S1_GRD","band":"VH","farmer_unique_id":"3489140","site_id":5135},{"date":"2020-08-19","product":"COPERNICUS/S1_GRD","band":"VH","value":-12.2863,"farmer_unique_id":"3489140","site_id":5135},{"date":"2020-08-24","product":"COPERNICUS/S1_GRD","band":"VH","value":-16.4521,"farmer_unique_id":"3489140","site_id":5135},{"date":"2020-08-31","product":"COPERNICUS/S1_GRD","band":"VH","value":-10.4204,"farmer_unique_id":"3489140","site_id":5135},{"date":"2020-09-05","product":"COPERNICUS/S1_GRD","band":"VH","value":-16.6724,"farmer_unique_id":"3489140","site_id":5135},{"date":"2020-09-12","product":"COPERNICUS/S1_GRD","band":"VH","value":-14.7844,"farmer_unique_id":"3489140","site_id":5135},{"date":"2020-09-17","product":"COPERNICUS/S1_GRD","band":"VH","value":-16.1936,"farmer_unique_id":"3489140","site_id":5135},{"date":"2020-09-24","product":"COPERNICUS/S1_GRD","band":"VH","value":-17.0599,"farmer_unique_id":"3489140","site_id":5135},{"date":"2020-09-29","product":"COPERNICUS/S1_GRD","band":"VH","value":-13.6222,"farmer_unique_id":"3489140","site_id":5135},{"date":"2020-10-06","product":"COPERNICUS/S1_GRD","band":"VH","value":-15.5111,"farmer_unique_id":"3489140","site_id":5135},{"date":"2020-10-11","product":"COPERNICUS/S1_GRD","band":"VH","value":-16.4961,"farmer_unique_id":"3489140","site_id":5135},{"date":"2020-10-18","product":"COPERNICUS/S1_GRD","band":"VH","value":-15.3617,"farmer_unique_id":"3489140","site_id":5135},{"date":"2020-10-23","product":"COPERNICUS/S1_GRD","band":"VH","value":-18.0431,"farmer_unique_id":"3489140","site_id":5135},{"date":"2020-10-30","product":"COPERNICUS/S1_GRD","band":"VH","value":-11.6737,"farmer_unique_id":"3489140","site_id":5135},{"date":"2020-11-04","product":"COPERNICUS/S1_GRD","band":"VH","value":-16.1251,"farmer_unique_id":"3489140","site_id":5135},{"date":"2020-11-11","product":"COPERNICUS/S1_GRD","band":"VH","value":-20.8073,"farmer_unique_id":"3489140","site_id":5135},{"date":"2020-11-16","product":"COPERNICUS/S1_GRD","band":"VH","value":-17.6217,"farmer_unique_id":"3489140","site_id":5135},{"date":"2020-11-23","product":"COPERNICUS/S1_GRD","band":"VH","value":-16.445,"farmer_unique_id":"3489140","site_id":5135},{"date":"2020-11-28","product":"COPERNICUS/S1_GRD","band":"VH","value":-18.5158,"farmer_unique_id":"3489140","site_id":5135},{"date":"2020-12-05","product":"COPERNICUS/S1_GRD","band":"VH","value":-14.9429,"farmer_unique_id":"3489140","site_id":5135},{"date":"2020-12-10","product":"COPERNICUS/S1_GRD","band":"VH","value":-19.8811,"farmer_unique_id":"3489140","site_id":5135},{"date":"2020-12-17","product":"COPERNICUS/S1_GRD","band":"VH","value":-13.8853,"farmer_unique_id":"3489140","site_id":5135},{"date":"2020-12-22","product":"COPERNICUS/S1_GRD","band":"VH","value":-15.5501,"farmer_unique_id":"3489140","site_id":5135},{"date":"2020-12-29","product":"COPERNICUS/S1_GRD","band":"VH","value":-14.7825,"farmer_unique_id":"3489140","site_id":5135},{"date":"2021-01-03","product":"COPERNICUS/S1_GRD","band":"VH","value":-14.7377,"farmer_unique_id":"3489140","site_id":5135},{"date":"2021-01-10","product":"COPERNICUS/S1_GRD","band":"VH","value":-14.1785,"farmer_unique_id":"3489140","site_id":5135},{"date":"2021-01-15","product":"COPERNICUS/S1_GRD","band":"VH","value":-13.874,"farmer_unique_id":"3489140","site_id":5135},{"date":"2021-01-22","product":"COPERNICUS/S1_GRD","band":"VH","value":-13.5804,"farmer_unique_id":"3489140","site_id":5135},{"date":"2021-01-27","product":"COPERNICUS/S1_GRD","band":"VH","value":-14.935,"farmer_unique_id":"3489140","site_id":5135},{"date":"2021-02-03","product":"COPERNICUS/S1_GRD","band":"VH","value":-17.4896,"farmer_unique_id":"3489140","site_id":5135},{"date":"2021-02-08","product":"COPERNICUS/S1_GRD","band":"VH","value":-20.5935,"farmer_unique_id":"3489140","site_id":5135},{"date":"2021-02-15","product":"COPERNICUS/S1_GRD","band":"VH","value":-12.5657,"farmer_unique_id":"3489140","site_id":5135},{"date":"2021-02-20","product":"COPERNICUS/S1_GRD","band":"VH","value":-14.2278,"farmer_unique_id":"3489140","site_id":5135},{"date":"2021-02-27","product":"COPERNICUS/S1_GRD","band":"VH","value":-17.9422,"farmer_unique_id":"3489140","site_id":5135},{"date":"2021-03-04","product":"COPERNICUS/S1_GRD","band":"VH","value":-16.6364,"farmer_unique_id":"3489140","site_id":5135},{"date":"2021-03-11","product":"COPERNICUS/S1_GRD","band":"VH","value":-15.6266,"farmer_unique_id":"3489140","site_id":5135},{"date":"2021-03-16","product":"COPERNICUS/S1_GRD","band":"VH","value":-19.1185,"farmer_unique_id":"3489140","site_id":5135},{"date":"2021-03-23","product":"COPERNICUS/S1_GRD","band":"VH","value":-15.4154,"farmer_unique_id":"3489140","site_id":5135},{"date":"2021-03-28","product":"COPERNICUS/S1_GRD","band":"VH","value":-19.0782,"farmer_unique_id":"3489140","site_id":5135},{"date":"2021-04-04","product":"COPERNICUS/S1_GRD","band":"VH","value":-15.8311,"farmer_unique_id":"3489140","site_id":5135},{"date":"2021-04-09","product":"COPERNICUS/S1_GRD","band":"VH","value":-13.1573,"farmer_unique_id":"3489140","site_id":5135},{"date":"2021-04-16","product":"COPERNICUS/S1_GRD","band":"VH","value":-11.8869,"farmer_unique_id":"3489140","site_id":5135},{"date":"2021-04-21","product":"COPERNICUS/S1_GRD","band":"VH","value":-14.8114,"farmer_unique_id":"3489140","site_id":5135},{"date":"2021-04-28","product":"COPERNICUS/S1_GRD","band":"VH","value":-14.1396,"farmer_unique_id":"3489140","site_id":5135},{"date":"2021-05-03","product":"COPERNICUS/S1_GRD","band":"VH","value":-14.3799,"farmer_unique_id":"3489140","site_id":5135},{"date":"2021-05-10","product":"COPERNICUS/S1_GRD","band":"VH","value":-12.9226,"farmer_unique_id":"3489140","site_id":5135},{"date":"2021-05-15","product":"COPERNICUS/S1_GRD","band":"VH","value":-16.2954,"farmer_unique_id":"3489140","site_id":5135},{"date":"2021-05-22","product":"COPERNICUS/S1_GRD","band":"VH","value":-16.9663,"farmer_unique_id":"3489140","site_id":5135},{"date":"2021-05-27","product":"COPERNICUS/S1_GRD","band":"VH","value":-16.3255,"farmer_unique_id":"3489140","site_id":5135},{"date":"2020-01-04","product":"COPERNICUS/S1_GRD","band":"VV","value":-6.4258,"farmer_unique_id":"3489140","site_id":5135},{"date":"2020-01-09","product":"COPERNICUS/S1_GRD","band":"VV","value":-12.091,"farmer_unique_id":"3489140","site_id":5135},{"date":"2020-01-16","product":"COPERNICUS/S1_GRD","band":"VV","value":-5.5401,"farmer_unique_id":"3489140","site_id":5135},{"date":"2020-01-21","product":"COPERNICUS/S1_GRD","band":"VV","value":-10.7955,"farmer_unique_id":"3489140","site_id":5135},{"date":"2020-01-28","product":"COPERNICUS/S1_GRD","band":"VV","value":-8.9024,"farmer_unique_id":"3489140","site_id":5135},{"date":"2020-02-02","product":"COPERNICUS/S1_GRD","band":"VV","value":-9.1007,"farmer_unique_id":"3489140","site_id":5135},{"date":"2020-02-09","product":"COPERNICUS/S1_GRD","band":"VV","value":-10.9315,"farmer_unique_id":"3489140","site_id":5135},{"date":"2020-02-14","product":"COPERNICUS/S1_GRD","band":"VV","value":-11.2822,"farmer_unique_id":"3489140","site_id":5135},{"date":"2020-02-21","product":"COPERNICUS/S1_GRD","band":"VV","value":-6.2548,"farmer_unique_id":"3489140","site_id":5135},{"date":"2020-02-26","product":"COPERNICUS/S1_GRD","band":"VV","value":-14.7525,"farmer_unique_id":"3489140","site_id":5135},{"date":"2020-03-04","product":"COPERNICUS/S1_GRD","band":"VV","value":-6.597,"farmer_unique_id":"3489140","site_id":5135},{"date":"2020-03-09","product":"COPERNICUS/S1_GRD","band":"VV","value":-11.1423,"farmer_unique_id":"3489140","site_id":5135},{"date":"2020-03-16","product":"COPERNICUS/S1_GRD","band":"VV","value":-6.7449,"farmer_unique_id":"3489140","site_id":5135},{"date":"2020-03-21","product":"COPERNICUS/S1_GRD","band":"VV","value":-6.7095,"farmer_unique_id":"3489140","site_id":5135},{"date":"2020-03-28","product":"COPERNICUS/S1_GRD","band":"VV","value":-5.0972,"farmer_unique_id":"3489140","site_id":5135},{"date":"2020-04-02","product":"COPERNICUS/S1_GRD","band":"VV","value":-7.9301,"farmer_unique_id":"3489140","site_id":5135},{"date":"2020-04-09","product":"COPERNICUS/S1_GRD","band":"VV","value":-9.824,"farmer_unique_id":"3489140","site_id":5135},{"date":"2020-04-14","product":"COPERNICUS/S1_GRD","band":"VV","value":-7.1707,"farmer_unique_id":"3489140","site_id":5135},{"date":"2020-04-21","product":"COPERNICUS/S1_GRD","band":"VV","value":-8.479,"farmer_unique_id":"3489140","site_id":5135},{"date":"2020-04-26","product":"COPERNICUS/S1_GRD","band":"VV","value":-11.7815,"farmer_unique_id":"3489140","site_id":5135},{"date":"2020-05-03","product":"COPERNICUS/S1_GRD","band":"VV","value":-8.5751,"farmer_unique_id":"3489140","site_id":5135},{"date":"2020-05-08","product":"COPERNICUS/S1_GRD","band":"VV","value":-9.6067,"farmer_unique_id":"3489140","site_id":5135},{"date":"2020-05-15","product":"COPERNICUS/S1_GRD","band":"VV","value":-9.3343,"farmer_unique_id":"3489140","site_id":5135},{"date":"2020-05-20","product":"COPERNICUS/S1_GRD","band":"VV","value":-11.6663,"farmer_unique_id":"3489140","site_id":5135},{"date":"2020-05-27","product":"COPERNICUS/S1_GRD","band":"VV","value":-8.7431,"farmer_unique_id":"3489140","site_id":5135},{"date":"2020-06-01","product":"COPERNICUS/S1_GRD","band":"VV","value":-9.084,"farmer_unique_id":"3489140","site_id":5135},{"date":"2020-06-08","product":"COPERNICUS/S1_GRD","band":"VV","value":-8.47,"farmer_unique_id":"3489140","site_id":5135},{"date":"2020-06-13","product":"COPERNICUS/S1_GRD","band":"VV","value":-12.9357,"farmer_unique_id":"3489140","site_id":5135},{"date":"2020-06-20","product":"COPERNICUS/S1_GRD","band":"VV","value":-8.1263,"farmer_unique_id":"3489140","site_id":5135},{"date":"2020-06-25","product":"COPERNICUS/S1_GRD","band":"VV","value":-11.6563,"farmer_unique_id":"3489140","site_id":5135},{"date":"2020-07-02","product":"COPERNICUS/S1_GRD","band":"VV","value":-4.8139,"farmer_unique_id":"3489140","site_id":5135},{"date":"2020-07-07","product":"COPERNICUS/S1_GRD","band":"VV","value":-9.4481,"farmer_unique_id":"3489140","site_id":5135},{"date":"2020-07-14","product":"COPERNICUS/S1_GRD","band":"VV","value":-12.7215,"farmer_unique_id":"3489140","site_id":5135},{"date":"2020-07-19","product":"COPERNICUS/S1_GRD","band":"VV","value":-12.4241,"farmer_unique_id":"3489140","site_id":5135},{"date":"2020-07-26","product":"COPERNICUS/S1_GRD","band":"VV","value":-8.1227,"farmer_unique_id":"3489140","site_id":5135},{"date":"2020-07-31","product":"COPERNICUS/S1_GRD","band":"VV","value":-7.2526,"farmer_unique_id":"3489140","site_id":5135},{"date":"2020-08-07","product":"COPERNICUS/S1_GRD","band":"VV","value":-10.6403,"farmer_unique_id":"3489140","site_id":5135},{"date":"2020-08-12","product":"COPERNICUS/S1_GRD","band":"VV","value":-15.1469,"farmer_unique_id":"3489140","site_id":5135},{"date":"2020-08-19","product":"COPERNICUS/S1_GRD","band":"VV","value":-6.009,"farmer_unique_id":"3489140","site_id":5135},{"date":"2020-08-24","product":"COPERNICUS/S1_GRD","band":"VV","value":-7.9762,"farmer_unique_id":"3489140","site_id":5135},{"date":"2020-08-31","product":"COPERNICUS/S1_GRD","band":"VV","value":-8.1301,"farmer_unique_id":"3489140","site_id":5135},{"date":"2020-09-05","product":"COPERNICUS/S1_GRD","band":"VV","value":-12.4903,"farmer_unique_id":"3489140","site_id":5135},{"date":"2020-09-12","product":"COPERNICUS/S1_GRD","band":"VV","value":-8.8039,"farmer_unique_id":"3489140","site_id":5135},{"date":"2020-09-17","product":"COPERNICUS/S1_GRD","band":"VV","value":-10.545,"farmer_unique_id":"3489140","site_id":5135},{"date":"2020-09-24","product":"COPERNICUS/S1_GRD","band":"VV","value":-8.1035,"farmer_unique_id":"3489140","site_id":5135},{"date":"2020-09-29","product":"COPERNICUS/S1_GRD","band":"VV","value":-7.4743,"farmer_unique_id":"3489140","site_id":5135},{"date":"2020-10-06","product":"COPERNICUS/S1_GRD","band":"VV","value":-9.0783,"farmer_unique_id":"3489140","site_id":5135},{"date":"2020-10-11","product":"COPERNICUS/S1_GRD","band":"VV","value":-12.5954,"farmer_unique_id":"3489140","site_id":5135},{"date":"2020-10-18","product":"COPERNICUS/S1_GRD","band":"VV","value":-8.5926,"farmer_unique_id":"3489140","site_id":5135},{"date":"2020-10-23","product":"COPERNICUS/S1_GRD","band":"VV","value":-9.2615,"farmer_unique_id":"3489140","site_id":5135},{"date":"2020-10-30","product":"COPERNICUS/S1_GRD","band":"VV","value":-7.5016,"farmer_unique_id":"3489140","site_id":5135},{"date":"2020-11-04","product":"COPERNICUS/S1_GRD","band":"VV","value":-13.8022,"farmer_unique_id":"3489140","site_id":5135},{"date":"2020-11-11","product":"COPERNICUS/S1_GRD","band":"VV","value":-9.795,"farmer_unique_id":"3489140","site_id":5135},{"date":"2020-11-16","product":"COPERNICUS/S1_GRD","band":"VV","value":-8.0203,"farmer_unique_id":"3489140","site_id":5135},{"date":"2020-11-23","product":"COPERNICUS/S1_GRD","band":"VV","value":-10.4346,"farmer_unique_id":"3489140","site_id":5135},{"date":"2020-11-28","product":"COPERNICUS/S1_GRD","band":"VV","value":-10.1719,"farmer_unique_id":"3489140","site_id":5135},{"date":"2020-12-05","product":"COPERNICUS/S1_GRD","band":"VV","value":-12.2904,"farmer_unique_id":"3489140","site_id":5135},{"date":"2020-12-10","product":"COPERNICUS/S1_GRD","band":"VV","value":-12.6545,"farmer_unique_id":"3489140","site_id":5135},{"date":"2020-12-17","product":"COPERNICUS/S1_GRD","band":"VV","value":-7.5173,"farmer_unique_id":"3489140","site_id":5135},{"date":"2020-12-22","product":"COPERNICUS/S1_GRD","band":"VV","value":-7.0589,"farmer_unique_id":"3489140","site_id":5135},{"date":"2020-12-29","product":"COPERNICUS/S1_GRD","band":"VV","value":-7.4891,"farmer_unique_id":"3489140","site_id":5135},{"date":"2021-01-03","product":"COPERNICUS/S1_GRD","band":"VV","value":-8.1084,"farmer_unique_id":"3489140","site_id":5135},{"date":"2021-01-10","product":"COPERNICUS/S1_GRD","band":"VV","value":-10.8642,"farmer_unique_id":"3489140","site_id":5135},{"date":"2021-01-15","product":"COPERNICUS/S1_GRD","band":"VV","value":-10.7349,"farmer_unique_id":"3489140","site_id":5135},{"date":"2021-01-22","product":"COPERNICUS/S1_GRD","band":"VV","value":-14.2627,"farmer_unique_id":"3489140","site_id":5135},{"date":"2021-01-27","product":"COPERNICUS/S1_GRD","band":"VV","value":-14.083,"farmer_unique_id":"3489140","site_id":5135},{"date":"2021-02-03","product":"COPERNICUS/S1_GRD","band":"VV","value":-10.6615,"farmer_unique_id":"3489140","site_id":5135},{"date":"2021-02-08","product":"COPERNICUS/S1_GRD","band":"VV","value":-12.0389,"farmer_unique_id":"3489140","site_id":5135},{"date":"2021-02-15","product":"COPERNICUS/S1_GRD","band":"VV","value":-10.5116,"farmer_unique_id":"3489140","site_id":5135},{"date":"2021-02-20","product":"COPERNICUS/S1_GRD","band":"VV","value":-11.6983,"farmer_unique_id":"3489140","site_id":5135},{"date":"2021-02-27","product":"COPERNICUS/S1_GRD","band":"VV","value":-10.1252,"farmer_unique_id":"3489140","site_id":5135},{"date":"2021-03-04","product":"COPERNICUS/S1_GRD","band":"VV","value":-13.1429,"farmer_unique_id":"3489140","site_id":5135},{"date":"2021-03-11","product":"COPERNICUS/S1_GRD","band":"VV","value":-12.6623,"farmer_unique_id":"3489140","site_id":5135},{"date":"2021-03-16","product":"COPERNICUS/S1_GRD","band":"VV","value":-10.8574,"farmer_unique_id":"3489140","site_id":5135},{"date":"2021-03-23","product":"COPERNICUS/S1_GRD","band":"VV","value":-9.7627,"farmer_unique_id":"3489140","site_id":5135},{"date":"2021-03-28","product":"COPERNICUS/S1_GRD","band":"VV","value":-11.9011,"farmer_unique_id":"3489140","site_id":5135},{"date":"2021-04-04","product":"COPERNICUS/S1_GRD","band":"VV","value":-8.2036,"farmer_unique_id":"3489140","site_id":5135},{"date":"2021-04-09","product":"COPERNICUS/S1_GRD","band":"VV","value":-10.3369,"farmer_unique_id":"3489140","site_id":5135},{"date":"2021-04-16","product":"COPERNICUS/S1_GRD","band":"VV","value":-9.8423,"farmer_unique_id":"3489140","site_id":5135},{"date":"2021-04-21","product":"COPERNICUS/S1_GRD","band":"VV","value":-8.4376,"farmer_unique_id":"3489140","site_id":5135},{"date":"2021-04-28","product":"COPERNICUS/S1_GRD","band":"VV","value":-8.7987,"farmer_unique_id":"3489140","site_id":5135},{"date":"2021-05-03","product":"COPERNICUS/S1_GRD","band":"VV","value":-8.5907,"farmer_unique_id":"3489140","site_id":5135},{"date":"2021-05-10","product":"COPERNICUS/S1_GRD","band":"VV","value":-6.9939,"farmer_unique_id":"3489140","site_id":5135},{"date":"2021-05-15","product":"COPERNICUS/S1_GRD","band":"VV","value":-6.191,"farmer_unique_id":"3489140","site_id":5135},{"date":"2021-05-22","product":"COPERNICUS/S1_GRD","band":"VV","value":-10.686,"farmer_unique_id":"3489140","site_id":5135},{"date":"2021-05-27","product":"COPERNICUS/S1_GRD","band":"VV","value":-10.9822,"farmer_unique_id":"3489140","site_id":5135}]
