[{"date":"2020-01-04","product":"COPERNICUS/S1_GRD","band":"VH","value":-14.7955,"farmer_unique_id":"3406865","site_id":1751},{"date":"2020-01-09","product":"COPERNICUS/S1_GRD","band":"VH","value":-19.9102,"farmer_unique_id":"3406865","site_id":1751},{"date":"2020-01-16","product":"COPERNICUS/S1_GRD","band":"VH","value":-16.8062,"farmer_unique_id":"3406865","site_id":1751},{"date":"2020-01-21","product":"COPERNICUS/S1_GRD","band":"VH","value":-22.2198,"farmer_unique_id":"3406865","site_id":1751},{"date":"2020-01-28","product":"COPERNICUS/S1_GRD","band":"VH","value":-13.0414,"farmer_unique_id":"3406865","site_id":1751},{"date":"2020-02-02","product":"COPERNICUS/S1_GRD","band":"VH","value":-16.0822,"farmer_unique_id":"3406865","site_id":1751},{"date":"2020-02-09","product":"COPERNICUS/S1_GRD","band":"VH","value":-14.0385,"farmer_unique_id":"3406865","site_id":1751},{"date":"2020-02-14","product":"COPERNICUS/S1_GRD","band":"VH","value":-11.418,"farmer_unique_id":"3406865","site_id":1751},{"date":"2020-02-21","product":"COPERNICUS/S1_GRD","band":"VH","value":-14.1097,"farmer_unique_id":"3406865","site_id":1751},{"date":"2020-02-26","product":"COPERNICUS/S1_GRD","band":"VH","value":-20.5059,"farmer_unique_id":"3406865","site_id":1751},{"date":"2020-03-04","product":"COPERNICUS/S1_GRD","band":"VH","value":-16.5828,"farmer_unique_id":"3406865","site_id":1751},{"date":"2020-03-09","product":"COPERNICUS/S1_GRD","band":"VH","value":-16.9414,"farmer_unique_id":"3406865","site_id":1751},{"date":"2020-03-16","product":"COPERNICUS/S1_GRD","band":"VH","value":-17.2387,"farmer_unique_id":"3406865","site_id":1751},{"date":"2020-03-21","product":"COPERNICUS/S1_GRD","band":"VH","value":-12.6534,"farmer_unique_id":"3406865","site_id":1751},{"date":"2020-03-28","product":"COPERNICUS/S1_GRD","band":"VH","value":-13.1185,"farmer_unique_id":"3406865","site_id":1751},{"date":"2020-04-02","product":"COPERNICUS/S1_GRD","band":"VH","value":-18.135,"farmer_unique_id":"3406865","site_id":1751},{"date":"2020-04-09","product":"COPERNICUS/S1_GRD","band":"VH","value":-18.6639,"farmer_unique_id":"3406865","site_id":1751},{"date":"2020-04-14","product":"COPERNICUS/S1_GRD","band":"VH","value":-16.8349,"farmer_unique_id":"3406865","site_id":1751},{"date":"2020-04-21","product":"COPERNICUS/S1_GRD","band":"VH","value":-15.3838,"farmer_unique_id":"3406865","site_id":1751},{"date":"2020-04-26","product":"COPERNICUS/S1_GRD","band":"VH","value":-18.733,"farmer_unique_id":"3406865","site_id":1751},{"date":"2020-05-03","product":"COPERNICUS/S1_GRD","band":"VH","value":-10.1725,"farmer_unique_id":"3406865","site_id":1751},{"date":"2020-05-08","product":"COPERNICUS/S1_GRD","band":"VH","value":-19.3635,"farmer_unique_id":"3406865","site_id":1751},{"date":"2020-05-15","product":"COPERNICUS/S1_GRD","band":"VH","value":-11.8796,"farmer_unique_id":"3406865","site_id":1751},{"date":"2020-05-20","product":"COPERNICUS/S1_GRD","band":"VH","value":-13.9251,"farmer_unique_id":"3406865","site_id":1751},{"date":"2020-05-27","product":"COPERNICUS/S1_GRD","band":"VH","value":-11.374,"farmer_unique_id":"3406865","site_id":1751},{"date":"2020-06-01","product":"COPERNICUS/S1_GRD","band":"VH","value":-20.6102,"farmer_unique_id":"3406865","site_id":1751},{"date":"2020-06-08","product":"COPERNICUS/S1_GRD","band":"VH","value":-12.761,"farmer_unique_id":"3406865","site_id":1751},{"date":"2020-06-13","product":"COPERNICUS/S1_GRD","band":"VH","value":-16.4592,"farmer_unique_id":"3406865","site_id":1751},{"date":"2020-06-20","product":"COPERNICUS/S1_GRD","band":"VH","value":-14.4749,"farmer_unique_id":"3406865","site_id":1751},{"date":"2020-06-25","product":"COPERNICUS/S1_GRD","band":"VH","value":-16.2241,"farmer_unique_id":"3406865","site_id":1751},{"date":"2020-07-02","product":"COPERNICUS/S1_GRD","band":"VH","value":-14.2894,"farmer_unique_id":"3406865","site_id":1751},{"date":"2020-07-07","product":"COPERNICUS/S1_GRD","band":"VH","value":-15.3834,"farmer_unique_id":"3406865","site_id":1751},{"date":"2020-07-14","product":"COPERNICUS/S1_GRD","band":"VH","value":-14.902,"farmer_unique_id":"3406865","site_id":1751},{"date":"2020-07-19","product":"COPERNICUS/S1_GRD","band":"VH","value":-12.809,"farmer_unique_id":"3406865","site_id":1751},{"date":"2020-07-26","product":"COPERNICUS/S1_GRD","band":"VH","value":-14.8557,"farmer_unique_id":"3406865","site_id":1751},{"date":"2020-07-31","product":"COPERNICUS/S1_GRD","band":"VH","value":-17.3829,"farmer_unique_id":"3406865","site_id":1751},{"date":"2020-08-07","product":"COPERNICUS/S1_GRD","band":"VH","value":-17.3517,"farmer_unique_id":"3406865","site_id":1751},{"date":"2020-08-12","product":"COPERNICUS/S1_GRD","band":"VH","farmer_unique_id":"3406865","site_id":1751},{"date":"2020-08-19","product":"COPERNICUS/S1_GRD","band":"VH","value":-17.5429,"farmer_unique_id":"3406865","site_id":1751},{"date":"2020-08-24","product":"COPERNICUS/S1_GRD","band":"VH","value":-20.8451,"farmer_unique_id":"3406865","site_id":1751},{"date":"2020-08-31","product":"COPERNICUS/S1_GRD","band":"VH","value":-14.7111,"farmer_unique_id":"3406865","site_id":1751},{"date":"2020-09-05","product":"COPERNICUS/S1_GRD","band":"VH","value":-13.1771,"farmer_unique_id":"3406865","site_id":1751},{"date":"2020-09-12","product":"COPERNICUS/S1_GRD","band":"VH","value":-16.3217,"farmer_unique_id":"3406865","site_id":1751},{"date":"2020-09-17","product":"COPERNICUS/S1_GRD","band":"VH","value":-14.7795,"farmer_unique_id":"3406865","site_id":1751},{"date":"2020-09-24","product":"COPERNICUS/S1_GRD","band":"VH","value":-13.4278,"farmer_unique_id":"3406865","site_id":1751},{"date":"2020-09-29","product":"COPERNICUS/S1_GRD","band":"VH","value":-12.661,"farmer_unique_id":"3406865","site_id":1751},{"date":"2020-10-06","product":"COPERNICUS/S1_GRD","band":"VH","value":-17.9152,"farmer_unique_id":"3406865","site_id":1751},{"date":"2020-10-11","product":"COPERNICUS/S1_GRD","band":"VH","value":-20.766,"farmer_unique_id":"3406865","site_id":1751},{"date":"2020-10-18","product":"COPERNICUS/S1_GRD","band":"VH","value":-16.4859,"farmer_unique_id":"3406865","site_id":1751},{"date":"2020-10-23","product":"COPERNICUS/S1_GRD","band":"VH","value":-18.4571,"farmer_unique_id":"3406865","site_id":1751},{"date":"2020-10-30","product":"COPERNICUS/S1_GRD","band":"VH","value":-13.2206,"farmer_unique_id":"3406865","site_id":1751},{"date":"2020-11-04","product":"COPERNICUS/S1_GRD","band":"VH","value":-13.5642,"farmer_unique_id":"3406865","site_id":1751},{"date":"2020-11-11","product":"COPERNICUS/S1_GRD","band":"VH","value":-15.0935,"farmer_unique_id":"3406865","site_id":1751},{"date":"2020-11-16","product":"COPERNICUS/S1_GRD","band":"VH","value":-15.7997,"farmer_unique_id":"3406865","site_id":1751},{"date":"2020-11-23","product":"COPERNICUS/S1_GRD","band":"VH","value":-15.0968,"farmer_unique_id":"3406865","site_id":1751},{"date":"2020-11-28","product":"COPERNICUS/S1_GRD","band":"VH","value":-16.1184,"farmer_unique_id":"3406865","site_id":1751},{"date":"2020-12-05","product":"COPERNICUS/S1_GRD","band":"VH","value":-15.4328,"farmer_unique_id":"3406865","site_id":1751},{"date":"2020-12-10","product":"COPERNICUS/S1_GRD","band":"VH","value":-17.0493,"farmer_unique_id":"3406865","site_id":1751},{"date":"2020-12-17","product":"COPERNICUS/S1_GRD","band":"VH","value":-15.9412,"farmer_unique_id":"3406865","site_id":1751},{"date":"2020-12-22","product":"COPERNICUS/S1_GRD","band":"VH","value":-14.4162,"farmer_unique_id":"3406865","site_id":1751},{"date":"2020-12-29","product":"COPERNICUS/S1_GRD","band":"VH","value":-17.7359,"farmer_unique_id":"3406865","site_id":1751},{"date":"2021-01-03","product":"COPERNICUS/S1_GRD","band":"VH","value":-17.5432,"farmer_unique_id":"3406865","site_id":1751},{"date":"2021-01-10","product":"COPERNICUS/S1_GRD","band":"VH","value":-18.4982,"farmer_unique_id":"3406865","site_id":1751},{"date":"2021-01-15","product":"COPERNICUS/S1_GRD","band":"VH","value":-14.9635,"farmer_unique_id":"3406865","site_id":1751},{"date":"2021-01-22","product":"COPERNICUS/S1_GRD","band":"VH","value":-15.3946,"farmer_unique_id":"3406865","site_id":1751},{"date":"2021-01-27","product":"COPERNICUS/S1_GRD","band":"VH","value":-16.4097,"farmer_unique_id":"3406865","site_id":1751},{"date":"2021-02-03","product":"COPERNICUS/S1_GRD","band":"VH","value":-19.7373,"farmer_unique_id":"3406865","site_id":1751},{"date":"2021-02-08","product":"COPERNICUS/S1_GRD","band":"VH","value":-18.6073,"farmer_unique_id":"3406865","site_id":1751},{"date":"2021-02-15","product":"COPERNICUS/S1_GRD","band":"VH","value":-18.1201,"farmer_unique_id":"3406865","site_id":1751},{"date":"2021-02-20","product":"COPERNICUS/S1_GRD","band":"VH","value":-17.0964,"farmer_unique_id":"3406865","site_id":1751},{"date":"2021-02-27","product":"COPERNICUS/S1_GRD","band":"VH","value":-19.9129,"farmer_unique_id":"3406865","site_id":1751},{"date":"2021-03-04","product":"COPERNICUS/S1_GRD","band":"VH","value":-14.4681,"farmer_unique_id":"3406865","site_id":1751},{"date":"2021-03-11","product":"COPERNICUS/S1_GRD","band":"VH","value":-17.6767,"farmer_unique_id":"3406865","site_id":1751},{"date":"2021-03-16","product":"COPERNICUS/S1_GRD","band":"VH","value":-14.7017,"farmer_unique_id":"3406865","site_id":1751},{"date":"2021-03-23","product":"COPERNICUS/S1_GRD","band":"VH","value":-17.832,"farmer_unique_id":"3406865","site_id":1751},{"date":"2021-03-28","product":"COPERNICUS/S1_GRD","band":"VH","value":-17.6593,"farmer_unique_id":"3406865","site_id":1751},{"date":"2021-04-04","product":"COPERNICUS/S1_GRD","band":"VH","value":-15.2593,"farmer_unique_id":"3406865","site_id":1751},{"date":"2021-04-09","product":"COPERNICUS/S1_GRD","band":"VH","value":-13.8544,"farmer_unique_id":"3406865","site_id":1751},{"date":"2021-04-16","product":"COPERNICUS/S1_GRD","band":"VH","value":-16.7161,"farmer_unique_id":"3406865","site_id":1751},{"date":"2021-04-21","product":"COPERNICUS/S1_GRD","band":"VH","value":-13.9046,"farmer_unique_id":"3406865","site_id":1751},{"date":"2021-04-28","product":"COPERNICUS/S1_GRD","band":"VH","value":-16.7867,"farmer_unique_id":"3406865","site_id":1751},{"date":"2021-05-03","product":"COPERNICUS/S1_GRD","band":"VH","value":-18.6712,"farmer_unique_id":"3406865","site_id":1751},{"date":"2021-05-10","product":"COPERNICUS/S1_GRD","band":"VH","value":-16.1827,"farmer_unique_id":"3406865","site_id":1751},{"date":"2021-05-15","product":"COPERNICUS/S1_GRD","band":"VH","value":-12.5553,"farmer_unique_id":"3406865","site_id":1751},{"date":"2021-05-22","product":"COPERNICUS/S1_GRD","band":"VH","value":-14.8341,"farmer_unique_id":"3406865","site_id":1751},{"date":"2021-05-27","product":"COPERNICUS/S1_GRD","band":"VH","value":-19.5531,"farmer_unique_id":"3406865","site_id":1751},{"date":"2020-01-04","product":"COPERNICUS/S1_GRD","band":"VV","value":-11.0315,"farmer_unique_id":"3406865","site_id":1751},{"date":"2020-01-09","product":"COPERNICUS/S1_GRD","band":"VV","value":-7.111,"farmer_unique_id":"3406865","site_id":1751},{"date":"2020-01-16","product":"COPERNICUS/S1_GRD","band":"VV","value":-10.8206,"farmer_unique_id":"3406865","site_id":1751},{"date":"2020-01-21","product":"COPERNICUS/S1_GRD","band":"VV","value":-11.6921,"farmer_unique_id":"3406865","site_id":1751},{"date":"2020-01-28","product":"COPERNICUS/S1_GRD","band":"VV","value":-9.7697,"farmer_unique_id":"3406865","site_id":1751},{"date":"2020-02-02","product":"COPERNICUS/S1_GRD","band":"VV","value":-8.6264,"farmer_unique_id":"3406865","site_id":1751},{"date":"2020-02-09","product":"COPERNICUS/S1_GRD","band":"VV","value":-8.8057,"farmer_unique_id":"3406865","site_id":1751},{"date":"2020-02-14","product":"COPERNICUS/S1_GRD","band":"VV","value":-6.2447,"farmer_unique_id":"3406865","site_id":1751},{"date":"2020-02-21","product":"COPERNICUS/S1_GRD","band":"VV","value":-11.4976,"farmer_unique_id":"3406865","site_id":1751},{"date":"2020-02-26","product":"COPERNICUS/S1_GRD","band":"VV","value":-9.732,"farmer_unique_id":"3406865","site_id":1751},{"date":"2020-03-04","product":"COPERNICUS/S1_GRD","band":"VV","value":-5.2603,"farmer_unique_id":"3406865","site_id":1751},{"date":"2020-03-09","product":"COPERNICUS/S1_GRD","band":"VV","value":-16.3007,"farmer_unique_id":"3406865","site_id":1751},{"date":"2020-03-16","product":"COPERNICUS/S1_GRD","band":"VV","value":-9.6818,"farmer_unique_id":"3406865","site_id":1751},{"date":"2020-03-21","product":"COPERNICUS/S1_GRD","band":"VV","value":-8.0707,"farmer_unique_id":"3406865","site_id":1751},{"date":"2020-03-28","product":"COPERNICUS/S1_GRD","band":"VV","value":-9.3698,"farmer_unique_id":"3406865","site_id":1751},{"date":"2020-04-02","product":"COPERNICUS/S1_GRD","band":"VV","value":-9.2584,"farmer_unique_id":"3406865","site_id":1751},{"date":"2020-04-09","product":"COPERNICUS/S1_GRD","band":"VV","value":-9.6236,"farmer_unique_id":"3406865","site_id":1751},{"date":"2020-04-14","product":"COPERNICUS/S1_GRD","band":"VV","value":-9.2654,"farmer_unique_id":"3406865","site_id":1751},{"date":"2020-04-21","product":"COPERNICUS/S1_GRD","band":"VV","value":-6.0451,"farmer_unique_id":"3406865","site_id":1751},{"date":"2020-04-26","product":"COPERNICUS/S1_GRD","band":"VV","value":-8.8032,"farmer_unique_id":"3406865","site_id":1751},{"date":"2020-05-03","product":"COPERNICUS/S1_GRD","band":"VV","value":-5.4868,"farmer_unique_id":"3406865","site_id":1751},{"date":"2020-05-08","product":"COPERNICUS/S1_GRD","band":"VV","value":-6.7057,"farmer_unique_id":"3406865","site_id":1751},{"date":"2020-05-15","product":"COPERNICUS/S1_GRD","band":"VV","value":-7.716,"farmer_unique_id":"3406865","site_id":1751},{"date":"2020-05-20","product":"COPERNICUS/S1_GRD","band":"VV","value":-6.035,"farmer_unique_id":"3406865","site_id":1751},{"date":"2020-05-27","product":"COPERNICUS/S1_GRD","band":"VV","value":-7.0139,"farmer_unique_id":"3406865","site_id":1751},{"date":"2020-06-01","product":"COPERNICUS/S1_GRD","band":"VV","value":-11.9815,"farmer_unique_id":"3406865","site_id":1751},{"date":"2020-06-08","product":"COPERNICUS/S1_GRD","band":"VV","value":-7.4235,"farmer_unique_id":"3406865","site_id":1751},{"date":"2020-06-13","product":"COPERNICUS/S1_GRD","band":"VV","value":-10.6112,"farmer_unique_id":"3406865","site_id":1751},{"date":"2020-06-20","product":"COPERNICUS/S1_GRD","band":"VV","value":-9.0509,"farmer_unique_id":"3406865","site_id":1751},{"date":"2020-06-25","product":"COPERNICUS/S1_GRD","band":"VV","value":-9.9088,"farmer_unique_id":"3406865","site_id":1751},{"date":"2020-07-02","product":"COPERNICUS/S1_GRD","band":"VV","value":-11.4561,"farmer_unique_id":"3406865","site_id":1751},{"date":"2020-07-07","product":"COPERNICUS/S1_GRD","band":"VV","value":-8.7155,"farmer_unique_id":"3406865","site_id":1751},{"date":"2020-07-14","product":"COPERNICUS/S1_GRD","band":"VV","value":-13.566,"farmer_unique_id":"3406865","site_id":1751},{"date":"2020-07-19","product":"COPERNICUS/S1_GRD","band":"VV","value":-8.5052,"farmer_unique_id":"3406865","site_id":1751},{"date":"2020-07-26","product":"COPERNICUS/S1_GRD","band":"VV","value":-10.3078,"farmer_unique_id":"3406865","site_id":1751},{"date":"2020-07-31","product":"COPERNICUS/S1_GRD","band":"VV","value":-10.427,"farmer_unique_id":"3406865","site_id":1751},{"date":"2020-08-07","product":"COPERNICUS/S1_GRD","band":"VV","value":-9.1871,"farmer_unique_id":"3406865","site_id":1751},{"date":"2020-08-12","product":"COPERNICUS/S1_GRD","band":"VV","value":-8.6039,"farmer_unique_id":"3406865","site_id":1751},{"date":"2020-08-19","product":"COPERNICUS/S1_GRD","band":"VV","value":-8.6828,"farmer_unique_id":"3406865","site_id":1751},{"date":"2020-08-24","product":"COPERNICUS/S1_GRD","band":"VV","value":-11.0463,"farmer_unique_id":"3406865","site_id":1751},{"date":"2020-08-31","product":"COPERNICUS/S1_GRD","band":"VV","value":-5.0442,"farmer_unique_id":"3406865","site_id":1751},{"date":"2020-09-05","product":"COPERNICUS/S1_GRD","band":"VV","value":-7.4096,"farmer_unique_id":"3406865","site_id":1751},{"date":"2020-09-12","product":"COPERNICUS/S1_GRD","band":"VV","value":-7.191,"farmer_unique_id":"3406865","site_id":1751},{"date":"2020-09-17","product":"COPERNICUS/S1_GRD","band":"VV","value":-9.8781,"farmer_unique_id":"3406865","site_id":1751},{"date":"2020-09-24","product":"COPERNICUS/S1_GRD","band":"VV","value":-6.8333,"farmer_unique_id":"3406865","site_id":1751},{"date":"2020-09-29","product":"COPERNICUS/S1_GRD","band":"VV","value":-12.1795,"farmer_unique_id":"3406865","site_id":1751},{"date":"2020-10-06","product":"COPERNICUS/S1_GRD","band":"VV","value":-7.0281,"farmer_unique_id":"3406865","site_id":1751},{"date":"2020-10-11","product":"COPERNICUS/S1_GRD","band":"VV","value":-14.3458,"farmer_unique_id":"3406865","site_id":1751},{"date":"2020-10-18","product":"COPERNICUS/S1_GRD","band":"VV","value":-7.9096,"farmer_unique_id":"3406865","site_id":1751},{"date":"2020-10-23","product":"COPERNICUS/S1_GRD","band":"VV","value":-9.5657,"farmer_unique_id":"3406865","site_id":1751},{"date":"2020-10-30","product":"COPERNICUS/S1_GRD","band":"VV","value":-10.8031,"farmer_unique_id":"3406865","site_id":1751},{"date":"2020-11-04","product":"COPERNICUS/S1_GRD","band":"VV","value":-11.0287,"farmer_unique_id":"3406865","site_id":1751},{"date":"2020-11-11","product":"COPERNICUS/S1_GRD","band":"VV","value":-9.4547,"farmer_unique_id":"3406865","site_id":1751},{"date":"2020-11-16","product":"COPERNICUS/S1_GRD","band":"VV","value":-5.6111,"farmer_unique_id":"3406865","site_id":1751},{"date":"2020-11-23","product":"COPERNICUS/S1_GRD","band":"VV","value":-9.5526,"farmer_unique_id":"3406865","site_id":1751},{"date":"2020-11-28","product":"COPERNICUS/S1_GRD","band":"VV","value":-10.8571,"farmer_unique_id":"3406865","site_id":1751},{"date":"2020-12-05","product":"COPERNICUS/S1_GRD","band":"VV","value":-9.679,"farmer_unique_id":"3406865","site_id":1751},{"date":"2020-12-10","product":"COPERNICUS/S1_GRD","band":"VV","value":-12.2189,"farmer_unique_id":"3406865","site_id":1751},{"date":"2020-12-17","product":"COPERNICUS/S1_GRD","band":"VV","value":-8.9735,"farmer_unique_id":"3406865","site_id":1751},{"date":"2020-12-22","product":"COPERNICUS/S1_GRD","band":"VV","value":-9.7765,"farmer_unique_id":"3406865","site_id":1751},{"date":"2020-12-29","product":"COPERNICUS/S1_GRD","band":"VV","value":-11.2179,"farmer_unique_id":"3406865","site_id":1751},{"date":"2021-01-03","product":"COPERNICUS/S1_GRD","band":"VV","value":-9.8701,"farmer_unique_id":"3406865","site_id":1751},{"date":"2021-01-10","product":"COPERNICUS/S1_GRD","band":"VV","value":-8.6661,"farmer_unique_id":"3406865","site_id":1751},{"date":"2021-01-15","product":"COPERNICUS/S1_GRD","band":"VV","value":-13.1116,"farmer_unique_id":"3406865","site_id":1751},{"date":"2021-01-22","product":"COPERNICUS/S1_GRD","band":"VV","value":-10.1352,"farmer_unique_id":"3406865","site_id":1751},{"date":"2021-01-27","product":"COPERNICUS/S1_GRD","band":"VV","value":-12.281,"farmer_unique_id":"3406865","site_id":1751},{"date":"2021-02-03","product":"COPERNICUS/S1_GRD","band":"VV","value":-7.0638,"farmer_unique_id":"3406865","site_id":1751},{"date":"2021-02-08","product":"COPERNICUS/S1_GRD","band":"VV","value":-11.3031,"farmer_unique_id":"3406865","site_id":1751},{"date":"2021-02-15","product":"COPERNICUS/S1_GRD","band":"VV","value":-12.0619,"farmer_unique_id":"3406865","site_id":1751},{"date":"2021-02-20","product":"COPERNICUS/S1_GRD","band":"VV","value":-13.0344,"farmer_unique_id":"3406865","site_id":1751},{"date":"2021-02-27","product":"COPERNICUS/S1_GRD","band":"VV","value":-10.9369,"farmer_unique_id":"3406865","site_id":1751},{"date":"2021-03-04","product":"COPERNICUS/S1_GRD","band":"VV","value":-9.1495,"farmer_unique_id":"3406865","site_id":1751},{"date":"2021-03-11","product":"COPERNICUS/S1_GRD","band":"VV","value":-10.4222,"farmer_unique_id":"3406865","site_id":1751},{"date":"2021-03-16","product":"COPERNICUS/S1_GRD","band":"VV","value":-10.6227,"farmer_unique_id":"3406865","site_id":1751},{"date":"2021-03-23","product":"COPERNICUS/S1_GRD","band":"VV","value":-7.2246,"farmer_unique_id":"3406865","site_id":1751},{"date":"2021-03-28","product":"COPERNICUS/S1_GRD","band":"VV","value":-11.6559,"farmer_unique_id":"3406865","site_id":1751},{"date":"2021-04-04","product":"COPERNICUS/S1_GRD","band":"VV","value":-6.802,"farmer_unique_id":"3406865","site_id":1751},{"date":"2021-04-09","product":"COPERNICUS/S1_GRD","band":"VV","value":-9.0961,"farmer_unique_id":"3406865","site_id":1751},{"date":"2021-04-16","product":"COPERNICUS/S1_GRD","band":"VV","value":-4.8183,"farmer_unique_id":"3406865","site_id":1751},{"date":"2021-04-21","product":"COPERNICUS/S1_GRD","band":"VV","value":-8.1104,"farmer_unique_id":"3406865","site_id":1751},{"date":"2021-04-28","product":"COPERNICUS/S1_GRD","band":"VV","value":-8.2244,"farmer_unique_id":"3406865","site_id":1751},{"date":"2021-05-03","product":"COPERNICUS/S1_GRD","band":"VV","value":-8.7461,"farmer_unique_id":"3406865","site_id":1751},{"date":"2021-05-10","product":"COPERNICUS/S1_GRD","band":"VV","value":-10.168,"farmer_unique_id":"3406865","site_id":1751},{"date":"2021-05-15","product":"COPERNICUS/S1_GRD","band":"VV","value":-9.4969,"farmer_unique_id":"3406865","site_id":1751},{"date":"2021-05-22","product":"COPERNICUS/S1_GRD","band":"VV","value":-7.7208,"farmer_unique_id":"3406865","site_id":1751},{"date":"2021-05-27","product":"COPERNICUS/S1_GRD","band":"VV","value":-9.358,"farmer_unique_id":"3406865","site_id":1751}]
