[{"date":"2020-01-09","product":"COPERNICUS/S1_GRD","band":"VH","value":-17.4054,"farmer_unique_id":"1350310","site_id":3657},{"date":"2020-01-21","product":"COPERNICUS/S1_GRD","band":"VH","value":-14.6534,"farmer_unique_id":"1350310","site_id":3657},{"date":"2020-02-02","product":"COPERNICUS/S1_GRD","band":"VH","value":-16.8748,"farmer_unique_id":"1350310","site_id":3657},{"date":"2020-02-14","product":"COPERNICUS/S1_GRD","band":"VH","value":-17.7699,"farmer_unique_id":"1350310","site_id":3657},{"date":"2020-02-26","product":"COPERNICUS/S1_GRD","band":"VH","value":-17.9759,"farmer_unique_id":"1350310","site_id":3657},{"date":"2020-03-09","product":"COPERNICUS/S1_GRD","band":"VH","value":-17.5144,"farmer_unique_id":"1350310","site_id":3657},{"date":"2020-03-21","product":"COPERNICUS/S1_GRD","band":"VH","value":-19.7428,"farmer_unique_id":"1350310","site_id":3657},{"date":"2020-04-02","product":"COPERNICUS/S1_GRD","band":"VH","value":-15.391,"farmer_unique_id":"1350310","site_id":3657},{"date":"2020-04-14","product":"COPERNICUS/S1_GRD","band":"VH","value":-14.8142,"farmer_unique_id":"1350310","site_id":3657},{"date":"2020-04-26","product":"COPERNICUS/S1_GRD","band":"VH","value":-17.2734,"farmer_unique_id":"1350310","site_id":3657},{"date":"2020-05-08","product":"COPERNICUS/S1_GRD","band":"VH","value":-14.8387,"farmer_unique_id":"1350310","site_id":3657},{"date":"2020-05-20","product":"COPERNICUS/S1_GRD","band":"VH","value":-16.4359,"farmer_unique_id":"1350310","site_id":3657},{"date":"2020-06-01","product":"COPERNICUS/S1_GRD","band":"VH","value":-14.8482,"farmer_unique_id":"1350310","site_id":3657},{"date":"2020-06-13","product":"COPERNICUS/S1_GRD","band":"VH","value":-15.2448,"farmer_unique_id":"1350310","site_id":3657},{"date":"2020-06-25","product":"COPERNICUS/S1_GRD","band":"VH","value":-14.1575,"farmer_unique_id":"1350310","site_id":3657},{"date":"2020-07-07","product":"COPERNICUS/S1_GRD","band":"VH","value":-16.9986,"farmer_unique_id":"1350310","site_id":3657},{"date":"2020-07-19","product":"COPERNICUS/S1_GRD","band":"VH","value":-12.7229,"farmer_unique_id":"1350310","site_id":3657},{"date":"2020-07-31","product":"COPERNICUS/S1_GRD","band":"VH","value":-15.4001,"farmer_unique_id":"1350310","site_id":3657},{"date":"2020-08-12","product":"COPERNICUS/S1_GRD","band":"VH","farmer_unique_id":"1350310","site_id":3657},{"date":"2020-08-24","product":"COPERNICUS/S1_GRD","band":"VH","value":-18.1977,"farmer_unique_id":"1350310","site_id":3657},{"date":"2020-09-05","product":"COPERNICUS/S1_GRD","band":"VH","value":-16.0114,"farmer_unique_id":"1350310","site_id":3657},{"date":"2020-09-17","product":"COPERNICUS/S1_GRD","band":"VH","value":-15.6257,"farmer_unique_id":"1350310","site_id":3657},{"date":"2020-09-29","product":"COPERNICUS/S1_GRD","band":"VH","value":-15.4151,"farmer_unique_id":"1350310","site_id":3657},{"date":"2020-10-11","product":"COPERNICUS/S1_GRD","band":"VH","value":-14.7945,"farmer_unique_id":"1350310","site_id":3657},{"date":"2020-10-23","product":"COPERNICUS/S1_GRD","band":"VH","value":-13.9754,"farmer_unique_id":"1350310","site_id":3657},{"date":"2020-11-04","product":"COPERNICUS/S1_GRD","band":"VH","value":-19.127,"farmer_unique_id":"1350310","site_id":3657},{"date":"2020-11-16","product":"COPERNICUS/S1_GRD","band":"VH","value":-15.817,"farmer_unique_id":"1350310","site_id":3657},{"date":"2020-11-28","product":"COPERNICUS/S1_GRD","band":"VH","value":-12.109,"farmer_unique_id":"1350310","site_id":3657},{"date":"2020-12-10","product":"COPERNICUS/S1_GRD","band":"VH","value":-18.2101,"farmer_unique_id":"1350310","site_id":3657},{"date":"2020-12-22","product":"COPERNICUS/S1_GRD","band":"VH","value":-15.7652,"farmer_unique_id":"1350310","site_id":3657},{"date":"2021-01-03","product":"COPERNICUS/S1_GRD","band":"VH","value":-15.5782,"farmer_unique_id":"1350310","site_id":3657},{"date":"2021-01-15","product":"COPERNICUS/S1_GRD","band":"VH","value":-17.0847,"farmer_unique_id":"1350310","site_id":3657},{"date":"2021-01-27","product":"COPERNICUS/S1_GRD","band":"VH","value":-13.4927,"farmer_unique_id":"1350310","site_id":3657},{"date":"2021-02-08","product":"COPERNICUS/S1_GRD","band":"VH","value":-15.7588,"farmer_unique_id":"1350310","site_id":3657},{"date":"2021-02-20","product":"COPERNICUS/S1_GRD","band":"VH","value":-18.4165,"farmer_unique_id":"1350310","site_id":3657},{"date":"2021-03-04","product":"COPERNICUS/S1_GRD","band":"VH","value":-19.8894,"farmer_unique_id":"1350310","site_id":3657},{"date":"2021-03-16","product":"COPERNICUS/S1_GRD","band":"VH","value":-18.8653,"farmer_unique_id":"1350310","site_id":3657},{"date":"2021-03-28","product":"COPERNICUS/S1_GRD","band":"VH","value":-18.6836,"farmer_unique_id":"1350310","site_id":3657},{"date":"2021-04-09","product":"COPERNICUS/S1_GRD","band":"VH","value":-14.1128,"farmer_unique_id":"1350310","site_id":3657},{"date":"2021-04-21","product":"COPERNICUS/S1_GRD","band":"VH","value":-17.3185,"farmer_unique_id":"1350310","site_id":3657},{"date":"2021-05-03","product":"COPERNICUS/S1_GRD","band":"VH","value":-13.6415,"farmer_unique_id":"1350310","site_id":3657},{"date":"2021-05-15","product":"COPERNICUS/S1_GRD","band":"VH","value":-13.5125,"farmer_unique_id":"1350310","site_id":3657},{"date":"2021-05-27","product":"COPERNICUS/S1_GRD","band":"VH","value":-13.3868,"farmer_unique_id":"1350310","site_id":3657},{"date":"2020-01-09","product":"COPERNICUS/S1_GRD","band":"VV","value":-11.3443,"farmer_unique_id":"1350310","site_id":3657},{"date":"2020-01-21","product":"COPERNICUS/S1_GRD","band":"VV","value":-10.2128,"farmer_unique_id":"1350310","site_id":3657},{"date":"2020-02-02","product":"COPERNICUS/S1_GRD","band":"VV","value":-10.9202,"farmer_unique_id":"1350310","site_id":3657},{"date":"2020-02-14","product":"COPERNICUS/S1_GRD","band":"VV","value":-9.9902,"farmer_unique_id":"1350310","site_id":3657},{"date":"2020-02-26","product":"COPERNICUS/S1_GRD","band":"VV","value":-9.8529,"farmer_unique_id":"1350310","site_id":3657},{"date":"2020-03-09","product":"COPERNICUS/S1_GRD","band":"VV","value":-11.2831,"farmer_unique_id":"1350310","site_id":3657},{"date":"2020-03-21","product":"COPERNICUS/S1_GRD","band":"VV","value":-8.9195,"farmer_unique_id":"1350310","site_id":3657},{"date":"2020-04-02","product":"COPERNICUS/S1_GRD","band":"VV","value":-8.2416,"farmer_unique_id":"1350310","site_id":3657},{"date":"2020-04-14","product":"COPERNICUS/S1_GRD","band":"VV","value":-11.4393,"farmer_unique_id":"1350310","site_id":3657},{"date":"2020-04-26","product":"COPERNICUS/S1_GRD","band":"VV","value":-7.5045,"farmer_unique_id":"1350310","site_id":3657},{"date":"2020-05-08","product":"COPERNICUS/S1_GRD","band":"VV","value":-6.6972,"farmer_unique_id":"1350310","site_id":3657},{"date":"2020-05-20","product":"COPERNICUS/S1_GRD","band":"VV","value":-9.2868,"farmer_unique_id":"1350310","site_id":3657},{"date":"2020-06-01","product":"COPERNICUS/S1_GRD","band":"VV","value":-10.434,"farmer_unique_id":"1350310","site_id":3657},{"date":"2020-06-13","product":"COPERNICUS/S1_GRD","band":"VV","value":-8.81,"farmer_unique_id":"1350310","site_id":3657},{"date":"2020-06-25","product":"COPERNICUS/S1_GRD","band":"VV","value":-7.951,"farmer_unique_id":"1350310","site_id":3657},{"date":"2020-07-07","product":"COPERNICUS/S1_GRD","band":"VV","value":-12.2036,"farmer_unique_id":"1350310","site_id":3657},{"date":"2020-07-19","product":"COPERNICUS/S1_GRD","band":"VV","value":-10.292,"farmer_unique_id":"1350310","site_id":3657},{"date":"2020-07-31","product":"COPERNICUS/S1_GRD","band":"VV","value":-8.6113,"farmer_unique_id":"1350310","site_id":3657},{"date":"2020-08-12","product":"COPERNICUS/S1_GRD","band":"VV","value":-7.553,"farmer_unique_id":"1350310","site_id":3657},{"date":"2020-08-24","product":"COPERNICUS/S1_GRD","band":"VV","value":-8.7648,"farmer_unique_id":"1350310","site_id":3657},{"date":"2020-09-05","product":"COPERNICUS/S1_GRD","band":"VV","value":-11.8584,"farmer_unique_id":"1350310","site_id":3657},{"date":"2020-09-17","product":"COPERNICUS/S1_GRD","band":"VV","value":-8.4347,"farmer_unique_id":"1350310","site_id":3657},{"date":"2020-09-29","product":"COPERNICUS/S1_GRD","band":"VV","value":-6.5573,"farmer_unique_id":"1350310","site_id":3657},{"date":"2020-10-11","product":"COPERNICUS/S1_GRD","band":"VV","value":-9.0165,"farmer_unique_id":"1350310","site_id":3657},{"date":"2020-10-23","product":"COPERNICUS/S1_GRD","band":"VV","value":-9.2408,"farmer_unique_id":"1350310","site_id":3657},{"date":"2020-11-04","product":"COPERNICUS/S1_GRD","band":"VV","value":-11.5755,"farmer_unique_id":"1350310","site_id":3657},{"date":"2020-11-16","product":"COPERNICUS/S1_GRD","band":"VV","value":-8.8598,"farmer_unique_id":"1350310","site_id":3657},{"date":"2020-11-28","product":"COPERNICUS/S1_GRD","band":"VV","value":-7.0871,"farmer_unique_id":"1350310","site_id":3657},{"date":"2020-12-10","product":"COPERNICUS/S1_GRD","band":"VV","value":-10.3063,"farmer_unique_id":"1350310","site_id":3657},{"date":"2020-12-22","product":"COPERNICUS/S1_GRD","band":"VV","value":-9.6164,"farmer_unique_id":"1350310","site_id":3657},{"date":"2021-01-03","product":"COPERNICUS/S1_GRD","band":"VV","value":-9.277,"farmer_unique_id":"1350310","site_id":3657},{"date":"2021-01-15","product":"COPERNICUS/S1_GRD","band":"VV","value":-10.2902,"farmer_unique_id":"1350310","site_id":3657},{"date":"2021-01-27","product":"COPERNICUS/S1_GRD","band":"VV","value":-10.8946,"farmer_unique_id":"1350310","site_id":3657},{"date":"2021-02-08","product":"COPERNICUS/S1_GRD","band":"VV","value":-11.0957,"farmer_unique_id":"1350310","site_id":3657},{"date":"2021-02-20","product":"COPERNICUS/S1_GRD","band":"VV","value":-9.0332,"farmer_unique_id":"1350310","site_id":3657},{"date":"2021-03-04","product":"COPERNICUS/S1_GRD","band":"VV","value":-8.8637,"farmer_unique_id":"1350310","site_id":3657},{"date":"2021-03-16","product":"COPERNICUS/S1_GRD","band":"VV","value":-10.3163,"farmer_unique_id":"1350310","site_id":3657},{"date":"2021-03-28","product":"COPERNICUS/S1_GRD","band":"VV","value":-13.1322,"farmer_unique_id":"1350310","site_id":3657},{"date":"2021-04-09","product":"COPERNICUS/S1_GRD","band":"VV","value":-10.1978,"farmer_unique_id":"1350310","site_id":3657},{"date":"2021-04-21","product":"COPERNICUS/S1_GRD","band":"VV","value":-10.2994,"farmer_unique_id":"1350310","site_id":3657},{"date":"2021-05-03","product":"COPERNICUS/S1_GRD","band":"VV","value":-9.2872,"farmer_unique_id":"1350310","site_id":3657},{"date":"2021-05-15","product":"COPERNICUS/S1_GRD","band":"VV","value":-10.83,"farmer_unique_id":"1350310","site_id":3657},{"date":"2021-05-27","product":"COPERNICUS/S1_GRD","band":"VV","value":-9.5847,"farmer_unique_id":"1350310","site_id":3657}]
