[{"date":"2020-01-11","product":"COPERNICUS/S1_GRD","band":"VH","value":-23.991,"farmer_unique_id":"MC025","site_id":1138},{"date":"2020-01-23","product":"COPERNICUS/S1_GRD","band":"VH","value":-19.1658,"farmer_unique_id":"MC025","site_id":1138},{"date":"2020-02-04","product":"COPERNICUS/S1_GRD","band":"VH","value":-15.1055,"farmer_unique_id":"MC025","site_id":1138},{"date":"2020-02-16","product":"COPERNICUS/S1_GRD","band":"VH","value":-21.2957,"farmer_unique_id":"MC025","site_id":1138},{"date":"2020-02-28","product":"COPERNICUS/S1_GRD","band":"VH","value":-19.8107,"farmer_unique_id":"MC025","site_id":1138},{"date":"2020-03-11","product":"COPERNICUS/S1_GRD","band":"VH","value":-16.6239,"farmer_unique_id":"MC025","site_id":1138},{"date":"2020-03-23","product":"COPERNICUS/S1_GRD","band":"VH","value":-17.186,"farmer_unique_id":"MC025","site_id":1138},{"date":"2020-04-04","product":"COPERNICUS/S1_GRD","band":"VH","value":-12.658,"farmer_unique_id":"MC025","site_id":1138},{"date":"2020-04-16","product":"COPERNICUS/S1_GRD","band":"VH","value":-16.8306,"farmer_unique_id":"MC025","site_id":1138},{"date":"2020-04-28","product":"COPERNICUS/S1_GRD","band":"VH","value":-21.8915,"farmer_unique_id":"MC025","site_id":1138},{"date":"2020-05-10","product":"COPERNICUS/S1_GRD","band":"VH","value":-14.1191,"farmer_unique_id":"MC025","site_id":1138},{"date":"2020-05-22","product":"COPERNICUS/S1_GRD","band":"VH","value":-16.7271,"farmer_unique_id":"MC025","site_id":1138},{"date":"2020-06-15","product":"COPERNICUS/S1_GRD","band":"VH","value":-22.4514,"farmer_unique_id":"MC025","site_id":1138},{"date":"2020-06-27","product":"COPERNICUS/S1_GRD","band":"VH","value":-16.6044,"farmer_unique_id":"MC025","site_id":1138},{"date":"2020-07-09","product":"COPERNICUS/S1_GRD","band":"VH","value":-16.6202,"farmer_unique_id":"MC025","site_id":1138},{"date":"2020-07-21","product":"COPERNICUS/S1_GRD","band":"VH","value":-22.7489,"farmer_unique_id":"MC025","site_id":1138},{"date":"2020-08-02","product":"COPERNICUS/S1_GRD","band":"VH","value":-23.9711,"farmer_unique_id":"MC025","site_id":1138},{"date":"2020-08-14","product":"COPERNICUS/S1_GRD","band":"VH","value":-13.8613,"farmer_unique_id":"MC025","site_id":1138},{"date":"2020-08-26","product":"COPERNICUS/S1_GRD","band":"VH","value":-19.2984,"farmer_unique_id":"MC025","site_id":1138},{"date":"2020-09-07","product":"COPERNICUS/S1_GRD","band":"VH","value":-17.9524,"farmer_unique_id":"MC025","site_id":1138},{"date":"2020-09-19","product":"COPERNICUS/S1_GRD","band":"VH","value":-18.7889,"farmer_unique_id":"MC025","site_id":1138},{"date":"2020-10-01","product":"COPERNICUS/S1_GRD","band":"VH","value":-18.762,"farmer_unique_id":"MC025","site_id":1138},{"date":"2020-10-13","product":"COPERNICUS/S1_GRD","band":"VH","value":-15.6709,"farmer_unique_id":"MC025","site_id":1138},{"date":"2020-10-25","product":"COPERNICUS/S1_GRD","band":"VH","value":-20.4221,"farmer_unique_id":"MC025","site_id":1138},{"date":"2020-11-06","product":"COPERNICUS/S1_GRD","band":"VH","value":-20.2451,"farmer_unique_id":"MC025","site_id":1138},{"date":"2020-11-18","product":"COPERNICUS/S1_GRD","band":"VH","value":-20.8273,"farmer_unique_id":"MC025","site_id":1138},{"date":"2020-11-30","product":"COPERNICUS/S1_GRD","band":"VH","value":-14.9111,"farmer_unique_id":"MC025","site_id":1138},{"date":"2020-12-12","product":"COPERNICUS/S1_GRD","band":"VH","value":-15.608,"farmer_unique_id":"MC025","site_id":1138},{"date":"2020-12-24","product":"COPERNICUS/S1_GRD","band":"VH","value":-16.2197,"farmer_unique_id":"MC025","site_id":1138},{"date":"2021-01-05","product":"COPERNICUS/S1_GRD","band":"VH","value":-17.7421,"farmer_unique_id":"MC025","site_id":1138},{"date":"2021-01-17","product":"COPERNICUS/S1_GRD","band":"VH","value":-20.6968,"farmer_unique_id":"MC025","site_id":1138},{"date":"2021-01-29","product":"COPERNICUS/S1_GRD","band":"VH","value":-16.9279,"farmer_unique_id":"MC025","site_id":1138},{"date":"2021-02-10","product":"COPERNICUS/S1_GRD","band":"VH","value":-15.5125,"farmer_unique_id":"MC025","site_id":1138},{"date":"2021-02-22","product":"COPERNICUS/S1_GRD","band":"VH","value":-15.4147,"farmer_unique_id":"MC025","site_id":1138},{"date":"2021-03-06","product":"COPERNICUS/S1_GRD","band":"VH","value":-18.2787,"farmer_unique_id":"MC025","site_id":1138},{"date":"2021-03-18","product":"COPERNICUS/S1_GRD","band":"VH","value":-14.2871,"farmer_unique_id":"MC025","site_id":1138},{"date":"2021-03-30","product":"COPERNICUS/S1_GRD","band":"VH","value":-18.1898,"farmer_unique_id":"MC025","site_id":1138},{"date":"2021-04-11","product":"COPERNICUS/S1_GRD","band":"VH","value":-18.3541,"farmer_unique_id":"MC025","site_id":1138},{"date":"2021-04-23","product":"COPERNICUS/S1_GRD","band":"VH","value":-16.6006,"farmer_unique_id":"MC025","site_id":1138},{"date":"2021-05-05","product":"COPERNICUS/S1_GRD","band":"VH","value":-18.069,"farmer_unique_id":"MC025","site_id":1138},{"date":"2021-05-17","product":"COPERNICUS/S1_GRD","band":"VH","value":-17.1081,"farmer_unique_id":"MC025","site_id":1138},{"date":"2021-05-29","product":"COPERNICUS/S1_GRD","band":"VH","value":-15.872,"farmer_unique_id":"MC025","site_id":1138},{"date":"2020-01-11","product":"COPERNICUS/S1_GRD","band":"VV","value":-10.73,"farmer_unique_id":"MC025","site_id":1138},{"date":"2020-01-23","product":"COPERNICUS/S1_GRD","band":"VV","value":-12.2301,"farmer_unique_id":"MC025","site_id":1138},{"date":"2020-02-04","product":"COPERNICUS/S1_GRD","band":"VV","value":-9.2076,"farmer_unique_id":"MC025","site_id":1138},{"date":"2020-02-16","product":"COPERNICUS/S1_GRD","band":"VV","value":-12.4793,"farmer_unique_id":"MC025","site_id":1138},{"date":"2020-02-28","product":"COPERNICUS/S1_GRD","band":"VV","value":-11.6739,"farmer_unique_id":"MC025","site_id":1138},{"date":"2020-03-11","product":"COPERNICUS/S1_GRD","band":"VV","value":-15.7398,"farmer_unique_id":"MC025","site_id":1138},{"date":"2020-03-23","product":"COPERNICUS/S1_GRD","band":"VV","value":-12.2375,"farmer_unique_id":"MC025","site_id":1138},{"date":"2020-04-04","product":"COPERNICUS/S1_GRD","band":"VV","value":-9.8989,"farmer_unique_id":"MC025","site_id":1138},{"date":"2020-04-16","product":"COPERNICUS/S1_GRD","band":"VV","value":-10.5109,"farmer_unique_id":"MC025","site_id":1138},{"date":"2020-04-28","product":"COPERNICUS/S1_GRD","band":"VV","value":-10.1617,"farmer_unique_id":"MC025","site_id":1138},{"date":"2020-05-10","product":"COPERNICUS/S1_GRD","band":"VV","value":-10.4811,"farmer_unique_id":"MC025","site_id":1138},{"date":"2020-05-22","product":"COPERNICUS/S1_GRD","band":"VV","value":-9.9355,"farmer_unique_id":"MC025","site_id":1138},{"date":"2020-06-15","product":"COPERNICUS/S1_GRD","band":"VV","value":-11.3174,"farmer_unique_id":"MC025","site_id":1138},{"date":"2020-06-27","product":"COPERNICUS/S1_GRD","band":"VV","value":-13.015,"farmer_unique_id":"MC025","site_id":1138},{"date":"2020-07-09","product":"COPERNICUS/S1_GRD","band":"VV","value":-12.0819,"farmer_unique_id":"MC025","site_id":1138},{"date":"2020-07-21","product":"COPERNICUS/S1_GRD","band":"VV","value":-12.0048,"farmer_unique_id":"MC025","site_id":1138},{"date":"2020-08-02","product":"COPERNICUS/S1_GRD","band":"VV","value":-13.9691,"farmer_unique_id":"MC025","site_id":1138},{"date":"2020-08-14","product":"COPERNICUS/S1_GRD","band":"VV","value":-13.8481,"farmer_unique_id":"MC025","site_id":1138},{"date":"2020-08-26","product":"COPERNICUS/S1_GRD","band":"VV","value":-13.0166,"farmer_unique_id":"MC025","site_id":1138},{"date":"2020-09-07","product":"COPERNICUS/S1_GRD","band":"VV","value":-10.907,"farmer_unique_id":"MC025","site_id":1138},{"date":"2020-09-19","product":"COPERNICUS/S1_GRD","band":"VV","value":-13.8554,"farmer_unique_id":"MC025","site_id":1138},{"date":"2020-10-01","product":"COPERNICUS/S1_GRD","band":"VV","value":-14.3586,"farmer_unique_id":"MC025","site_id":1138},{"date":"2020-10-13","product":"COPERNICUS/S1_GRD","band":"VV","value":-12.52,"farmer_unique_id":"MC025","site_id":1138},{"date":"2020-10-25","product":"COPERNICUS/S1_GRD","band":"VV","value":-13.8143,"farmer_unique_id":"MC025","site_id":1138},{"date":"2020-11-06","product":"COPERNICUS/S1_GRD","band":"VV","value":-10.9212,"farmer_unique_id":"MC025","site_id":1138},{"date":"2020-11-18","product":"COPERNICUS/S1_GRD","band":"VV","value":-14.379,"farmer_unique_id":"MC025","site_id":1138},{"date":"2020-11-30","product":"COPERNICUS/S1_GRD","band":"VV","value":-11.3956,"farmer_unique_id":"MC025","site_id":1138},{"date":"2020-12-12","product":"COPERNICUS/S1_GRD","band":"VV","value":-14.014,"farmer_unique_id":"MC025","site_id":1138},{"date":"2020-12-24","product":"COPERNICUS/S1_GRD","band":"VV","value":-14.3649,"farmer_unique_id":"MC025","site_id":1138},{"date":"2021-01-05","product":"COPERNICUS/S1_GRD","band":"VV","value":-15.8591,"farmer_unique_id":"MC025","site_id":1138},{"date":"2021-01-17","product":"COPERNICUS/S1_GRD","band":"VV","value":-11.1927,"farmer_unique_id":"MC025","site_id":1138},{"date":"2021-01-29","product":"COPERNICUS/S1_GRD","band":"VV","value":-12.2045,"farmer_unique_id":"MC025","site_id":1138},{"date":"2021-02-10","product":"COPERNICUS/S1_GRD","band":"VV","value":-15.2975,"farmer_unique_id":"MC025","site_id":1138},{"date":"2021-02-22","product":"COPERNICUS/S1_GRD","band":"VV","value":-10.752,"farmer_unique_id":"MC025","site_id":1138},{"date":"2021-03-06","product":"COPERNICUS/S1_GRD","band":"VV","value":-13.7441,"farmer_unique_id":"MC025","site_id":1138},{"date":"2021-03-18","product":"COPERNICUS/S1_GRD","band":"VV","value":-13.1489,"farmer_unique_id":"MC025","site_id":1138},{"date":"2021-03-30","product":"COPERNICUS/S1_GRD","band":"VV","value":-11.382,"farmer_unique_id":"MC025","site_id":1138},{"date":"2021-04-11","product":"COPERNICUS/S1_GRD","band":"VV","value":-10.9065,"farmer_unique_id":"MC025","site_id":1138},{"date":"2021-04-23","product":"COPERNICUS/S1_GRD","band":"VV","value":-8.3687,"farmer_unique_id":"MC025","site_id":1138},{"date":"2021-05-05","product":"COPERNICUS/S1_GRD","band":"VV","value":-14.5834,"farmer_unique_id":"MC025","site_id":1138},{"date":"2021-05-17","product":"COPERNICUS/S1_GRD","band":"VV","value":-9.6559,"farmer_unique_id":"MC025","site_id":1138},{"date":"2021-05-29","product":"COPERNICUS/S1_GRD","band":"VV","value":-13.8268,"farmer_unique_id":"MC025","site_id":1138}]
