[{"date":"2020-01-11","product":"COPERNICUS/S1_GRD","band":"VH","value":-13.2618,"farmer_unique_id":"EM1443","site_id":1411},{"date":"2020-01-23","product":"COPERNICUS/S1_GRD","band":"VH","value":-16.7733,"farmer_unique_id":"EM1443","site_id":1411},{"date":"2020-02-04","product":"COPERNICUS/S1_GRD","band":"VH","value":-14.5697,"farmer_unique_id":"EM1443","site_id":1411},{"date":"2020-02-16","product":"COPERNICUS/S1_GRD","band":"VH","value":-16.9334,"farmer_unique_id":"EM1443","site_id":1411},{"date":"2020-02-28","product":"COPERNICUS/S1_GRD","band":"VH","value":-14.63,"farmer_unique_id":"EM1443","site_id":1411},{"date":"2020-03-11","product":"COPERNICUS/S1_GRD","band":"VH","value":-16.3294,"farmer_unique_id":"EM1443","site_id":1411},{"date":"2020-03-23","product":"COPERNICUS/S1_GRD","band":"VH","value":-14.8812,"farmer_unique_id":"EM1443","site_id":1411},{"date":"2020-04-04","product":"COPERNICUS/S1_GRD","band":"VH","value":-17.5772,"farmer_unique_id":"EM1443","site_id":1411},{"date":"2020-04-16","product":"COPERNICUS/S1_GRD","band":"VH","value":-10.9587,"farmer_unique_id":"EM1443","site_id":1411},{"date":"2020-04-28","product":"COPERNICUS/S1_GRD","band":"VH","value":-16.4953,"farmer_unique_id":"EM1443","site_id":1411},{"date":"2020-05-10","product":"COPERNICUS/S1_GRD","band":"VH","value":-12.9565,"farmer_unique_id":"EM1443","site_id":1411},{"date":"2020-05-22","product":"COPERNICUS/S1_GRD","band":"VH","value":-17.5276,"farmer_unique_id":"EM1443","site_id":1411},{"date":"2020-06-15","product":"COPERNICUS/S1_GRD","band":"VH","value":-15.4862,"farmer_unique_id":"EM1443","site_id":1411},{"date":"2020-06-27","product":"COPERNICUS/S1_GRD","band":"VH","value":-15.8853,"farmer_unique_id":"EM1443","site_id":1411},{"date":"2020-07-09","product":"COPERNICUS/S1_GRD","band":"VH","value":-13.3873,"farmer_unique_id":"EM1443","site_id":1411},{"date":"2020-07-21","product":"COPERNICUS/S1_GRD","band":"VH","value":-16.6288,"farmer_unique_id":"EM1443","site_id":1411},{"date":"2020-08-02","product":"COPERNICUS/S1_GRD","band":"VH","value":-14.249,"farmer_unique_id":"EM1443","site_id":1411},{"date":"2020-08-14","product":"COPERNICUS/S1_GRD","band":"VH","value":-16.8541,"farmer_unique_id":"EM1443","site_id":1411},{"date":"2020-08-26","product":"COPERNICUS/S1_GRD","band":"VH","value":-14.3227,"farmer_unique_id":"EM1443","site_id":1411},{"date":"2020-09-07","product":"COPERNICUS/S1_GRD","band":"VH","value":-16.0495,"farmer_unique_id":"EM1443","site_id":1411},{"date":"2020-09-19","product":"COPERNICUS/S1_GRD","band":"VH","value":-13.4444,"farmer_unique_id":"EM1443","site_id":1411},{"date":"2020-10-01","product":"COPERNICUS/S1_GRD","band":"VH","value":-14.9186,"farmer_unique_id":"EM1443","site_id":1411},{"date":"2020-10-13","product":"COPERNICUS/S1_GRD","band":"VH","value":-16.8221,"farmer_unique_id":"EM1443","site_id":1411},{"date":"2020-10-25","product":"COPERNICUS/S1_GRD","band":"VH","value":-21.2651,"farmer_unique_id":"EM1443","site_id":1411},{"date":"2020-11-06","product":"COPERNICUS/S1_GRD","band":"VH","value":-18.333,"farmer_unique_id":"EM1443","site_id":1411},{"date":"2020-11-18","product":"COPERNICUS/S1_GRD","band":"VH","value":-13.7295,"farmer_unique_id":"EM1443","site_id":1411},{"date":"2020-11-30","product":"COPERNICUS/S1_GRD","band":"VH","value":-16.0647,"farmer_unique_id":"EM1443","site_id":1411},{"date":"2020-12-12","product":"COPERNICUS/S1_GRD","band":"VH","value":-18.5395,"farmer_unique_id":"EM1443","site_id":1411},{"date":"2020-12-24","product":"COPERNICUS/S1_GRD","band":"VH","value":-15.5842,"farmer_unique_id":"EM1443","site_id":1411},{"date":"2021-01-05","product":"COPERNICUS/S1_GRD","band":"VH","value":-17.7203,"farmer_unique_id":"EM1443","site_id":1411},{"date":"2021-01-17","product":"COPERNICUS/S1_GRD","band":"VH","value":-13.7515,"farmer_unique_id":"EM1443","site_id":1411},{"date":"2021-01-29","product":"COPERNICUS/S1_GRD","band":"VH","value":-13.7642,"farmer_unique_id":"EM1443","site_id":1411},{"date":"2021-02-10","product":"COPERNICUS/S1_GRD","band":"VH","value":-15.9845,"farmer_unique_id":"EM1443","site_id":1411},{"date":"2021-02-22","product":"COPERNICUS/S1_GRD","band":"VH","value":-11.7479,"farmer_unique_id":"EM1443","site_id":1411},{"date":"2021-03-06","product":"COPERNICUS/S1_GRD","band":"VH","value":-13.1626,"farmer_unique_id":"EM1443","site_id":1411},{"date":"2021-03-18","product":"COPERNICUS/S1_GRD","band":"VH","value":-14.4124,"farmer_unique_id":"EM1443","site_id":1411},{"date":"2021-03-30","product":"COPERNICUS/S1_GRD","band":"VH","value":-14.281,"farmer_unique_id":"EM1443","site_id":1411},{"date":"2021-04-11","product":"COPERNICUS/S1_GRD","band":"VH","value":-11.9994,"farmer_unique_id":"EM1443","site_id":1411},{"date":"2021-04-23","product":"COPERNICUS/S1_GRD","band":"VH","value":-12.2879,"farmer_unique_id":"EM1443","site_id":1411},{"date":"2021-05-05","product":"COPERNICUS/S1_GRD","band":"VH","value":-11.671,"farmer_unique_id":"EM1443","site_id":1411},{"date":"2021-05-17","product":"COPERNICUS/S1_GRD","band":"VH","value":-17.2755,"farmer_unique_id":"EM1443","site_id":1411},{"date":"2021-05-29","product":"COPERNICUS/S1_GRD","band":"VH","value":-19.3174,"farmer_unique_id":"EM1443","site_id":1411},{"date":"2020-01-11","product":"COPERNICUS/S1_GRD","band":"VV","value":-9.3547,"farmer_unique_id":"EM1443","site_id":1411},{"date":"2020-01-23","product":"COPERNICUS/S1_GRD","band":"VV","value":-6.9106,"farmer_unique_id":"EM1443","site_id":1411},{"date":"2020-02-04","product":"COPERNICUS/S1_GRD","band":"VV","value":-6.4586,"farmer_unique_id":"EM1443","site_id":1411},{"date":"2020-02-16","product":"COPERNICUS/S1_GRD","band":"VV","value":-8.051,"farmer_unique_id":"EM1443","site_id":1411},{"date":"2020-02-28","product":"COPERNICUS/S1_GRD","band":"VV","value":-7.8119,"farmer_unique_id":"EM1443","site_id":1411},{"date":"2020-03-11","product":"COPERNICUS/S1_GRD","band":"VV","value":-9.2856,"farmer_unique_id":"EM1443","site_id":1411},{"date":"2020-03-23","product":"COPERNICUS/S1_GRD","band":"VV","value":-7.0152,"farmer_unique_id":"EM1443","site_id":1411},{"date":"2020-04-04","product":"COPERNICUS/S1_GRD","band":"VV","value":-5.9063,"farmer_unique_id":"EM1443","site_id":1411},{"date":"2020-04-16","product":"COPERNICUS/S1_GRD","band":"VV","value":-7.3474,"farmer_unique_id":"EM1443","site_id":1411},{"date":"2020-04-28","product":"COPERNICUS/S1_GRD","band":"VV","value":-8.8074,"farmer_unique_id":"EM1443","site_id":1411},{"date":"2020-05-10","product":"COPERNICUS/S1_GRD","band":"VV","value":-9.1699,"farmer_unique_id":"EM1443","site_id":1411},{"date":"2020-05-22","product":"COPERNICUS/S1_GRD","band":"VV","value":-8.925,"farmer_unique_id":"EM1443","site_id":1411},{"date":"2020-06-15","product":"COPERNICUS/S1_GRD","band":"VV","value":-10.0059,"farmer_unique_id":"EM1443","site_id":1411},{"date":"2020-06-27","product":"COPERNICUS/S1_GRD","band":"VV","value":-7.2725,"farmer_unique_id":"EM1443","site_id":1411},{"date":"2020-07-09","product":"COPERNICUS/S1_GRD","band":"VV","value":-6.9168,"farmer_unique_id":"EM1443","site_id":1411},{"date":"2020-07-21","product":"COPERNICUS/S1_GRD","band":"VV","value":-9.4897,"farmer_unique_id":"EM1443","site_id":1411},{"date":"2020-08-02","product":"COPERNICUS/S1_GRD","band":"VV","value":-12.2812,"farmer_unique_id":"EM1443","site_id":1411},{"date":"2020-08-14","product":"COPERNICUS/S1_GRD","band":"VV","value":-10.1628,"farmer_unique_id":"EM1443","site_id":1411},{"date":"2020-08-26","product":"COPERNICUS/S1_GRD","band":"VV","value":-12.0695,"farmer_unique_id":"EM1443","site_id":1411},{"date":"2020-09-07","product":"COPERNICUS/S1_GRD","band":"VV","value":-10.5872,"farmer_unique_id":"EM1443","site_id":1411},{"date":"2020-09-19","product":"COPERNICUS/S1_GRD","band":"VV","value":-7.5017,"farmer_unique_id":"EM1443","site_id":1411},{"date":"2020-10-01","product":"COPERNICUS/S1_GRD","band":"VV","value":-8.4079,"farmer_unique_id":"EM1443","site_id":1411},{"date":"2020-10-13","product":"COPERNICUS/S1_GRD","band":"VV","value":-10.4,"farmer_unique_id":"EM1443","site_id":1411},{"date":"2020-10-25","product":"COPERNICUS/S1_GRD","band":"VV","value":-9.4537,"farmer_unique_id":"EM1443","site_id":1411},{"date":"2020-11-06","product":"COPERNICUS/S1_GRD","band":"VV","value":-14.2442,"farmer_unique_id":"EM1443","site_id":1411},{"date":"2020-11-18","product":"COPERNICUS/S1_GRD","band":"VV","value":-8.4597,"farmer_unique_id":"EM1443","site_id":1411},{"date":"2020-11-30","product":"COPERNICUS/S1_GRD","band":"VV","value":-7.2754,"farmer_unique_id":"EM1443","site_id":1411},{"date":"2020-12-12","product":"COPERNICUS/S1_GRD","band":"VV","value":-12.5567,"farmer_unique_id":"EM1443","site_id":1411},{"date":"2020-12-24","product":"COPERNICUS/S1_GRD","band":"VV","value":-11.9497,"farmer_unique_id":"EM1443","site_id":1411},{"date":"2021-01-05","product":"COPERNICUS/S1_GRD","band":"VV","value":-11.5702,"farmer_unique_id":"EM1443","site_id":1411},{"date":"2021-01-17","product":"COPERNICUS/S1_GRD","band":"VV","value":-12.2595,"farmer_unique_id":"EM1443","site_id":1411},{"date":"2021-01-29","product":"COPERNICUS/S1_GRD","band":"VV","value":-12.2393,"farmer_unique_id":"EM1443","site_id":1411},{"date":"2021-02-10","product":"COPERNICUS/S1_GRD","band":"VV","value":-9.5148,"farmer_unique_id":"EM1443","site_id":1411},{"date":"2021-02-22","product":"COPERNICUS/S1_GRD","band":"VV","value":-6.7487,"farmer_unique_id":"EM1443","site_id":1411},{"date":"2021-03-06","product":"COPERNICUS/S1_GRD","band":"VV","value":-9.6544,"farmer_unique_id":"EM1443","site_id":1411},{"date":"2021-03-18","product":"COPERNICUS/S1_GRD","band":"VV","value":-10.58,"farmer_unique_id":"EM1443","site_id":1411},{"date":"2021-03-30","product":"COPERNICUS/S1_GRD","band":"VV","value":-8.5773,"farmer_unique_id":"EM1443","site_id":1411},{"date":"2021-04-11","product":"COPERNICUS/S1_GRD","band":"VV","value":-11.6347,"farmer_unique_id":"EM1443","site_id":1411},{"date":"2021-04-23","product":"COPERNICUS/S1_GRD","band":"VV","value":-7.0833,"farmer_unique_id":"EM1443","site_id":1411},{"date":"2021-05-05","product":"COPERNICUS/S1_GRD","band":"VV","value":-9.1401,"farmer_unique_id":"EM1443","site_id":1411},{"date":"2021-05-17","product":"COPERNICUS/S1_GRD","band":"VV","value":-8.4671,"farmer_unique_id":"EM1443","site_id":1411},{"date":"2021-05-29","product":"COPERNICUS/S1_GRD","band":"VV","value":-6.3767,"farmer_unique_id":"EM1443","site_id":1411}]
