[{"date":"2020-01-11","product":"COPERNICUS/S1_GRD","band":"VH","value":-13.5419,"farmer_unique_id":"ME3412","site_id":1029},{"date":"2020-01-23","product":"COPERNICUS/S1_GRD","band":"VH","value":-15.3188,"farmer_unique_id":"ME3412","site_id":1029},{"date":"2020-02-04","product":"COPERNICUS/S1_GRD","band":"VH","value":-17.2401,"farmer_unique_id":"ME3412","site_id":1029},{"date":"2020-02-16","product":"COPERNICUS/S1_GRD","band":"VH","value":-17.8056,"farmer_unique_id":"ME3412","site_id":1029},{"date":"2020-02-28","product":"COPERNICUS/S1_GRD","band":"VH","value":-15.3359,"farmer_unique_id":"ME3412","site_id":1029},{"date":"2020-03-11","product":"COPERNICUS/S1_GRD","band":"VH","value":-14.4501,"farmer_unique_id":"ME3412","site_id":1029},{"date":"2020-03-23","product":"COPERNICUS/S1_GRD","band":"VH","value":-12.6724,"farmer_unique_id":"ME3412","site_id":1029},{"date":"2020-04-04","product":"COPERNICUS/S1_GRD","band":"VH","value":-18.7835,"farmer_unique_id":"ME3412","site_id":1029},{"date":"2020-04-16","product":"COPERNICUS/S1_GRD","band":"VH","value":-12.7315,"farmer_unique_id":"ME3412","site_id":1029},{"date":"2020-04-28","product":"COPERNICUS/S1_GRD","band":"VH","value":-10.4143,"farmer_unique_id":"ME3412","site_id":1029},{"date":"2020-05-10","product":"COPERNICUS/S1_GRD","band":"VH","value":-15.028,"farmer_unique_id":"ME3412","site_id":1029},{"date":"2020-05-22","product":"COPERNICUS/S1_GRD","band":"VH","value":-16.3203,"farmer_unique_id":"ME3412","site_id":1029},{"date":"2020-06-03","product":"COPERNICUS/S1_GRD","band":"VH","value":-16.2462,"farmer_unique_id":"ME3412","site_id":1029},{"date":"2020-06-15","product":"COPERNICUS/S1_GRD","band":"VH","value":-10.6429,"farmer_unique_id":"ME3412","site_id":1029},{"date":"2020-06-27","product":"COPERNICUS/S1_GRD","band":"VH","value":-18.1638,"farmer_unique_id":"ME3412","site_id":1029},{"date":"2020-07-09","product":"COPERNICUS/S1_GRD","band":"VH","value":-14.1774,"farmer_unique_id":"ME3412","site_id":1029},{"date":"2020-07-21","product":"COPERNICUS/S1_GRD","band":"VH","value":-13.113,"farmer_unique_id":"ME3412","site_id":1029},{"date":"2020-08-02","product":"COPERNICUS/S1_GRD","band":"VH","value":-17.2737,"farmer_unique_id":"ME3412","site_id":1029},{"date":"2020-08-14","product":"COPERNICUS/S1_GRD","band":"VH","value":-13.1585,"farmer_unique_id":"ME3412","site_id":1029},{"date":"2020-08-26","product":"COPERNICUS/S1_GRD","band":"VH","value":-14.7666,"farmer_unique_id":"ME3412","site_id":1029},{"date":"2020-09-07","product":"COPERNICUS/S1_GRD","band":"VH","value":-18.0314,"farmer_unique_id":"ME3412","site_id":1029},{"date":"2020-09-19","product":"COPERNICUS/S1_GRD","band":"VH","value":-18.4472,"farmer_unique_id":"ME3412","site_id":1029},{"date":"2020-10-01","product":"COPERNICUS/S1_GRD","band":"VH","value":-17.1743,"farmer_unique_id":"ME3412","site_id":1029},{"date":"2020-10-13","product":"COPERNICUS/S1_GRD","band":"VH","value":-17.808,"farmer_unique_id":"ME3412","site_id":1029},{"date":"2020-10-25","product":"COPERNICUS/S1_GRD","band":"VH","value":-16.3724,"farmer_unique_id":"ME3412","site_id":1029},{"date":"2020-11-06","product":"COPERNICUS/S1_GRD","band":"VH","value":-19.199,"farmer_unique_id":"ME3412","site_id":1029},{"date":"2020-11-18","product":"COPERNICUS/S1_GRD","band":"VH","value":-16.6202,"farmer_unique_id":"ME3412","site_id":1029},{"date":"2020-11-30","product":"COPERNICUS/S1_GRD","band":"VH","value":-17.6945,"farmer_unique_id":"ME3412","site_id":1029},{"date":"2020-12-12","product":"COPERNICUS/S1_GRD","band":"VH","value":-14.0501,"farmer_unique_id":"ME3412","site_id":1029},{"date":"2020-12-24","product":"COPERNICUS/S1_GRD","band":"VH","value":-17.0383,"farmer_unique_id":"ME3412","site_id":1029},{"date":"2021-01-05","product":"COPERNICUS/S1_GRD","band":"VH","value":-16.3962,"farmer_unique_id":"ME3412","site_id":1029},{"date":"2021-01-17","product":"COPERNICUS/S1_GRD","band":"VH","value":-16.8838,"farmer_unique_id":"ME3412","site_id":1029},{"date":"2021-01-29","product":"COPERNICUS/S1_GRD","band":"VH","value":-15.6365,"farmer_unique_id":"ME3412","site_id":1029},{"date":"2021-02-10","product":"COPERNICUS/S1_GRD","band":"VH","value":-13.4135,"farmer_unique_id":"ME3412","site_id":1029},{"date":"2021-02-22","product":"COPERNICUS/S1_GRD","band":"VH","value":-13.5504,"farmer_unique_id":"ME3412","site_id":1029},{"date":"2021-03-06","product":"COPERNICUS/S1_GRD","band":"VH","value":-14.5098,"farmer_unique_id":"ME3412","site_id":1029},{"date":"2021-03-18","product":"COPERNICUS/S1_GRD","band":"VH","value":-19.5219,"farmer_unique_id":"ME3412","site_id":1029},{"date":"2021-03-30","product":"COPERNICUS/S1_GRD","band":"VH","value":-14.6311,"farmer_unique_id":"ME3412","site_id":1029},{"date":"2021-04-11","product":"COPERNICUS/S1_GRD","band":"VH","value":-21.2566,"farmer_unique_id":"ME3412","site_id":1029},{"date":"2021-04-23","product":"COPERNICUS/S1_GRD","band":"VH","value":-13.1756,"farmer_unique_id":"ME3412","site_id":1029},{"date":"2021-05-05","product":"COPERNICUS/S1_GRD","band":"VH","value":-14.6932,"farmer_unique_id":"ME3412","site_id":1029},{"date":"2021-05-17","product":"COPERNICUS/S1_GRD","band":"VH","value":-14.6385,"farmer_unique_id":"ME3412","site_id":1029},{"date":"2021-05-29","product":"COPERNICUS/S1_GRD","band":"VH","value":-16.2179,"farmer_unique_id":"ME3412","site_id":1029},{"date":"2020-01-11","product":"COPERNICUS/S1_GRD","band":"VV","value":-8.5625,"farmer_unique_id":"ME3412","site_id":1029},{"date":"2020-01-23","product":"COPERNICUS/S1_GRD","band":"VV","value":-8.5217,"farmer_unique_id":"ME3412","site_id":1029},{"date":"2020-02-04","product":"COPERNICUS/S1_GRD","band":"VV","value":-10.5569,"farmer_unique_id":"ME3412","site_id":1029},{"date":"2020-02-16","product":"COPERNICUS/S1_GRD","band":"VV","value":-5.273,"farmer_unique_id":"ME3412","site_id":1029},{"date":"2020-02-28","product":"COPERNICUS/S1_GRD","band":"VV","value":-12.3458,"farmer_unique_id":"ME3412","site_id":1029},{"date":"2020-03-11","product":"COPERNICUS/S1_GRD","band":"VV","value":-8.671,"farmer_unique_id":"ME3412","site_id":1029},{"date":"2020-03-23","product":"COPERNICUS/S1_GRD","band":"VV","value":-8.3856,"farmer_unique_id":"ME3412","site_id":1029},{"date":"2020-04-04","product":"COPERNICUS/S1_GRD","band":"VV","value":-9.4703,"farmer_unique_id":"ME3412","site_id":1029},{"date":"2020-04-16","product":"COPERNICUS/S1_GRD","band":"VV","value":-10.3275,"farmer_unique_id":"ME3412","site_id":1029},{"date":"2020-04-28","product":"COPERNICUS/S1_GRD","band":"VV","value":-6.5953,"farmer_unique_id":"ME3412","site_id":1029},{"date":"2020-05-10","product":"COPERNICUS/S1_GRD","band":"VV","value":-6.1856,"farmer_unique_id":"ME3412","site_id":1029},{"date":"2020-05-22","product":"COPERNICUS/S1_GRD","band":"VV","value":-8.5744,"farmer_unique_id":"ME3412","site_id":1029},{"date":"2020-06-03","product":"COPERNICUS/S1_GRD","band":"VV","value":-8.6197,"farmer_unique_id":"ME3412","site_id":1029},{"date":"2020-06-15","product":"COPERNICUS/S1_GRD","band":"VV","value":-7.8675,"farmer_unique_id":"ME3412","site_id":1029},{"date":"2020-06-27","product":"COPERNICUS/S1_GRD","band":"VV","value":-9.1962,"farmer_unique_id":"ME3412","site_id":1029},{"date":"2020-07-09","product":"COPERNICUS/S1_GRD","band":"VV","value":-8.8615,"farmer_unique_id":"ME3412","site_id":1029},{"date":"2020-07-21","product":"COPERNICUS/S1_GRD","band":"VV","value":-10.742,"farmer_unique_id":"ME3412","site_id":1029},{"date":"2020-08-02","product":"COPERNICUS/S1_GRD","band":"VV","value":-11.1398,"farmer_unique_id":"ME3412","site_id":1029},{"date":"2020-08-14","product":"COPERNICUS/S1_GRD","band":"VV","value":-9.5678,"farmer_unique_id":"ME3412","site_id":1029},{"date":"2020-08-26","product":"COPERNICUS/S1_GRD","band":"VV","value":-11.1701,"farmer_unique_id":"ME3412","site_id":1029},{"date":"2020-09-07","product":"COPERNICUS/S1_GRD","band":"VV","value":-5.7055,"farmer_unique_id":"ME3412","site_id":1029},{"date":"2020-09-19","product":"COPERNICUS/S1_GRD","band":"VV","value":-7.392,"farmer_unique_id":"ME3412","site_id":1029},{"date":"2020-10-01","product":"COPERNICUS/S1_GRD","band":"VV","value":-9.1456,"farmer_unique_id":"ME3412","site_id":1029},{"date":"2020-10-13","product":"COPERNICUS/S1_GRD","band":"VV","value":-9.6584,"farmer_unique_id":"ME3412","site_id":1029},{"date":"2020-10-25","product":"COPERNICUS/S1_GRD","band":"VV","value":-11.4432,"farmer_unique_id":"ME3412","site_id":1029},{"date":"2020-11-06","product":"COPERNICUS/S1_GRD","band":"VV","value":-8.1255,"farmer_unique_id":"ME3412","site_id":1029},{"date":"2020-11-18","product":"COPERNICUS/S1_GRD","band":"VV","value":-8.5458,"farmer_unique_id":"ME3412","site_id":1029},{"date":"2020-11-30","product":"COPERNICUS/S1_GRD","band":"VV","value":-8.2381,"farmer_unique_id":"ME3412","site_id":1029},{"date":"2020-12-12","product":"COPERNICUS/S1_GRD","band":"VV","value":-9.3255,"farmer_unique_id":"ME3412","site_id":1029},{"date":"2020-12-24","product":"COPERNICUS/S1_GRD","band":"VV","value":-9.9845,"farmer_unique_id":"ME3412","site_id":1029},{"date":"2021-01-05","product":"COPERNICUS/S1_GRD","band":"VV","value":-11.049,"farmer_unique_id":"ME3412","site_id":1029},{"date":"2021-01-17","product":"COPERNICUS/S1_GRD","band":"VV","value":-6.8237,"farmer_unique_id":"ME3412","site_id":1029},{"date":"2021-01-29","product":"COPERNICUS/S1_GRD","band":"VV","value":-11.4612,"farmer_unique_id":"ME3412","site_id":1029},{"date":"2021-02-10","product":"COPERNICUS/S1_GRD","band":"VV","value":-14.1401,"farmer_unique_id":"ME3412","site_id":1029},{"date":"2021-02-22","product":"COPERNICUS/S1_GRD","band":"VV","value":-10.5026,"farmer_unique_id":"ME3412","site_id":1029},{"date":"2021-03-06","product":"COPERNICUS/S1_GRD","band":"VV","value":-10.7569,"farmer_unique_id":"ME3412","site_id":1029},{"date":"2021-03-18","product":"COPERNICUS/S1_GRD","band":"VV","value":-10.1134,"farmer_unique_id":"ME3412","site_id":1029},{"date":"2021-03-30","product":"COPERNICUS/S1_GRD","band":"VV","value":-9.2645,"farmer_unique_id":"ME3412","site_id":1029},{"date":"2021-04-11","product":"COPERNICUS/S1_GRD","band":"VV","value":-12.7612,"farmer_unique_id":"ME3412","site_id":1029},{"date":"2021-04-23","product":"COPERNICUS/S1_GRD","band":"VV","value":-5.666,"farmer_unique_id":"ME3412","site_id":1029},{"date":"2021-05-05","product":"COPERNICUS/S1_GRD","band":"VV","value":-5.8698,"farmer_unique_id":"ME3412","site_id":1029},{"date":"2021-05-17","product":"COPERNICUS/S1_GRD","band":"VV","value":-12.0596,"farmer_unique_id":"ME3412","site_id":1029},{"date":"2021-05-29","product":"COPERNICUS/S1_GRD","band":"VV","value":-7.7512,"farmer_unique_id":"ME3412","site_id":1029}]
