[{"date":"2020-01-11","product":"COPERNICUS/S1_GRD","band":"VH","value":-18.3668,"farmer_unique_id":"EM1252","site_id":3342},{"date":"2020-01-23","product":"COPERNICUS/S1_GRD","band":"VH","value":-19.4459,"farmer_unique_id":"EM1252","site_id":3342},{"date":"2020-02-04","product":"COPERNICUS/S1_GRD","band":"VH","value":-15.6943,"farmer_unique_id":"EM1252","site_id":3342},{"date":"2020-02-16","product":"COPERNICUS/S1_GRD","band":"VH","value":-16.3644,"farmer_unique_id":"EM1252","site_id":3342},{"date":"2020-02-28","product":"COPERNICUS/S1_GRD","band":"VH","value":-16.0407,"farmer_unique_id":"EM1252","site_id":3342},{"date":"2020-03-11","product":"COPERNICUS/S1_GRD","band":"VH","value":-16.1468,"farmer_unique_id":"EM1252","site_id":3342},{"date":"2020-03-23","product":"COPERNICUS/S1_GRD","band":"VH","value":-15.7177,"farmer_unique_id":"EM1252","site_id":3342},{"date":"2020-04-04","product":"COPERNICUS/S1_GRD","band":"VH","value":-20.0343,"farmer_unique_id":"EM1252","site_id":3342},{"date":"2020-04-16","product":"COPERNICUS/S1_GRD","band":"VH","value":-15.2786,"farmer_unique_id":"EM1252","site_id":3342},{"date":"2020-04-28","product":"COPERNICUS/S1_GRD","band":"VH","value":-16.8528,"farmer_unique_id":"EM1252","site_id":3342},{"date":"2020-05-10","product":"COPERNICUS/S1_GRD","band":"VH","value":-18.4082,"farmer_unique_id":"EM1252","site_id":3342},{"date":"2020-05-22","product":"COPERNICUS/S1_GRD","band":"VH","value":-19.1749,"farmer_unique_id":"EM1252","site_id":3342},{"date":"2020-06-15","product":"COPERNICUS/S1_GRD","band":"VH","value":-19.3721,"farmer_unique_id":"EM1252","site_id":3342},{"date":"2020-06-27","product":"COPERNICUS/S1_GRD","band":"VH","value":-18.3899,"farmer_unique_id":"EM1252","site_id":3342},{"date":"2020-07-09","product":"COPERNICUS/S1_GRD","band":"VH","value":-16.2767,"farmer_unique_id":"EM1252","site_id":3342},{"date":"2020-07-21","product":"COPERNICUS/S1_GRD","band":"VH","value":-22.283,"farmer_unique_id":"EM1252","site_id":3342},{"date":"2020-08-02","product":"COPERNICUS/S1_GRD","band":"VH","value":-19.4049,"farmer_unique_id":"EM1252","site_id":3342},{"date":"2020-08-14","product":"COPERNICUS/S1_GRD","band":"VH","value":-19.7948,"farmer_unique_id":"EM1252","site_id":3342},{"date":"2020-08-26","product":"COPERNICUS/S1_GRD","band":"VH","value":-18.6943,"farmer_unique_id":"EM1252","site_id":3342},{"date":"2020-09-07","product":"COPERNICUS/S1_GRD","band":"VH","value":-16.2336,"farmer_unique_id":"EM1252","site_id":3342},{"date":"2020-09-19","product":"COPERNICUS/S1_GRD","band":"VH","value":-18.3915,"farmer_unique_id":"EM1252","site_id":3342},{"date":"2020-10-01","product":"COPERNICUS/S1_GRD","band":"VH","value":-16.2135,"farmer_unique_id":"EM1252","site_id":3342},{"date":"2020-10-13","product":"COPERNICUS/S1_GRD","band":"VH","value":-16.5088,"farmer_unique_id":"EM1252","site_id":3342},{"date":"2020-10-25","product":"COPERNICUS/S1_GRD","band":"VH","value":-20.445,"farmer_unique_id":"EM1252","site_id":3342},{"date":"2020-11-06","product":"COPERNICUS/S1_GRD","band":"VH","value":-16.9245,"farmer_unique_id":"EM1252","site_id":3342},{"date":"2020-11-18","product":"COPERNICUS/S1_GRD","band":"VH","value":-17.3677,"farmer_unique_id":"EM1252","site_id":3342},{"date":"2020-11-30","product":"COPERNICUS/S1_GRD","band":"VH","value":-17.5632,"farmer_unique_id":"EM1252","site_id":3342},{"date":"2020-12-12","product":"COPERNICUS/S1_GRD","band":"VH","value":-15.8762,"farmer_unique_id":"EM1252","site_id":3342},{"date":"2020-12-24","product":"COPERNICUS/S1_GRD","band":"VH","value":-17.6784,"farmer_unique_id":"EM1252","site_id":3342},{"date":"2021-01-05","product":"COPERNICUS/S1_GRD","band":"VH","value":-14.4027,"farmer_unique_id":"EM1252","site_id":3342},{"date":"2021-01-17","product":"COPERNICUS/S1_GRD","band":"VH","value":-22.1242,"farmer_unique_id":"EM1252","site_id":3342},{"date":"2021-01-29","product":"COPERNICUS/S1_GRD","band":"VH","value":-19.8184,"farmer_unique_id":"EM1252","site_id":3342},{"date":"2021-02-10","product":"COPERNICUS/S1_GRD","band":"VH","value":-15.5229,"farmer_unique_id":"EM1252","site_id":3342},{"date":"2021-02-22","product":"COPERNICUS/S1_GRD","band":"VH","value":-14.8106,"farmer_unique_id":"EM1252","site_id":3342},{"date":"2021-03-06","product":"COPERNICUS/S1_GRD","band":"VH","value":-18.3405,"farmer_unique_id":"EM1252","site_id":3342},{"date":"2021-03-18","product":"COPERNICUS/S1_GRD","band":"VH","value":-13.5163,"farmer_unique_id":"EM1252","site_id":3342},{"date":"2021-03-30","product":"COPERNICUS/S1_GRD","band":"VH","value":-15.8418,"farmer_unique_id":"EM1252","site_id":3342},{"date":"2021-04-11","product":"COPERNICUS/S1_GRD","band":"VH","value":-18.3587,"farmer_unique_id":"EM1252","site_id":3342},{"date":"2021-04-23","product":"COPERNICUS/S1_GRD","band":"VH","value":-17.9496,"farmer_unique_id":"EM1252","site_id":3342},{"date":"2021-05-05","product":"COPERNICUS/S1_GRD","band":"VH","value":-19.8289,"farmer_unique_id":"EM1252","site_id":3342},{"date":"2021-05-17","product":"COPERNICUS/S1_GRD","band":"VH","value":-17.6332,"farmer_unique_id":"EM1252","site_id":3342},{"date":"2021-05-29","product":"COPERNICUS/S1_GRD","band":"VH","value":-15.3126,"farmer_unique_id":"EM1252","site_id":3342},{"date":"2020-01-11","product":"COPERNICUS/S1_GRD","band":"VV","value":-9.8078,"farmer_unique_id":"EM1252","site_id":3342},{"date":"2020-01-23","product":"COPERNICUS/S1_GRD","band":"VV","value":-11.3144,"farmer_unique_id":"EM1252","site_id":3342},{"date":"2020-02-04","product":"COPERNICUS/S1_GRD","band":"VV","value":-10.7479,"farmer_unique_id":"EM1252","site_id":3342},{"date":"2020-02-16","product":"COPERNICUS/S1_GRD","band":"VV","value":-10.7103,"farmer_unique_id":"EM1252","site_id":3342},{"date":"2020-02-28","product":"COPERNICUS/S1_GRD","band":"VV","value":-10.5761,"farmer_unique_id":"EM1252","site_id":3342},{"date":"2020-03-11","product":"COPERNICUS/S1_GRD","band":"VV","value":-11.1965,"farmer_unique_id":"EM1252","site_id":3342},{"date":"2020-03-23","product":"COPERNICUS/S1_GRD","band":"VV","value":-13.0751,"farmer_unique_id":"EM1252","site_id":3342},{"date":"2020-04-04","product":"COPERNICUS/S1_GRD","band":"VV","value":-10.7669,"farmer_unique_id":"EM1252","site_id":3342},{"date":"2020-04-16","product":"COPERNICUS/S1_GRD","band":"VV","value":-10.5569,"farmer_unique_id":"EM1252","site_id":3342},{"date":"2020-04-28","product":"COPERNICUS/S1_GRD","band":"VV","value":-11.2512,"farmer_unique_id":"EM1252","site_id":3342},{"date":"2020-05-10","product":"COPERNICUS/S1_GRD","band":"VV","value":-15.4426,"farmer_unique_id":"EM1252","site_id":3342},{"date":"2020-05-22","product":"COPERNICUS/S1_GRD","band":"VV","value":-11.6285,"farmer_unique_id":"EM1252","site_id":3342},{"date":"2020-06-15","product":"COPERNICUS/S1_GRD","band":"VV","value":-10.1939,"farmer_unique_id":"EM1252","site_id":3342},{"date":"2020-06-27","product":"COPERNICUS/S1_GRD","band":"VV","value":-12.2913,"farmer_unique_id":"EM1252","site_id":3342},{"date":"2020-07-09","product":"COPERNICUS/S1_GRD","band":"VV","value":-9.1352,"farmer_unique_id":"EM1252","site_id":3342},{"date":"2020-07-21","product":"COPERNICUS/S1_GRD","band":"VV","value":-10.7166,"farmer_unique_id":"EM1252","site_id":3342},{"date":"2020-08-02","product":"COPERNICUS/S1_GRD","band":"VV","value":-12.3589,"farmer_unique_id":"EM1252","site_id":3342},{"date":"2020-08-14","product":"COPERNICUS/S1_GRD","band":"VV","value":-14.8936,"farmer_unique_id":"EM1252","site_id":3342},{"date":"2020-08-26","product":"COPERNICUS/S1_GRD","band":"VV","value":-9.6657,"farmer_unique_id":"EM1252","site_id":3342},{"date":"2020-09-07","product":"COPERNICUS/S1_GRD","band":"VV","value":-10.4804,"farmer_unique_id":"EM1252","site_id":3342},{"date":"2020-09-19","product":"COPERNICUS/S1_GRD","band":"VV","value":-14.6883,"farmer_unique_id":"EM1252","site_id":3342},{"date":"2020-10-01","product":"COPERNICUS/S1_GRD","band":"VV","value":-12.6505,"farmer_unique_id":"EM1252","site_id":3342},{"date":"2020-10-13","product":"COPERNICUS/S1_GRD","band":"VV","value":-11.8381,"farmer_unique_id":"EM1252","site_id":3342},{"date":"2020-10-25","product":"COPERNICUS/S1_GRD","band":"VV","value":-13.193,"farmer_unique_id":"EM1252","site_id":3342},{"date":"2020-11-06","product":"COPERNICUS/S1_GRD","band":"VV","value":-11.2058,"farmer_unique_id":"EM1252","site_id":3342},{"date":"2020-11-18","product":"COPERNICUS/S1_GRD","band":"VV","value":-11.4844,"farmer_unique_id":"EM1252","site_id":3342},{"date":"2020-11-30","product":"COPERNICUS/S1_GRD","band":"VV","value":-13.9371,"farmer_unique_id":"EM1252","site_id":3342},{"date":"2020-12-12","product":"COPERNICUS/S1_GRD","band":"VV","value":-12.9234,"farmer_unique_id":"EM1252","site_id":3342},{"date":"2020-12-24","product":"COPERNICUS/S1_GRD","band":"VV","value":-11.3775,"farmer_unique_id":"EM1252","site_id":3342},{"date":"2021-01-05","product":"COPERNICUS/S1_GRD","band":"VV","value":-12.4216,"farmer_unique_id":"EM1252","site_id":3342},{"date":"2021-01-17","product":"COPERNICUS/S1_GRD","band":"VV","value":-12.6749,"farmer_unique_id":"EM1252","site_id":3342},{"date":"2021-01-29","product":"COPERNICUS/S1_GRD","band":"VV","value":-12.6098,"farmer_unique_id":"EM1252","site_id":3342},{"date":"2021-02-10","product":"COPERNICUS/S1_GRD","band":"VV","value":-10.4956,"farmer_unique_id":"EM1252","site_id":3342},{"date":"2021-02-22","product":"COPERNICUS/S1_GRD","band":"VV","value":-9.3794,"farmer_unique_id":"EM1252","site_id":3342},{"date":"2021-03-06","product":"COPERNICUS/S1_GRD","band":"VV","value":-10.3928,"farmer_unique_id":"EM1252","site_id":3342},{"date":"2021-03-18","product":"COPERNICUS/S1_GRD","band":"VV","value":-10.4341,"farmer_unique_id":"EM1252","site_id":3342},{"date":"2021-03-30","product":"COPERNICUS/S1_GRD","band":"VV","value":-10.6787,"farmer_unique_id":"EM1252","site_id":3342},{"date":"2021-04-11","product":"COPERNICUS/S1_GRD","band":"VV","value":-11.5055,"farmer_unique_id":"EM1252","site_id":3342},{"date":"2021-04-23","product":"COPERNICUS/S1_GRD","band":"VV","value":-12.1861,"farmer_unique_id":"EM1252","site_id":3342},{"date":"2021-05-05","product":"COPERNICUS/S1_GRD","band":"VV","value":-11.4148,"farmer_unique_id":"EM1252","site_id":3342},{"date":"2021-05-17","product":"COPERNICUS/S1_GRD","band":"VV","value":-10.1636,"farmer_unique_id":"EM1252","site_id":3342},{"date":"2021-05-29","product":"COPERNICUS/S1_GRD","band":"VV","value":-10.4778,"farmer_unique_id":"EM1252","site_id":3342}]
