[{"date":"2020-01-11","product":"COPERNICUS/S1_GRD","band":"VH","value":-19.1431,"farmer_unique_id":"4154852","site_id":3120},{"date":"2020-01-23","product":"COPERNICUS/S1_GRD","band":"VH","value":-15.7154,"farmer_unique_id":"4154852","site_id":3120},{"date":"2020-02-04","product":"COPERNICUS/S1_GRD","band":"VH","value":-15.6196,"farmer_unique_id":"4154852","site_id":3120},{"date":"2020-02-16","product":"COPERNICUS/S1_GRD","band":"VH","value":-13.8943,"farmer_unique_id":"4154852","site_id":3120},{"date":"2020-02-28","product":"COPERNICUS/S1_GRD","band":"VH","value":-15.3806,"farmer_unique_id":"4154852","site_id":3120},{"date":"2020-03-11","product":"COPERNICUS/S1_GRD","band":"VH","value":-15.8897,"farmer_unique_id":"4154852","site_id":3120},{"date":"2020-03-23","product":"COPERNICUS/S1_GRD","band":"VH","value":-16.5779,"farmer_unique_id":"4154852","site_id":3120},{"date":"2020-04-04","product":"COPERNICUS/S1_GRD","band":"VH","value":-18.1952,"farmer_unique_id":"4154852","site_id":3120},{"date":"2020-04-16","product":"COPERNICUS/S1_GRD","band":"VH","value":-13.5484,"farmer_unique_id":"4154852","site_id":3120},{"date":"2020-04-28","product":"COPERNICUS/S1_GRD","band":"VH","value":-15.5891,"farmer_unique_id":"4154852","site_id":3120},{"date":"2020-05-10","product":"COPERNICUS/S1_GRD","band":"VH","value":-13.9061,"farmer_unique_id":"4154852","site_id":3120},{"date":"2020-05-22","product":"COPERNICUS/S1_GRD","band":"VH","value":-16.1527,"farmer_unique_id":"4154852","site_id":3120},{"date":"2020-06-03","product":"COPERNICUS/S1_GRD","band":"VH","value":-16.0931,"farmer_unique_id":"4154852","site_id":3120},{"date":"2020-06-15","product":"COPERNICUS/S1_GRD","band":"VH","value":-16.7289,"farmer_unique_id":"4154852","site_id":3120},{"date":"2020-06-27","product":"COPERNICUS/S1_GRD","band":"VH","value":-16.9996,"farmer_unique_id":"4154852","site_id":3120},{"date":"2020-07-09","product":"COPERNICUS/S1_GRD","band":"VH","value":-15.7798,"farmer_unique_id":"4154852","site_id":3120},{"date":"2020-07-21","product":"COPERNICUS/S1_GRD","band":"VH","value":-16.0002,"farmer_unique_id":"4154852","site_id":3120},{"date":"2020-08-02","product":"COPERNICUS/S1_GRD","band":"VH","value":-18.163,"farmer_unique_id":"4154852","site_id":3120},{"date":"2020-08-14","product":"COPERNICUS/S1_GRD","band":"VH","value":-17.2168,"farmer_unique_id":"4154852","site_id":3120},{"date":"2020-08-26","product":"COPERNICUS/S1_GRD","band":"VH","value":-21.2673,"farmer_unique_id":"4154852","site_id":3120},{"date":"2020-09-07","product":"COPERNICUS/S1_GRD","band":"VH","value":-28.5504,"farmer_unique_id":"4154852","site_id":3120},{"date":"2020-09-19","product":"COPERNICUS/S1_GRD","band":"VH","value":-15.5184,"farmer_unique_id":"4154852","site_id":3120},{"date":"2020-10-01","product":"COPERNICUS/S1_GRD","band":"VH","value":-17.3242,"farmer_unique_id":"4154852","site_id":3120},{"date":"2020-10-13","product":"COPERNICUS/S1_GRD","band":"VH","value":-15.5677,"farmer_unique_id":"4154852","site_id":3120},{"date":"2020-10-25","product":"COPERNICUS/S1_GRD","band":"VH","value":-17.2242,"farmer_unique_id":"4154852","site_id":3120},{"date":"2020-11-06","product":"COPERNICUS/S1_GRD","band":"VH","value":-15.56,"farmer_unique_id":"4154852","site_id":3120},{"date":"2020-11-18","product":"COPERNICUS/S1_GRD","band":"VH","value":-19.8399,"farmer_unique_id":"4154852","site_id":3120},{"date":"2020-11-30","product":"COPERNICUS/S1_GRD","band":"VH","value":-18.7716,"farmer_unique_id":"4154852","site_id":3120},{"date":"2020-12-12","product":"COPERNICUS/S1_GRD","band":"VH","value":-17.8412,"farmer_unique_id":"4154852","site_id":3120},{"date":"2020-12-24","product":"COPERNICUS/S1_GRD","band":"VH","value":-14.87,"farmer_unique_id":"4154852","site_id":3120},{"date":"2021-01-05","product":"COPERNICUS/S1_GRD","band":"VH","value":-19.0822,"farmer_unique_id":"4154852","site_id":3120},{"date":"2021-01-17","product":"COPERNICUS/S1_GRD","band":"VH","value":-15.5982,"farmer_unique_id":"4154852","site_id":3120},{"date":"2021-01-29","product":"COPERNICUS/S1_GRD","band":"VH","value":-18.8361,"farmer_unique_id":"4154852","site_id":3120},{"date":"2021-02-10","product":"COPERNICUS/S1_GRD","band":"VH","value":-17.7156,"farmer_unique_id":"4154852","site_id":3120},{"date":"2021-02-22","product":"COPERNICUS/S1_GRD","band":"VH","value":-15.1456,"farmer_unique_id":"4154852","site_id":3120},{"date":"2021-03-06","product":"COPERNICUS/S1_GRD","band":"VH","value":-14.902,"farmer_unique_id":"4154852","site_id":3120},{"date":"2021-03-18","product":"COPERNICUS/S1_GRD","band":"VH","value":-16.9446,"farmer_unique_id":"4154852","site_id":3120},{"date":"2021-03-30","product":"COPERNICUS/S1_GRD","band":"VH","value":-18.1307,"farmer_unique_id":"4154852","site_id":3120},{"date":"2021-04-11","product":"COPERNICUS/S1_GRD","band":"VH","value":-17.4243,"farmer_unique_id":"4154852","site_id":3120},{"date":"2021-04-23","product":"COPERNICUS/S1_GRD","band":"VH","value":-17.0382,"farmer_unique_id":"4154852","site_id":3120},{"date":"2021-05-05","product":"COPERNICUS/S1_GRD","band":"VH","value":-14.5064,"farmer_unique_id":"4154852","site_id":3120},{"date":"2021-05-17","product":"COPERNICUS/S1_GRD","band":"VH","value":-15.9255,"farmer_unique_id":"4154852","site_id":3120},{"date":"2021-05-29","product":"COPERNICUS/S1_GRD","band":"VH","value":-14.6731,"farmer_unique_id":"4154852","site_id":3120},{"date":"2020-01-11","product":"COPERNICUS/S1_GRD","band":"VV","value":-9.0587,"farmer_unique_id":"4154852","site_id":3120},{"date":"2020-01-23","product":"COPERNICUS/S1_GRD","band":"VV","value":-11.637,"farmer_unique_id":"4154852","site_id":3120},{"date":"2020-02-04","product":"COPERNICUS/S1_GRD","band":"VV","value":-8.3468,"farmer_unique_id":"4154852","site_id":3120},{"date":"2020-02-16","product":"COPERNICUS/S1_GRD","band":"VV","value":-8.4898,"farmer_unique_id":"4154852","site_id":3120},{"date":"2020-02-28","product":"COPERNICUS/S1_GRD","band":"VV","value":-12.6966,"farmer_unique_id":"4154852","site_id":3120},{"date":"2020-03-11","product":"COPERNICUS/S1_GRD","band":"VV","value":-12.9005,"farmer_unique_id":"4154852","site_id":3120},{"date":"2020-03-23","product":"COPERNICUS/S1_GRD","band":"VV","value":-12.8903,"farmer_unique_id":"4154852","site_id":3120},{"date":"2020-04-04","product":"COPERNICUS/S1_GRD","band":"VV","value":-10.2764,"farmer_unique_id":"4154852","site_id":3120},{"date":"2020-04-16","product":"COPERNICUS/S1_GRD","band":"VV","value":-9.848,"farmer_unique_id":"4154852","site_id":3120},{"date":"2020-04-28","product":"COPERNICUS/S1_GRD","band":"VV","value":-11.5703,"farmer_unique_id":"4154852","site_id":3120},{"date":"2020-05-10","product":"COPERNICUS/S1_GRD","band":"VV","value":-8.2624,"farmer_unique_id":"4154852","site_id":3120},{"date":"2020-05-22","product":"COPERNICUS/S1_GRD","band":"VV","value":-8.1057,"farmer_unique_id":"4154852","site_id":3120},{"date":"2020-06-03","product":"COPERNICUS/S1_GRD","band":"VV","value":-8.3011,"farmer_unique_id":"4154852","site_id":3120},{"date":"2020-06-15","product":"COPERNICUS/S1_GRD","band":"VV","value":-9.9433,"farmer_unique_id":"4154852","site_id":3120},{"date":"2020-06-27","product":"COPERNICUS/S1_GRD","band":"VV","value":-12.3785,"farmer_unique_id":"4154852","site_id":3120},{"date":"2020-07-09","product":"COPERNICUS/S1_GRD","band":"VV","value":-8.4598,"farmer_unique_id":"4154852","site_id":3120},{"date":"2020-07-21","product":"COPERNICUS/S1_GRD","band":"VV","value":-13.7366,"farmer_unique_id":"4154852","site_id":3120},{"date":"2020-08-02","product":"COPERNICUS/S1_GRD","band":"VV","value":-12.6044,"farmer_unique_id":"4154852","site_id":3120},{"date":"2020-08-14","product":"COPERNICUS/S1_GRD","band":"VV","value":-13.3205,"farmer_unique_id":"4154852","site_id":3120},{"date":"2020-08-26","product":"COPERNICUS/S1_GRD","band":"VV","value":-14.6885,"farmer_unique_id":"4154852","site_id":3120},{"date":"2020-09-07","product":"COPERNICUS/S1_GRD","band":"VV","value":-13.7167,"farmer_unique_id":"4154852","site_id":3120},{"date":"2020-09-19","product":"COPERNICUS/S1_GRD","band":"VV","value":-16.4474,"farmer_unique_id":"4154852","site_id":3120},{"date":"2020-10-01","product":"COPERNICUS/S1_GRD","band":"VV","value":-13.3287,"farmer_unique_id":"4154852","site_id":3120},{"date":"2020-10-13","product":"COPERNICUS/S1_GRD","band":"VV","value":-17.0304,"farmer_unique_id":"4154852","site_id":3120},{"date":"2020-10-25","product":"COPERNICUS/S1_GRD","band":"VV","value":-17.2726,"farmer_unique_id":"4154852","site_id":3120},{"date":"2020-11-06","product":"COPERNICUS/S1_GRD","band":"VV","value":-9.3872,"farmer_unique_id":"4154852","site_id":3120},{"date":"2020-11-18","product":"COPERNICUS/S1_GRD","band":"VV","value":-10.4832,"farmer_unique_id":"4154852","site_id":3120},{"date":"2020-11-30","product":"COPERNICUS/S1_GRD","band":"VV","value":-9.9548,"farmer_unique_id":"4154852","site_id":3120},{"date":"2020-12-12","product":"COPERNICUS/S1_GRD","band":"VV","value":-12.7119,"farmer_unique_id":"4154852","site_id":3120},{"date":"2020-12-24","product":"COPERNICUS/S1_GRD","band":"VV","value":-9.5465,"farmer_unique_id":"4154852","site_id":3120},{"date":"2021-01-05","product":"COPERNICUS/S1_GRD","band":"VV","value":-8.5863,"farmer_unique_id":"4154852","site_id":3120},{"date":"2021-01-17","product":"COPERNICUS/S1_GRD","band":"VV","value":-6.769,"farmer_unique_id":"4154852","site_id":3120},{"date":"2021-01-29","product":"COPERNICUS/S1_GRD","band":"VV","value":-11.9164,"farmer_unique_id":"4154852","site_id":3120},{"date":"2021-02-10","product":"COPERNICUS/S1_GRD","band":"VV","value":-11.5394,"farmer_unique_id":"4154852","site_id":3120},{"date":"2021-02-22","product":"COPERNICUS/S1_GRD","band":"VV","value":-9.5501,"farmer_unique_id":"4154852","site_id":3120},{"date":"2021-03-06","product":"COPERNICUS/S1_GRD","band":"VV","value":-10.2334,"farmer_unique_id":"4154852","site_id":3120},{"date":"2021-03-18","product":"COPERNICUS/S1_GRD","band":"VV","value":-12.4241,"farmer_unique_id":"4154852","site_id":3120},{"date":"2021-03-30","product":"COPERNICUS/S1_GRD","band":"VV","value":-14.4676,"farmer_unique_id":"4154852","site_id":3120},{"date":"2021-04-11","product":"COPERNICUS/S1_GRD","band":"VV","value":-10.9143,"farmer_unique_id":"4154852","site_id":3120},{"date":"2021-04-23","product":"COPERNICUS/S1_GRD","band":"VV","value":-10.9596,"farmer_unique_id":"4154852","site_id":3120},{"date":"2021-05-05","product":"COPERNICUS/S1_GRD","band":"VV","value":-6.8682,"farmer_unique_id":"4154852","site_id":3120},{"date":"2021-05-17","product":"COPERNICUS/S1_GRD","band":"VV","value":-9.8237,"farmer_unique_id":"4154852","site_id":3120},{"date":"2021-05-29","product":"COPERNICUS/S1_GRD","band":"VV","value":-7.476,"farmer_unique_id":"4154852","site_id":3120}]
