[{"date":"2020-01-04","product":"COPERNICUS/S1_GRD","band":"VH","value":-15.8913,"farmer_unique_id":"608938","site_id":5177},{"date":"2020-01-09","product":"COPERNICUS/S1_GRD","band":"VH","value":-16.8621,"farmer_unique_id":"608938","site_id":5177},{"date":"2020-01-16","product":"COPERNICUS/S1_GRD","band":"VH","value":-15.6559,"farmer_unique_id":"608938","site_id":5177},{"date":"2020-01-21","product":"COPERNICUS/S1_GRD","band":"VH","value":-18.6683,"farmer_unique_id":"608938","site_id":5177},{"date":"2020-01-28","product":"COPERNICUS/S1_GRD","band":"VH","value":-13.9577,"farmer_unique_id":"608938","site_id":5177},{"date":"2020-02-02","product":"COPERNICUS/S1_GRD","band":"VH","value":-21.64,"farmer_unique_id":"608938","site_id":5177},{"date":"2020-02-09","product":"COPERNICUS/S1_GRD","band":"VH","value":-11.2456,"farmer_unique_id":"608938","site_id":5177},{"date":"2020-02-14","product":"COPERNICUS/S1_GRD","band":"VH","value":-15.8244,"farmer_unique_id":"608938","site_id":5177},{"date":"2020-02-21","product":"COPERNICUS/S1_GRD","band":"VH","value":-13.9912,"farmer_unique_id":"608938","site_id":5177},{"date":"2020-02-26","product":"COPERNICUS/S1_GRD","band":"VH","value":-17.487,"farmer_unique_id":"608938","site_id":5177},{"date":"2020-03-04","product":"COPERNICUS/S1_GRD","band":"VH","value":-15.4696,"farmer_unique_id":"608938","site_id":5177},{"date":"2020-03-09","product":"COPERNICUS/S1_GRD","band":"VH","value":-11.716,"farmer_unique_id":"608938","site_id":5177},{"date":"2020-03-16","product":"COPERNICUS/S1_GRD","band":"VH","value":-10.8937,"farmer_unique_id":"608938","site_id":5177},{"date":"2020-03-21","product":"COPERNICUS/S1_GRD","band":"VH","value":-16.5731,"farmer_unique_id":"608938","site_id":5177},{"date":"2020-03-28","product":"COPERNICUS/S1_GRD","band":"VH","value":-11.5259,"farmer_unique_id":"608938","site_id":5177},{"date":"2020-04-02","product":"COPERNICUS/S1_GRD","band":"VH","value":-17.0423,"farmer_unique_id":"608938","site_id":5177},{"date":"2020-04-09","product":"COPERNICUS/S1_GRD","band":"VH","value":-15.0395,"farmer_unique_id":"608938","site_id":5177},{"date":"2020-04-14","product":"COPERNICUS/S1_GRD","band":"VH","value":-15.6145,"farmer_unique_id":"608938","site_id":5177},{"date":"2020-04-21","product":"COPERNICUS/S1_GRD","band":"VH","value":-12.4712,"farmer_unique_id":"608938","site_id":5177},{"date":"2020-04-26","product":"COPERNICUS/S1_GRD","band":"VH","value":-13.4722,"farmer_unique_id":"608938","site_id":5177},{"date":"2020-05-03","product":"COPERNICUS/S1_GRD","band":"VH","value":-15.3766,"farmer_unique_id":"608938","site_id":5177},{"date":"2020-05-08","product":"COPERNICUS/S1_GRD","band":"VH","value":-18.051,"farmer_unique_id":"608938","site_id":5177},{"date":"2020-05-15","product":"COPERNICUS/S1_GRD","band":"VH","value":-20.96,"farmer_unique_id":"608938","site_id":5177},{"date":"2020-05-20","product":"COPERNICUS/S1_GRD","band":"VH","value":-16.2691,"farmer_unique_id":"608938","site_id":5177},{"date":"2020-05-27","product":"COPERNICUS/S1_GRD","band":"VH","value":-15.0939,"farmer_unique_id":"608938","site_id":5177},{"date":"2020-06-01","product":"COPERNICUS/S1_GRD","band":"VH","value":-13.2459,"farmer_unique_id":"608938","site_id":5177},{"date":"2020-06-08","product":"COPERNICUS/S1_GRD","band":"VH","value":-19.0011,"farmer_unique_id":"608938","site_id":5177},{"date":"2020-06-13","product":"COPERNICUS/S1_GRD","band":"VH","value":-13.7321,"farmer_unique_id":"608938","site_id":5177},{"date":"2020-06-20","product":"COPERNICUS/S1_GRD","band":"VH","value":-15.3905,"farmer_unique_id":"608938","site_id":5177},{"date":"2020-06-25","product":"COPERNICUS/S1_GRD","band":"VH","value":-18.3967,"farmer_unique_id":"608938","site_id":5177},{"date":"2020-07-02","product":"COPERNICUS/S1_GRD","band":"VH","value":-16.4903,"farmer_unique_id":"608938","site_id":5177},{"date":"2020-07-07","product":"COPERNICUS/S1_GRD","band":"VH","value":-14.5409,"farmer_unique_id":"608938","site_id":5177},{"date":"2020-07-14","product":"COPERNICUS/S1_GRD","band":"VH","value":-13.8626,"farmer_unique_id":"608938","site_id":5177},{"date":"2020-07-19","product":"COPERNICUS/S1_GRD","band":"VH","value":-21.6209,"farmer_unique_id":"608938","site_id":5177},{"date":"2020-07-26","product":"COPERNICUS/S1_GRD","band":"VH","value":-15.398,"farmer_unique_id":"608938","site_id":5177},{"date":"2020-07-31","product":"COPERNICUS/S1_GRD","band":"VH","value":-15.6206,"farmer_unique_id":"608938","site_id":5177},{"date":"2020-08-07","product":"COPERNICUS/S1_GRD","band":"VH","value":-17.5148,"farmer_unique_id":"608938","site_id":5177},{"date":"2020-08-12","product":"COPERNICUS/S1_GRD","band":"VH","farmer_unique_id":"608938","site_id":5177},{"date":"2020-08-19","product":"COPERNICUS/S1_GRD","band":"VH","value":-11.8654,"farmer_unique_id":"608938","site_id":5177},{"date":"2020-08-24","product":"COPERNICUS/S1_GRD","band":"VH","value":-13.4857,"farmer_unique_id":"608938","site_id":5177},{"date":"2020-08-31","product":"COPERNICUS/S1_GRD","band":"VH","value":-12.7274,"farmer_unique_id":"608938","site_id":5177},{"date":"2020-09-05","product":"COPERNICUS/S1_GRD","band":"VH","value":-20.7141,"farmer_unique_id":"608938","site_id":5177},{"date":"2020-09-12","product":"COPERNICUS/S1_GRD","band":"VH","value":-15.3919,"farmer_unique_id":"608938","site_id":5177},{"date":"2020-09-17","product":"COPERNICUS/S1_GRD","band":"VH","value":-16.124,"farmer_unique_id":"608938","site_id":5177},{"date":"2020-09-24","product":"COPERNICUS/S1_GRD","band":"VH","value":-11.198,"farmer_unique_id":"608938","site_id":5177},{"date":"2020-09-29","product":"COPERNICUS/S1_GRD","band":"VH","value":-14.3822,"farmer_unique_id":"608938","site_id":5177},{"date":"2020-10-06","product":"COPERNICUS/S1_GRD","band":"VH","value":-12.1269,"farmer_unique_id":"608938","site_id":5177},{"date":"2020-10-11","product":"COPERNICUS/S1_GRD","band":"VH","value":-12.4052,"farmer_unique_id":"608938","site_id":5177},{"date":"2020-10-18","product":"COPERNICUS/S1_GRD","band":"VH","value":-12.7408,"farmer_unique_id":"608938","site_id":5177},{"date":"2020-10-23","product":"COPERNICUS/S1_GRD","band":"VH","value":-12.5354,"farmer_unique_id":"608938","site_id":5177},{"date":"2020-10-30","product":"COPERNICUS/S1_GRD","band":"VH","value":-14.8931,"farmer_unique_id":"608938","site_id":5177},{"date":"2020-11-04","product":"COPERNICUS/S1_GRD","band":"VH","value":-15.0765,"farmer_unique_id":"608938","site_id":5177},{"date":"2020-11-11","product":"COPERNICUS/S1_GRD","band":"VH","value":-11.1251,"farmer_unique_id":"608938","site_id":5177},{"date":"2020-11-16","product":"COPERNICUS/S1_GRD","band":"VH","value":-14.7486,"farmer_unique_id":"608938","site_id":5177},{"date":"2020-11-23","product":"COPERNICUS/S1_GRD","band":"VH","value":-13.8771,"farmer_unique_id":"608938","site_id":5177},{"date":"2020-11-28","product":"COPERNICUS/S1_GRD","band":"VH","value":-13.0183,"farmer_unique_id":"608938","site_id":5177},{"date":"2020-12-05","product":"COPERNICUS/S1_GRD","band":"VH","value":-13.5748,"farmer_unique_id":"608938","site_id":5177},{"date":"2020-12-10","product":"COPERNICUS/S1_GRD","band":"VH","value":-16.0169,"farmer_unique_id":"608938","site_id":5177},{"date":"2020-12-17","product":"COPERNICUS/S1_GRD","band":"VH","value":-11.9058,"farmer_unique_id":"608938","site_id":5177},{"date":"2020-12-22","product":"COPERNICUS/S1_GRD","band":"VH","value":-12.8427,"farmer_unique_id":"608938","site_id":5177},{"date":"2020-12-29","product":"COPERNICUS/S1_GRD","band":"VH","value":-14.4419,"farmer_unique_id":"608938","site_id":5177},{"date":"2021-01-03","product":"COPERNICUS/S1_GRD","band":"VH","value":-17.5298,"farmer_unique_id":"608938","site_id":5177},{"date":"2021-01-10","product":"COPERNICUS/S1_GRD","band":"VH","value":-14.3756,"farmer_unique_id":"608938","site_id":5177},{"date":"2021-01-15","product":"COPERNICUS/S1_GRD","band":"VH","value":-18.221,"farmer_unique_id":"608938","site_id":5177},{"date":"2021-01-22","product":"COPERNICUS/S1_GRD","band":"VH","value":-14.405,"farmer_unique_id":"608938","site_id":5177},{"date":"2021-01-27","product":"COPERNICUS/S1_GRD","band":"VH","value":-18.4136,"farmer_unique_id":"608938","site_id":5177},{"date":"2021-02-03","product":"COPERNICUS/S1_GRD","band":"VH","value":-15.3061,"farmer_unique_id":"608938","site_id":5177},{"date":"2021-02-08","product":"COPERNICUS/S1_GRD","band":"VH","value":-14.8915,"farmer_unique_id":"608938","site_id":5177},{"date":"2021-02-15","product":"COPERNICUS/S1_GRD","band":"VH","value":-14.1405,"farmer_unique_id":"608938","site_id":5177},{"date":"2021-02-20","product":"COPERNICUS/S1_GRD","band":"VH","value":-17.4523,"farmer_unique_id":"608938","site_id":5177},{"date":"2021-02-27","product":"COPERNICUS/S1_GRD","band":"VH","value":-21.7384,"farmer_unique_id":"608938","site_id":5177},{"date":"2021-03-04","product":"COPERNICUS/S1_GRD","band":"VH","value":-15.3813,"farmer_unique_id":"608938","site_id":5177},{"date":"2021-03-11","product":"COPERNICUS/S1_GRD","band":"VH","value":-15.6501,"farmer_unique_id":"608938","site_id":5177},{"date":"2021-03-16","product":"COPERNICUS/S1_GRD","band":"VH","value":-17.7445,"farmer_unique_id":"608938","site_id":5177},{"date":"2021-03-23","product":"COPERNICUS/S1_GRD","band":"VH","value":-16.1619,"farmer_unique_id":"608938","site_id":5177},{"date":"2021-03-28","product":"COPERNICUS/S1_GRD","band":"VH","value":-17.0937,"farmer_unique_id":"608938","site_id":5177},{"date":"2021-04-04","product":"COPERNICUS/S1_GRD","band":"VH","value":-16.003,"farmer_unique_id":"608938","site_id":5177},{"date":"2021-04-09","product":"COPERNICUS/S1_GRD","band":"VH","value":-14.9558,"farmer_unique_id":"608938","site_id":5177},{"date":"2021-04-16","product":"COPERNICUS/S1_GRD","band":"VH","value":-14.4674,"farmer_unique_id":"608938","site_id":5177},{"date":"2021-04-21","product":"COPERNICUS/S1_GRD","band":"VH","value":-13.5204,"farmer_unique_id":"608938","site_id":5177},{"date":"2021-04-28","product":"COPERNICUS/S1_GRD","band":"VH","value":-18.4496,"farmer_unique_id":"608938","site_id":5177},{"date":"2021-05-03","product":"COPERNICUS/S1_GRD","band":"VH","value":-16.8167,"farmer_unique_id":"608938","site_id":5177},{"date":"2021-05-10","product":"COPERNICUS/S1_GRD","band":"VH","value":-14.4795,"farmer_unique_id":"608938","site_id":5177},{"date":"2021-05-15","product":"COPERNICUS/S1_GRD","band":"VH","value":-15.3641,"farmer_unique_id":"608938","site_id":5177},{"date":"2021-05-22","product":"COPERNICUS/S1_GRD","band":"VH","value":-14.3574,"farmer_unique_id":"608938","site_id":5177},{"date":"2021-05-27","product":"COPERNICUS/S1_GRD","band":"VH","value":-19.0313,"farmer_unique_id":"608938","site_id":5177},{"date":"2020-01-04","product":"COPERNICUS/S1_GRD","band":"VV","value":-11.7951,"farmer_unique_id":"608938","site_id":5177},{"date":"2020-01-09","product":"COPERNICUS/S1_GRD","band":"VV","value":-9.7054,"farmer_unique_id":"608938","site_id":5177},{"date":"2020-01-16","product":"COPERNICUS/S1_GRD","band":"VV","value":-11.5839,"farmer_unique_id":"608938","site_id":5177},{"date":"2020-01-21","product":"COPERNICUS/S1_GRD","band":"VV","value":-16.8623,"farmer_unique_id":"608938","site_id":5177},{"date":"2020-01-28","product":"COPERNICUS/S1_GRD","band":"VV","value":-5.1134,"farmer_unique_id":"608938","site_id":5177},{"date":"2020-02-02","product":"COPERNICUS/S1_GRD","band":"VV","value":-9.7786,"farmer_unique_id":"608938","site_id":5177},{"date":"2020-02-09","product":"COPERNICUS/S1_GRD","band":"VV","value":-6.3777,"farmer_unique_id":"608938","site_id":5177},{"date":"2020-02-14","product":"COPERNICUS/S1_GRD","band":"VV","value":-9.5609,"farmer_unique_id":"608938","site_id":5177},{"date":"2020-02-21","product":"COPERNICUS/S1_GRD","band":"VV","value":-9.1423,"farmer_unique_id":"608938","site_id":5177},{"date":"2020-02-26","product":"COPERNICUS/S1_GRD","band":"VV","value":-10.4929,"farmer_unique_id":"608938","site_id":5177},{"date":"2020-03-04","product":"COPERNICUS/S1_GRD","band":"VV","value":-7.199,"farmer_unique_id":"608938","site_id":5177},{"date":"2020-03-09","product":"COPERNICUS/S1_GRD","band":"VV","value":-8.3991,"farmer_unique_id":"608938","site_id":5177},{"date":"2020-03-16","product":"COPERNICUS/S1_GRD","band":"VV","value":-8.4944,"farmer_unique_id":"608938","site_id":5177},{"date":"2020-03-21","product":"COPERNICUS/S1_GRD","band":"VV","value":-8.4086,"farmer_unique_id":"608938","site_id":5177},{"date":"2020-03-28","product":"COPERNICUS/S1_GRD","band":"VV","value":-5.4081,"farmer_unique_id":"608938","site_id":5177},{"date":"2020-04-02","product":"COPERNICUS/S1_GRD","band":"VV","value":-10.0561,"farmer_unique_id":"608938","site_id":5177},{"date":"2020-04-09","product":"COPERNICUS/S1_GRD","band":"VV","value":-6.9169,"farmer_unique_id":"608938","site_id":5177},{"date":"2020-04-14","product":"COPERNICUS/S1_GRD","band":"VV","value":-12.5413,"farmer_unique_id":"608938","site_id":5177},{"date":"2020-04-21","product":"COPERNICUS/S1_GRD","band":"VV","value":-8.3693,"farmer_unique_id":"608938","site_id":5177},{"date":"2020-04-26","product":"COPERNICUS/S1_GRD","band":"VV","value":-11.4122,"farmer_unique_id":"608938","site_id":5177},{"date":"2020-05-03","product":"COPERNICUS/S1_GRD","band":"VV","value":-2.0849,"farmer_unique_id":"608938","site_id":5177},{"date":"2020-05-08","product":"COPERNICUS/S1_GRD","band":"VV","value":-7.2898,"farmer_unique_id":"608938","site_id":5177},{"date":"2020-05-15","product":"COPERNICUS/S1_GRD","band":"VV","value":-6.5864,"farmer_unique_id":"608938","site_id":5177},{"date":"2020-05-20","product":"COPERNICUS/S1_GRD","band":"VV","value":-9.5816,"farmer_unique_id":"608938","site_id":5177},{"date":"2020-05-27","product":"COPERNICUS/S1_GRD","band":"VV","value":-6.6887,"farmer_unique_id":"608938","site_id":5177},{"date":"2020-06-01","product":"COPERNICUS/S1_GRD","band":"VV","value":-7.9906,"farmer_unique_id":"608938","site_id":5177},{"date":"2020-06-08","product":"COPERNICUS/S1_GRD","band":"VV","value":-7.3245,"farmer_unique_id":"608938","site_id":5177},{"date":"2020-06-13","product":"COPERNICUS/S1_GRD","band":"VV","value":-10.6064,"farmer_unique_id":"608938","site_id":5177},{"date":"2020-06-20","product":"COPERNICUS/S1_GRD","band":"VV","value":-6.381,"farmer_unique_id":"608938","site_id":5177},{"date":"2020-06-25","product":"COPERNICUS/S1_GRD","band":"VV","value":-10.0689,"farmer_unique_id":"608938","site_id":5177},{"date":"2020-07-02","product":"COPERNICUS/S1_GRD","band":"VV","value":-10.4634,"farmer_unique_id":"608938","site_id":5177},{"date":"2020-07-07","product":"COPERNICUS/S1_GRD","band":"VV","value":-11.0898,"farmer_unique_id":"608938","site_id":5177},{"date":"2020-07-14","product":"COPERNICUS/S1_GRD","band":"VV","value":-5.7389,"farmer_unique_id":"608938","site_id":5177},{"date":"2020-07-19","product":"COPERNICUS/S1_GRD","band":"VV","value":-8.0255,"farmer_unique_id":"608938","site_id":5177},{"date":"2020-07-26","product":"COPERNICUS/S1_GRD","band":"VV","value":-6.4599,"farmer_unique_id":"608938","site_id":5177},{"date":"2020-07-31","product":"COPERNICUS/S1_GRD","band":"VV","value":-8.9692,"farmer_unique_id":"608938","site_id":5177},{"date":"2020-08-07","product":"COPERNICUS/S1_GRD","band":"VV","value":-12.3141,"farmer_unique_id":"608938","site_id":5177},{"date":"2020-08-12","product":"COPERNICUS/S1_GRD","band":"VV","value":-9.6981,"farmer_unique_id":"608938","site_id":5177},{"date":"2020-08-19","product":"COPERNICUS/S1_GRD","band":"VV","value":-4.9676,"farmer_unique_id":"608938","site_id":5177},{"date":"2020-08-24","product":"COPERNICUS/S1_GRD","band":"VV","value":-9.5841,"farmer_unique_id":"608938","site_id":5177},{"date":"2020-08-31","product":"COPERNICUS/S1_GRD","band":"VV","value":-5.6488,"farmer_unique_id":"608938","site_id":5177},{"date":"2020-09-05","product":"COPERNICUS/S1_GRD","band":"VV","value":-11.3389,"farmer_unique_id":"608938","site_id":5177},{"date":"2020-09-12","product":"COPERNICUS/S1_GRD","band":"VV","value":-7.0311,"farmer_unique_id":"608938","site_id":5177},{"date":"2020-09-17","product":"COPERNICUS/S1_GRD","band":"VV","value":-6.4737,"farmer_unique_id":"608938","site_id":5177},{"date":"2020-09-24","product":"COPERNICUS/S1_GRD","band":"VV","value":-7.2357,"farmer_unique_id":"608938","site_id":5177},{"date":"2020-09-29","product":"COPERNICUS/S1_GRD","band":"VV","value":-6.7523,"farmer_unique_id":"608938","site_id":5177},{"date":"2020-10-06","product":"COPERNICUS/S1_GRD","band":"VV","value":-8.5248,"farmer_unique_id":"608938","site_id":5177},{"date":"2020-10-11","product":"COPERNICUS/S1_GRD","band":"VV","value":-7.1669,"farmer_unique_id":"608938","site_id":5177},{"date":"2020-10-18","product":"COPERNICUS/S1_GRD","band":"VV","value":-6.9446,"farmer_unique_id":"608938","site_id":5177},{"date":"2020-10-23","product":"COPERNICUS/S1_GRD","band":"VV","value":-9.4586,"farmer_unique_id":"608938","site_id":5177},{"date":"2020-10-30","product":"COPERNICUS/S1_GRD","band":"VV","value":-5.5334,"farmer_unique_id":"608938","site_id":5177},{"date":"2020-11-04","product":"COPERNICUS/S1_GRD","band":"VV","value":-8.7509,"farmer_unique_id":"608938","site_id":5177},{"date":"2020-11-11","product":"COPERNICUS/S1_GRD","band":"VV","value":-6.8244,"farmer_unique_id":"608938","site_id":5177},{"date":"2020-11-16","product":"COPERNICUS/S1_GRD","band":"VV","value":-6.6605,"farmer_unique_id":"608938","site_id":5177},{"date":"2020-11-23","product":"COPERNICUS/S1_GRD","band":"VV","value":-8.1537,"farmer_unique_id":"608938","site_id":5177},{"date":"2020-11-28","product":"COPERNICUS/S1_GRD","band":"VV","value":-7.3618,"farmer_unique_id":"608938","site_id":5177},{"date":"2020-12-05","product":"COPERNICUS/S1_GRD","band":"VV","value":-11.0349,"farmer_unique_id":"608938","site_id":5177},{"date":"2020-12-10","product":"COPERNICUS/S1_GRD","band":"VV","value":-8.6428,"farmer_unique_id":"608938","site_id":5177},{"date":"2020-12-17","product":"COPERNICUS/S1_GRD","band":"VV","value":-7.13,"farmer_unique_id":"608938","site_id":5177},{"date":"2020-12-22","product":"COPERNICUS/S1_GRD","band":"VV","value":-8.3323,"farmer_unique_id":"608938","site_id":5177},{"date":"2020-12-29","product":"COPERNICUS/S1_GRD","band":"VV","value":-7.6149,"farmer_unique_id":"608938","site_id":5177},{"date":"2021-01-03","product":"COPERNICUS/S1_GRD","band":"VV","value":-11.4862,"farmer_unique_id":"608938","site_id":5177},{"date":"2021-01-10","product":"COPERNICUS/S1_GRD","band":"VV","value":-3.1389,"farmer_unique_id":"608938","site_id":5177},{"date":"2021-01-15","product":"COPERNICUS/S1_GRD","band":"VV","value":-11.1147,"farmer_unique_id":"608938","site_id":5177},{"date":"2021-01-22","product":"COPERNICUS/S1_GRD","band":"VV","value":-8.3594,"farmer_unique_id":"608938","site_id":5177},{"date":"2021-01-27","product":"COPERNICUS/S1_GRD","band":"VV","value":-11.3848,"farmer_unique_id":"608938","site_id":5177},{"date":"2021-02-03","product":"COPERNICUS/S1_GRD","band":"VV","value":-6.3034,"farmer_unique_id":"608938","site_id":5177},{"date":"2021-02-08","product":"COPERNICUS/S1_GRD","band":"VV","value":-7.8768,"farmer_unique_id":"608938","site_id":5177},{"date":"2021-02-15","product":"COPERNICUS/S1_GRD","band":"VV","value":-5.9942,"farmer_unique_id":"608938","site_id":5177},{"date":"2021-02-20","product":"COPERNICUS/S1_GRD","band":"VV","value":-12.2866,"farmer_unique_id":"608938","site_id":5177},{"date":"2021-02-27","product":"COPERNICUS/S1_GRD","band":"VV","value":-7.5818,"farmer_unique_id":"608938","site_id":5177},{"date":"2021-03-04","product":"COPERNICUS/S1_GRD","band":"VV","value":-10.5309,"farmer_unique_id":"608938","site_id":5177},{"date":"2021-03-11","product":"COPERNICUS/S1_GRD","band":"VV","value":-6.0143,"farmer_unique_id":"608938","site_id":5177},{"date":"2021-03-16","product":"COPERNICUS/S1_GRD","band":"VV","value":-6.8387,"farmer_unique_id":"608938","site_id":5177},{"date":"2021-03-23","product":"COPERNICUS/S1_GRD","band":"VV","value":-10.0614,"farmer_unique_id":"608938","site_id":5177},{"date":"2021-03-28","product":"COPERNICUS/S1_GRD","band":"VV","value":-12.2296,"farmer_unique_id":"608938","site_id":5177},{"date":"2021-04-04","product":"COPERNICUS/S1_GRD","band":"VV","value":-8.0891,"farmer_unique_id":"608938","site_id":5177},{"date":"2021-04-09","product":"COPERNICUS/S1_GRD","band":"VV","value":-8.7812,"farmer_unique_id":"608938","site_id":5177},{"date":"2021-04-16","product":"COPERNICUS/S1_GRD","band":"VV","value":-8.3689,"farmer_unique_id":"608938","site_id":5177},{"date":"2021-04-21","product":"COPERNICUS/S1_GRD","band":"VV","value":-10.4697,"farmer_unique_id":"608938","site_id":5177},{"date":"2021-04-28","product":"COPERNICUS/S1_GRD","band":"VV","value":-5.9439,"farmer_unique_id":"608938","site_id":5177},{"date":"2021-05-03","product":"COPERNICUS/S1_GRD","band":"VV","value":-9.9084,"farmer_unique_id":"608938","site_id":5177},{"date":"2021-05-10","product":"COPERNICUS/S1_GRD","band":"VV","value":-5.7672,"farmer_unique_id":"608938","site_id":5177},{"date":"2021-05-15","product":"COPERNICUS/S1_GRD","band":"VV","value":-4.7311,"farmer_unique_id":"608938","site_id":5177},{"date":"2021-05-22","product":"COPERNICUS/S1_GRD","band":"VV","value":-7.909,"farmer_unique_id":"608938","site_id":5177},{"date":"2021-05-27","product":"COPERNICUS/S1_GRD","band":"VV","value":-8.3482,"farmer_unique_id":"608938","site_id":5177}]
