[{"date":"2020-01-11","product":"COPERNICUS/S1_GRD","band":"VH","value":-15.0649,"farmer_unique_id":"EM1241","site_id":2054},{"date":"2020-01-23","product":"COPERNICUS/S1_GRD","band":"VH","value":-15.2498,"farmer_unique_id":"EM1241","site_id":2054},{"date":"2020-02-04","product":"COPERNICUS/S1_GRD","band":"VH","value":-16.6196,"farmer_unique_id":"EM1241","site_id":2054},{"date":"2020-02-16","product":"COPERNICUS/S1_GRD","band":"VH","value":-16.1413,"farmer_unique_id":"EM1241","site_id":2054},{"date":"2020-02-28","product":"COPERNICUS/S1_GRD","band":"VH","value":-14.5048,"farmer_unique_id":"EM1241","site_id":2054},{"date":"2020-03-11","product":"COPERNICUS/S1_GRD","band":"VH","value":-14.37,"farmer_unique_id":"EM1241","site_id":2054},{"date":"2020-03-23","product":"COPERNICUS/S1_GRD","band":"VH","value":-11.5671,"farmer_unique_id":"EM1241","site_id":2054},{"date":"2020-04-04","product":"COPERNICUS/S1_GRD","band":"VH","value":-14.188,"farmer_unique_id":"EM1241","site_id":2054},{"date":"2020-04-16","product":"COPERNICUS/S1_GRD","band":"VH","value":-15.4391,"farmer_unique_id":"EM1241","site_id":2054},{"date":"2020-04-28","product":"COPERNICUS/S1_GRD","band":"VH","value":-18.4781,"farmer_unique_id":"EM1241","site_id":2054},{"date":"2020-05-10","product":"COPERNICUS/S1_GRD","band":"VH","value":-14.0047,"farmer_unique_id":"EM1241","site_id":2054},{"date":"2020-05-22","product":"COPERNICUS/S1_GRD","band":"VH","value":-11.4693,"farmer_unique_id":"EM1241","site_id":2054},{"date":"2020-06-15","product":"COPERNICUS/S1_GRD","band":"VH","value":-14.5399,"farmer_unique_id":"EM1241","site_id":2054},{"date":"2020-06-27","product":"COPERNICUS/S1_GRD","band":"VH","value":-13.6439,"farmer_unique_id":"EM1241","site_id":2054},{"date":"2020-07-09","product":"COPERNICUS/S1_GRD","band":"VH","value":-22.9828,"farmer_unique_id":"EM1241","site_id":2054},{"date":"2020-07-21","product":"COPERNICUS/S1_GRD","band":"VH","value":-15.1002,"farmer_unique_id":"EM1241","site_id":2054},{"date":"2020-08-02","product":"COPERNICUS/S1_GRD","band":"VH","value":-16.4861,"farmer_unique_id":"EM1241","site_id":2054},{"date":"2020-08-14","product":"COPERNICUS/S1_GRD","band":"VH","value":-18.1568,"farmer_unique_id":"EM1241","site_id":2054},{"date":"2020-08-26","product":"COPERNICUS/S1_GRD","band":"VH","value":-12.8376,"farmer_unique_id":"EM1241","site_id":2054},{"date":"2020-09-07","product":"COPERNICUS/S1_GRD","band":"VH","value":-13.4002,"farmer_unique_id":"EM1241","site_id":2054},{"date":"2020-09-19","product":"COPERNICUS/S1_GRD","band":"VH","value":-18.8091,"farmer_unique_id":"EM1241","site_id":2054},{"date":"2020-10-01","product":"COPERNICUS/S1_GRD","band":"VH","value":-18.2885,"farmer_unique_id":"EM1241","site_id":2054},{"date":"2020-10-13","product":"COPERNICUS/S1_GRD","band":"VH","value":-14.9887,"farmer_unique_id":"EM1241","site_id":2054},{"date":"2020-10-25","product":"COPERNICUS/S1_GRD","band":"VH","value":-16.1945,"farmer_unique_id":"EM1241","site_id":2054},{"date":"2020-11-06","product":"COPERNICUS/S1_GRD","band":"VH","value":-17.7202,"farmer_unique_id":"EM1241","site_id":2054},{"date":"2020-11-18","product":"COPERNICUS/S1_GRD","band":"VH","value":-16.024,"farmer_unique_id":"EM1241","site_id":2054},{"date":"2020-11-30","product":"COPERNICUS/S1_GRD","band":"VH","value":-14.93,"farmer_unique_id":"EM1241","site_id":2054},{"date":"2020-12-12","product":"COPERNICUS/S1_GRD","band":"VH","value":-16.5256,"farmer_unique_id":"EM1241","site_id":2054},{"date":"2020-12-24","product":"COPERNICUS/S1_GRD","band":"VH","value":-18.4094,"farmer_unique_id":"EM1241","site_id":2054},{"date":"2021-01-05","product":"COPERNICUS/S1_GRD","band":"VH","value":-13.8361,"farmer_unique_id":"EM1241","site_id":2054},{"date":"2021-01-17","product":"COPERNICUS/S1_GRD","band":"VH","value":-15.926,"farmer_unique_id":"EM1241","site_id":2054},{"date":"2021-01-29","product":"COPERNICUS/S1_GRD","band":"VH","value":-17.4718,"farmer_unique_id":"EM1241","site_id":2054},{"date":"2021-02-10","product":"COPERNICUS/S1_GRD","band":"VH","value":-15.3245,"farmer_unique_id":"EM1241","site_id":2054},{"date":"2021-02-22","product":"COPERNICUS/S1_GRD","band":"VH","value":-14.4612,"farmer_unique_id":"EM1241","site_id":2054},{"date":"2021-03-06","product":"COPERNICUS/S1_GRD","band":"VH","value":-18.3911,"farmer_unique_id":"EM1241","site_id":2054},{"date":"2021-03-18","product":"COPERNICUS/S1_GRD","band":"VH","value":-13.6708,"farmer_unique_id":"EM1241","site_id":2054},{"date":"2021-03-30","product":"COPERNICUS/S1_GRD","band":"VH","value":-16.0631,"farmer_unique_id":"EM1241","site_id":2054},{"date":"2021-04-11","product":"COPERNICUS/S1_GRD","band":"VH","value":-13.486,"farmer_unique_id":"EM1241","site_id":2054},{"date":"2021-04-23","product":"COPERNICUS/S1_GRD","band":"VH","value":-13.4626,"farmer_unique_id":"EM1241","site_id":2054},{"date":"2021-05-05","product":"COPERNICUS/S1_GRD","band":"VH","value":-15.155,"farmer_unique_id":"EM1241","site_id":2054},{"date":"2021-05-17","product":"COPERNICUS/S1_GRD","band":"VH","value":-16.6955,"farmer_unique_id":"EM1241","site_id":2054},{"date":"2021-05-29","product":"COPERNICUS/S1_GRD","band":"VH","value":-15.4619,"farmer_unique_id":"EM1241","site_id":2054},{"date":"2020-01-11","product":"COPERNICUS/S1_GRD","band":"VV","value":-9.4334,"farmer_unique_id":"EM1241","site_id":2054},{"date":"2020-01-23","product":"COPERNICUS/S1_GRD","band":"VV","value":-9.2991,"farmer_unique_id":"EM1241","site_id":2054},{"date":"2020-02-04","product":"COPERNICUS/S1_GRD","band":"VV","value":-8.6607,"farmer_unique_id":"EM1241","site_id":2054},{"date":"2020-02-16","product":"COPERNICUS/S1_GRD","band":"VV","value":-7.319,"farmer_unique_id":"EM1241","site_id":2054},{"date":"2020-02-28","product":"COPERNICUS/S1_GRD","band":"VV","value":-9.5815,"farmer_unique_id":"EM1241","site_id":2054},{"date":"2020-03-11","product":"COPERNICUS/S1_GRD","band":"VV","value":-5.384,"farmer_unique_id":"EM1241","site_id":2054},{"date":"2020-03-23","product":"COPERNICUS/S1_GRD","band":"VV","value":-5.2849,"farmer_unique_id":"EM1241","site_id":2054},{"date":"2020-04-04","product":"COPERNICUS/S1_GRD","band":"VV","value":-15.138,"farmer_unique_id":"EM1241","site_id":2054},{"date":"2020-04-16","product":"COPERNICUS/S1_GRD","band":"VV","value":-9.5119,"farmer_unique_id":"EM1241","site_id":2054},{"date":"2020-04-28","product":"COPERNICUS/S1_GRD","band":"VV","value":-10.109,"farmer_unique_id":"EM1241","site_id":2054},{"date":"2020-05-10","product":"COPERNICUS/S1_GRD","band":"VV","value":-7.5841,"farmer_unique_id":"EM1241","site_id":2054},{"date":"2020-05-22","product":"COPERNICUS/S1_GRD","band":"VV","value":-9.9383,"farmer_unique_id":"EM1241","site_id":2054},{"date":"2020-06-15","product":"COPERNICUS/S1_GRD","band":"VV","value":-11.0512,"farmer_unique_id":"EM1241","site_id":2054},{"date":"2020-06-27","product":"COPERNICUS/S1_GRD","band":"VV","value":-9.8012,"farmer_unique_id":"EM1241","site_id":2054},{"date":"2020-07-09","product":"COPERNICUS/S1_GRD","band":"VV","value":-14.1254,"farmer_unique_id":"EM1241","site_id":2054},{"date":"2020-07-21","product":"COPERNICUS/S1_GRD","band":"VV","value":-7.5222,"farmer_unique_id":"EM1241","site_id":2054},{"date":"2020-08-02","product":"COPERNICUS/S1_GRD","band":"VV","value":-8.0664,"farmer_unique_id":"EM1241","site_id":2054},{"date":"2020-08-14","product":"COPERNICUS/S1_GRD","band":"VV","value":-7.4856,"farmer_unique_id":"EM1241","site_id":2054},{"date":"2020-08-26","product":"COPERNICUS/S1_GRD","band":"VV","value":-9.7422,"farmer_unique_id":"EM1241","site_id":2054},{"date":"2020-09-07","product":"COPERNICUS/S1_GRD","band":"VV","value":-10.9232,"farmer_unique_id":"EM1241","site_id":2054},{"date":"2020-09-19","product":"COPERNICUS/S1_GRD","band":"VV","value":-8.2943,"farmer_unique_id":"EM1241","site_id":2054},{"date":"2020-10-01","product":"COPERNICUS/S1_GRD","band":"VV","value":-11.486,"farmer_unique_id":"EM1241","site_id":2054},{"date":"2020-10-13","product":"COPERNICUS/S1_GRD","band":"VV","value":-7.1812,"farmer_unique_id":"EM1241","site_id":2054},{"date":"2020-10-25","product":"COPERNICUS/S1_GRD","band":"VV","value":-13.2911,"farmer_unique_id":"EM1241","site_id":2054},{"date":"2020-11-06","product":"COPERNICUS/S1_GRD","band":"VV","value":-7.5695,"farmer_unique_id":"EM1241","site_id":2054},{"date":"2020-11-18","product":"COPERNICUS/S1_GRD","band":"VV","value":-10.566,"farmer_unique_id":"EM1241","site_id":2054},{"date":"2020-11-30","product":"COPERNICUS/S1_GRD","band":"VV","value":-9.2951,"farmer_unique_id":"EM1241","site_id":2054},{"date":"2020-12-12","product":"COPERNICUS/S1_GRD","band":"VV","value":-9.1418,"farmer_unique_id":"EM1241","site_id":2054},{"date":"2020-12-24","product":"COPERNICUS/S1_GRD","band":"VV","value":-12.0678,"farmer_unique_id":"EM1241","site_id":2054},{"date":"2021-01-05","product":"COPERNICUS/S1_GRD","band":"VV","value":-4.3843,"farmer_unique_id":"EM1241","site_id":2054},{"date":"2021-01-17","product":"COPERNICUS/S1_GRD","band":"VV","value":-8.3367,"farmer_unique_id":"EM1241","site_id":2054},{"date":"2021-01-29","product":"COPERNICUS/S1_GRD","band":"VV","value":-12.6889,"farmer_unique_id":"EM1241","site_id":2054},{"date":"2021-02-10","product":"COPERNICUS/S1_GRD","band":"VV","value":-10.6825,"farmer_unique_id":"EM1241","site_id":2054},{"date":"2021-02-22","product":"COPERNICUS/S1_GRD","band":"VV","value":-5.0282,"farmer_unique_id":"EM1241","site_id":2054},{"date":"2021-03-06","product":"COPERNICUS/S1_GRD","band":"VV","value":-10.6036,"farmer_unique_id":"EM1241","site_id":2054},{"date":"2021-03-18","product":"COPERNICUS/S1_GRD","band":"VV","value":-9.9341,"farmer_unique_id":"EM1241","site_id":2054},{"date":"2021-03-30","product":"COPERNICUS/S1_GRD","band":"VV","value":-8.351,"farmer_unique_id":"EM1241","site_id":2054},{"date":"2021-04-11","product":"COPERNICUS/S1_GRD","band":"VV","value":-8.8886,"farmer_unique_id":"EM1241","site_id":2054},{"date":"2021-04-23","product":"COPERNICUS/S1_GRD","band":"VV","value":-5.9169,"farmer_unique_id":"EM1241","site_id":2054},{"date":"2021-05-05","product":"COPERNICUS/S1_GRD","band":"VV","value":-7.811,"farmer_unique_id":"EM1241","site_id":2054},{"date":"2021-05-17","product":"COPERNICUS/S1_GRD","band":"VV","value":-10.208,"farmer_unique_id":"EM1241","site_id":2054},{"date":"2021-05-29","product":"COPERNICUS/S1_GRD","band":"VV","value":-7.355,"farmer_unique_id":"EM1241","site_id":2054}]
