[{"date":"2020-01-11","product":"COPERNICUS/S1_GRD","band":"VH","value":-17.1647,"farmer_unique_id":"ME3121","site_id":1358},{"date":"2020-01-23","product":"COPERNICUS/S1_GRD","band":"VH","value":-21.2368,"farmer_unique_id":"ME3121","site_id":1358},{"date":"2020-02-04","product":"COPERNICUS/S1_GRD","band":"VH","value":-15.1376,"farmer_unique_id":"ME3121","site_id":1358},{"date":"2020-02-16","product":"COPERNICUS/S1_GRD","band":"VH","value":-15.8606,"farmer_unique_id":"ME3121","site_id":1358},{"date":"2020-02-28","product":"COPERNICUS/S1_GRD","band":"VH","value":-16.3326,"farmer_unique_id":"ME3121","site_id":1358},{"date":"2020-03-11","product":"COPERNICUS/S1_GRD","band":"VH","value":-18.6305,"farmer_unique_id":"ME3121","site_id":1358},{"date":"2020-03-23","product":"COPERNICUS/S1_GRD","band":"VH","value":-18.0582,"farmer_unique_id":"ME3121","site_id":1358},{"date":"2020-04-04","product":"COPERNICUS/S1_GRD","band":"VH","value":-17.5565,"farmer_unique_id":"ME3121","site_id":1358},{"date":"2020-04-16","product":"COPERNICUS/S1_GRD","band":"VH","value":-14.8819,"farmer_unique_id":"ME3121","site_id":1358},{"date":"2020-04-28","product":"COPERNICUS/S1_GRD","band":"VH","value":-15.402,"farmer_unique_id":"ME3121","site_id":1358},{"date":"2020-05-10","product":"COPERNICUS/S1_GRD","band":"VH","value":-15.6142,"farmer_unique_id":"ME3121","site_id":1358},{"date":"2020-05-22","product":"COPERNICUS/S1_GRD","band":"VH","value":-18.537,"farmer_unique_id":"ME3121","site_id":1358},{"date":"2020-06-03","product":"COPERNICUS/S1_GRD","band":"VH","value":-17.8414,"farmer_unique_id":"ME3121","site_id":1358},{"date":"2020-06-15","product":"COPERNICUS/S1_GRD","band":"VH","value":-16.9287,"farmer_unique_id":"ME3121","site_id":1358},{"date":"2020-06-27","product":"COPERNICUS/S1_GRD","band":"VH","value":-19.2466,"farmer_unique_id":"ME3121","site_id":1358},{"date":"2020-07-09","product":"COPERNICUS/S1_GRD","band":"VH","value":-16.227,"farmer_unique_id":"ME3121","site_id":1358},{"date":"2020-07-21","product":"COPERNICUS/S1_GRD","band":"VH","value":-16.4412,"farmer_unique_id":"ME3121","site_id":1358},{"date":"2020-08-02","product":"COPERNICUS/S1_GRD","band":"VH","value":-15.1456,"farmer_unique_id":"ME3121","site_id":1358},{"date":"2020-08-14","product":"COPERNICUS/S1_GRD","band":"VH","value":-14.3584,"farmer_unique_id":"ME3121","site_id":1358},{"date":"2020-08-26","product":"COPERNICUS/S1_GRD","band":"VH","value":-17.0959,"farmer_unique_id":"ME3121","site_id":1358},{"date":"2020-09-07","product":"COPERNICUS/S1_GRD","band":"VH","value":-16.6711,"farmer_unique_id":"ME3121","site_id":1358},{"date":"2020-09-19","product":"COPERNICUS/S1_GRD","band":"VH","value":-14.3545,"farmer_unique_id":"ME3121","site_id":1358},{"date":"2020-10-01","product":"COPERNICUS/S1_GRD","band":"VH","value":-18.0417,"farmer_unique_id":"ME3121","site_id":1358},{"date":"2020-10-13","product":"COPERNICUS/S1_GRD","band":"VH","value":-13.7308,"farmer_unique_id":"ME3121","site_id":1358},{"date":"2020-10-25","product":"COPERNICUS/S1_GRD","band":"VH","value":-19.2897,"farmer_unique_id":"ME3121","site_id":1358},{"date":"2020-11-06","product":"COPERNICUS/S1_GRD","band":"VH","value":-14.6044,"farmer_unique_id":"ME3121","site_id":1358},{"date":"2020-11-18","product":"COPERNICUS/S1_GRD","band":"VH","value":-20.3832,"farmer_unique_id":"ME3121","site_id":1358},{"date":"2020-11-30","product":"COPERNICUS/S1_GRD","band":"VH","value":-16.2278,"farmer_unique_id":"ME3121","site_id":1358},{"date":"2020-12-12","product":"COPERNICUS/S1_GRD","band":"VH","value":-21.921,"farmer_unique_id":"ME3121","site_id":1358},{"date":"2020-12-24","product":"COPERNICUS/S1_GRD","band":"VH","value":-16.2596,"farmer_unique_id":"ME3121","site_id":1358},{"date":"2021-01-05","product":"COPERNICUS/S1_GRD","band":"VH","value":-19.1186,"farmer_unique_id":"ME3121","site_id":1358},{"date":"2021-01-17","product":"COPERNICUS/S1_GRD","band":"VH","value":-15.4094,"farmer_unique_id":"ME3121","site_id":1358},{"date":"2021-01-29","product":"COPERNICUS/S1_GRD","band":"VH","value":-16.3719,"farmer_unique_id":"ME3121","site_id":1358},{"date":"2021-02-10","product":"COPERNICUS/S1_GRD","band":"VH","value":-16.0701,"farmer_unique_id":"ME3121","site_id":1358},{"date":"2021-02-22","product":"COPERNICUS/S1_GRD","band":"VH","value":-14.5231,"farmer_unique_id":"ME3121","site_id":1358},{"date":"2021-03-06","product":"COPERNICUS/S1_GRD","band":"VH","value":-15.0166,"farmer_unique_id":"ME3121","site_id":1358},{"date":"2021-03-18","product":"COPERNICUS/S1_GRD","band":"VH","value":-20.8859,"farmer_unique_id":"ME3121","site_id":1358},{"date":"2021-03-30","product":"COPERNICUS/S1_GRD","band":"VH","value":-16.2089,"farmer_unique_id":"ME3121","site_id":1358},{"date":"2021-04-11","product":"COPERNICUS/S1_GRD","band":"VH","value":-18.6495,"farmer_unique_id":"ME3121","site_id":1358},{"date":"2021-04-23","product":"COPERNICUS/S1_GRD","band":"VH","value":-17.5156,"farmer_unique_id":"ME3121","site_id":1358},{"date":"2021-05-05","product":"COPERNICUS/S1_GRD","band":"VH","value":-22.4254,"farmer_unique_id":"ME3121","site_id":1358},{"date":"2021-05-17","product":"COPERNICUS/S1_GRD","band":"VH","value":-17.4344,"farmer_unique_id":"ME3121","site_id":1358},{"date":"2021-05-29","product":"COPERNICUS/S1_GRD","band":"VH","value":-20.0495,"farmer_unique_id":"ME3121","site_id":1358},{"date":"2020-01-11","product":"COPERNICUS/S1_GRD","band":"VV","value":-8.8198,"farmer_unique_id":"ME3121","site_id":1358},{"date":"2020-01-23","product":"COPERNICUS/S1_GRD","band":"VV","value":-9.192,"farmer_unique_id":"ME3121","site_id":1358},{"date":"2020-02-04","product":"COPERNICUS/S1_GRD","band":"VV","value":-7.8017,"farmer_unique_id":"ME3121","site_id":1358},{"date":"2020-02-16","product":"COPERNICUS/S1_GRD","band":"VV","value":-7.2379,"farmer_unique_id":"ME3121","site_id":1358},{"date":"2020-02-28","product":"COPERNICUS/S1_GRD","band":"VV","value":-9.4824,"farmer_unique_id":"ME3121","site_id":1358},{"date":"2020-03-11","product":"COPERNICUS/S1_GRD","band":"VV","value":-7.7368,"farmer_unique_id":"ME3121","site_id":1358},{"date":"2020-03-23","product":"COPERNICUS/S1_GRD","band":"VV","value":-10.6874,"farmer_unique_id":"ME3121","site_id":1358},{"date":"2020-04-04","product":"COPERNICUS/S1_GRD","band":"VV","value":-11.2789,"farmer_unique_id":"ME3121","site_id":1358},{"date":"2020-04-16","product":"COPERNICUS/S1_GRD","band":"VV","value":-8.5251,"farmer_unique_id":"ME3121","site_id":1358},{"date":"2020-04-28","product":"COPERNICUS/S1_GRD","band":"VV","value":-9.9583,"farmer_unique_id":"ME3121","site_id":1358},{"date":"2020-05-10","product":"COPERNICUS/S1_GRD","band":"VV","value":-9.4637,"farmer_unique_id":"ME3121","site_id":1358},{"date":"2020-05-22","product":"COPERNICUS/S1_GRD","band":"VV","value":-7.3949,"farmer_unique_id":"ME3121","site_id":1358},{"date":"2020-06-03","product":"COPERNICUS/S1_GRD","band":"VV","value":-10.1433,"farmer_unique_id":"ME3121","site_id":1358},{"date":"2020-06-15","product":"COPERNICUS/S1_GRD","band":"VV","value":-9.0976,"farmer_unique_id":"ME3121","site_id":1358},{"date":"2020-06-27","product":"COPERNICUS/S1_GRD","band":"VV","value":-8.3527,"farmer_unique_id":"ME3121","site_id":1358},{"date":"2020-07-09","product":"COPERNICUS/S1_GRD","band":"VV","value":-11.556,"farmer_unique_id":"ME3121","site_id":1358},{"date":"2020-07-21","product":"COPERNICUS/S1_GRD","band":"VV","value":-9.4784,"farmer_unique_id":"ME3121","site_id":1358},{"date":"2020-08-02","product":"COPERNICUS/S1_GRD","band":"VV","value":-9.1788,"farmer_unique_id":"ME3121","site_id":1358},{"date":"2020-08-14","product":"COPERNICUS/S1_GRD","band":"VV","value":-8.2641,"farmer_unique_id":"ME3121","site_id":1358},{"date":"2020-08-26","product":"COPERNICUS/S1_GRD","band":"VV","value":-11.6219,"farmer_unique_id":"ME3121","site_id":1358},{"date":"2020-09-07","product":"COPERNICUS/S1_GRD","band":"VV","value":-10.9544,"farmer_unique_id":"ME3121","site_id":1358},{"date":"2020-09-19","product":"COPERNICUS/S1_GRD","band":"VV","value":-11.5359,"farmer_unique_id":"ME3121","site_id":1358},{"date":"2020-10-01","product":"COPERNICUS/S1_GRD","band":"VV","value":-12.4368,"farmer_unique_id":"ME3121","site_id":1358},{"date":"2020-10-13","product":"COPERNICUS/S1_GRD","band":"VV","value":-10.3663,"farmer_unique_id":"ME3121","site_id":1358},{"date":"2020-10-25","product":"COPERNICUS/S1_GRD","band":"VV","value":-12.6722,"farmer_unique_id":"ME3121","site_id":1358},{"date":"2020-11-06","product":"COPERNICUS/S1_GRD","band":"VV","value":-9.5021,"farmer_unique_id":"ME3121","site_id":1358},{"date":"2020-11-18","product":"COPERNICUS/S1_GRD","band":"VV","value":-8.4363,"farmer_unique_id":"ME3121","site_id":1358},{"date":"2020-11-30","product":"COPERNICUS/S1_GRD","band":"VV","value":-6.4049,"farmer_unique_id":"ME3121","site_id":1358},{"date":"2020-12-12","product":"COPERNICUS/S1_GRD","band":"VV","value":-12.0327,"farmer_unique_id":"ME3121","site_id":1358},{"date":"2020-12-24","product":"COPERNICUS/S1_GRD","band":"VV","value":-7.7896,"farmer_unique_id":"ME3121","site_id":1358},{"date":"2021-01-05","product":"COPERNICUS/S1_GRD","band":"VV","value":-10.7556,"farmer_unique_id":"ME3121","site_id":1358},{"date":"2021-01-17","product":"COPERNICUS/S1_GRD","band":"VV","value":-11.8264,"farmer_unique_id":"ME3121","site_id":1358},{"date":"2021-01-29","product":"COPERNICUS/S1_GRD","band":"VV","value":-10.5321,"farmer_unique_id":"ME3121","site_id":1358},{"date":"2021-02-10","product":"COPERNICUS/S1_GRD","band":"VV","value":-8.6871,"farmer_unique_id":"ME3121","site_id":1358},{"date":"2021-02-22","product":"COPERNICUS/S1_GRD","band":"VV","value":-4.5852,"farmer_unique_id":"ME3121","site_id":1358},{"date":"2021-03-06","product":"COPERNICUS/S1_GRD","band":"VV","value":-9.074,"farmer_unique_id":"ME3121","site_id":1358},{"date":"2021-03-18","product":"COPERNICUS/S1_GRD","band":"VV","value":-7.4367,"farmer_unique_id":"ME3121","site_id":1358},{"date":"2021-03-30","product":"COPERNICUS/S1_GRD","band":"VV","value":-7.8398,"farmer_unique_id":"ME3121","site_id":1358},{"date":"2021-04-11","product":"COPERNICUS/S1_GRD","band":"VV","value":-12.5509,"farmer_unique_id":"ME3121","site_id":1358},{"date":"2021-04-23","product":"COPERNICUS/S1_GRD","band":"VV","value":-9.4855,"farmer_unique_id":"ME3121","site_id":1358},{"date":"2021-05-05","product":"COPERNICUS/S1_GRD","band":"VV","value":-9.7947,"farmer_unique_id":"ME3121","site_id":1358},{"date":"2021-05-17","product":"COPERNICUS/S1_GRD","band":"VV","value":-12.2402,"farmer_unique_id":"ME3121","site_id":1358},{"date":"2021-05-29","product":"COPERNICUS/S1_GRD","band":"VV","value":-11.5596,"farmer_unique_id":"ME3121","site_id":1358}]
