[{"date":"2020-01-11","product":"COPERNICUS/S1_GRD","band":"VH","value":-15.5031,"farmer_unique_id":"4785977","site_id":3627},{"date":"2020-01-23","product":"COPERNICUS/S1_GRD","band":"VH","value":-16.3462,"farmer_unique_id":"4785977","site_id":3627},{"date":"2020-02-04","product":"COPERNICUS/S1_GRD","band":"VH","value":-13.5767,"farmer_unique_id":"4785977","site_id":3627},{"date":"2020-02-16","product":"COPERNICUS/S1_GRD","band":"VH","value":-15.6288,"farmer_unique_id":"4785977","site_id":3627},{"date":"2020-02-28","product":"COPERNICUS/S1_GRD","band":"VH","value":-14.6948,"farmer_unique_id":"4785977","site_id":3627},{"date":"2020-03-11","product":"COPERNICUS/S1_GRD","band":"VH","value":-15.0558,"farmer_unique_id":"4785977","site_id":3627},{"date":"2020-03-23","product":"COPERNICUS/S1_GRD","band":"VH","value":-13.7725,"farmer_unique_id":"4785977","site_id":3627},{"date":"2020-04-04","product":"COPERNICUS/S1_GRD","band":"VH","value":-11.2819,"farmer_unique_id":"4785977","site_id":3627},{"date":"2020-04-16","product":"COPERNICUS/S1_GRD","band":"VH","value":-15.3389,"farmer_unique_id":"4785977","site_id":3627},{"date":"2020-04-28","product":"COPERNICUS/S1_GRD","band":"VH","value":-15.8784,"farmer_unique_id":"4785977","site_id":3627},{"date":"2020-05-10","product":"COPERNICUS/S1_GRD","band":"VH","value":-18.986,"farmer_unique_id":"4785977","site_id":3627},{"date":"2020-05-22","product":"COPERNICUS/S1_GRD","band":"VH","value":-14.7224,"farmer_unique_id":"4785977","site_id":3627},{"date":"2020-06-03","product":"COPERNICUS/S1_GRD","band":"VH","value":-13.2468,"farmer_unique_id":"4785977","site_id":3627},{"date":"2020-06-15","product":"COPERNICUS/S1_GRD","band":"VH","value":-19.8678,"farmer_unique_id":"4785977","site_id":3627},{"date":"2020-06-27","product":"COPERNICUS/S1_GRD","band":"VH","value":-15.7743,"farmer_unique_id":"4785977","site_id":3627},{"date":"2020-07-09","product":"COPERNICUS/S1_GRD","band":"VH","value":-12.3895,"farmer_unique_id":"4785977","site_id":3627},{"date":"2020-07-21","product":"COPERNICUS/S1_GRD","band":"VH","value":-12.8495,"farmer_unique_id":"4785977","site_id":3627},{"date":"2020-08-02","product":"COPERNICUS/S1_GRD","band":"VH","value":-10.7248,"farmer_unique_id":"4785977","site_id":3627},{"date":"2020-08-14","product":"COPERNICUS/S1_GRD","band":"VH","value":-18.3007,"farmer_unique_id":"4785977","site_id":3627},{"date":"2020-08-26","product":"COPERNICUS/S1_GRD","band":"VH","value":-16.2554,"farmer_unique_id":"4785977","site_id":3627},{"date":"2020-09-07","product":"COPERNICUS/S1_GRD","band":"VH","value":-12.6332,"farmer_unique_id":"4785977","site_id":3627},{"date":"2020-09-19","product":"COPERNICUS/S1_GRD","band":"VH","value":-13.0912,"farmer_unique_id":"4785977","site_id":3627},{"date":"2020-10-01","product":"COPERNICUS/S1_GRD","band":"VH","value":-14.9719,"farmer_unique_id":"4785977","site_id":3627},{"date":"2020-10-13","product":"COPERNICUS/S1_GRD","band":"VH","value":-16.6896,"farmer_unique_id":"4785977","site_id":3627},{"date":"2020-10-25","product":"COPERNICUS/S1_GRD","band":"VH","value":-18.7453,"farmer_unique_id":"4785977","site_id":3627},{"date":"2020-11-06","product":"COPERNICUS/S1_GRD","band":"VH","value":-13.8118,"farmer_unique_id":"4785977","site_id":3627},{"date":"2020-11-18","product":"COPERNICUS/S1_GRD","band":"VH","value":-14.5565,"farmer_unique_id":"4785977","site_id":3627},{"date":"2020-11-30","product":"COPERNICUS/S1_GRD","band":"VH","value":-12.458,"farmer_unique_id":"4785977","site_id":3627},{"date":"2020-12-12","product":"COPERNICUS/S1_GRD","band":"VH","value":-15.775,"farmer_unique_id":"4785977","site_id":3627},{"date":"2020-12-24","product":"COPERNICUS/S1_GRD","band":"VH","value":-13.4095,"farmer_unique_id":"4785977","site_id":3627},{"date":"2021-01-05","product":"COPERNICUS/S1_GRD","band":"VH","value":-16.6865,"farmer_unique_id":"4785977","site_id":3627},{"date":"2021-01-17","product":"COPERNICUS/S1_GRD","band":"VH","value":-19.7805,"farmer_unique_id":"4785977","site_id":3627},{"date":"2021-01-29","product":"COPERNICUS/S1_GRD","band":"VH","value":-17.9342,"farmer_unique_id":"4785977","site_id":3627},{"date":"2021-02-10","product":"COPERNICUS/S1_GRD","band":"VH","value":-12.7369,"farmer_unique_id":"4785977","site_id":3627},{"date":"2021-02-22","product":"COPERNICUS/S1_GRD","band":"VH","value":-11.4954,"farmer_unique_id":"4785977","site_id":3627},{"date":"2021-03-06","product":"COPERNICUS/S1_GRD","band":"VH","value":-13.3765,"farmer_unique_id":"4785977","site_id":3627},{"date":"2021-03-18","product":"COPERNICUS/S1_GRD","band":"VH","value":-14.3423,"farmer_unique_id":"4785977","site_id":3627},{"date":"2021-03-30","product":"COPERNICUS/S1_GRD","band":"VH","value":-19.5059,"farmer_unique_id":"4785977","site_id":3627},{"date":"2021-04-11","product":"COPERNICUS/S1_GRD","band":"VH","value":-16.006,"farmer_unique_id":"4785977","site_id":3627},{"date":"2021-04-23","product":"COPERNICUS/S1_GRD","band":"VH","value":-10.7433,"farmer_unique_id":"4785977","site_id":3627},{"date":"2021-05-05","product":"COPERNICUS/S1_GRD","band":"VH","value":-17.5248,"farmer_unique_id":"4785977","site_id":3627},{"date":"2021-05-17","product":"COPERNICUS/S1_GRD","band":"VH","value":-14.0501,"farmer_unique_id":"4785977","site_id":3627},{"date":"2021-05-29","product":"COPERNICUS/S1_GRD","band":"VH","value":-15.6775,"farmer_unique_id":"4785977","site_id":3627},{"date":"2020-01-11","product":"COPERNICUS/S1_GRD","band":"VV","value":-7.2536,"farmer_unique_id":"4785977","site_id":3627},{"date":"2020-01-23","product":"COPERNICUS/S1_GRD","band":"VV","value":-6.5145,"farmer_unique_id":"4785977","site_id":3627},{"date":"2020-02-04","product":"COPERNICUS/S1_GRD","band":"VV","value":-9.1046,"farmer_unique_id":"4785977","site_id":3627},{"date":"2020-02-16","product":"COPERNICUS/S1_GRD","band":"VV","value":-10.5969,"farmer_unique_id":"4785977","site_id":3627},{"date":"2020-02-28","product":"COPERNICUS/S1_GRD","band":"VV","value":-8.3731,"farmer_unique_id":"4785977","site_id":3627},{"date":"2020-03-11","product":"COPERNICUS/S1_GRD","band":"VV","value":-11.715,"farmer_unique_id":"4785977","site_id":3627},{"date":"2020-03-23","product":"COPERNICUS/S1_GRD","band":"VV","value":-5.7315,"farmer_unique_id":"4785977","site_id":3627},{"date":"2020-04-04","product":"COPERNICUS/S1_GRD","band":"VV","value":-7.1485,"farmer_unique_id":"4785977","site_id":3627},{"date":"2020-04-16","product":"COPERNICUS/S1_GRD","band":"VV","value":-5.8744,"farmer_unique_id":"4785977","site_id":3627},{"date":"2020-04-28","product":"COPERNICUS/S1_GRD","band":"VV","value":-4.581,"farmer_unique_id":"4785977","site_id":3627},{"date":"2020-05-10","product":"COPERNICUS/S1_GRD","band":"VV","value":-4.3889,"farmer_unique_id":"4785977","site_id":3627},{"date":"2020-05-22","product":"COPERNICUS/S1_GRD","band":"VV","value":-6.3395,"farmer_unique_id":"4785977","site_id":3627},{"date":"2020-06-03","product":"COPERNICUS/S1_GRD","band":"VV","value":-5.5973,"farmer_unique_id":"4785977","site_id":3627},{"date":"2020-06-15","product":"COPERNICUS/S1_GRD","band":"VV","value":-9.0851,"farmer_unique_id":"4785977","site_id":3627},{"date":"2020-06-27","product":"COPERNICUS/S1_GRD","band":"VV","value":-5.1694,"farmer_unique_id":"4785977","site_id":3627},{"date":"2020-07-09","product":"COPERNICUS/S1_GRD","band":"VV","value":-9.6613,"farmer_unique_id":"4785977","site_id":3627},{"date":"2020-07-21","product":"COPERNICUS/S1_GRD","band":"VV","value":-11.8259,"farmer_unique_id":"4785977","site_id":3627},{"date":"2020-08-02","product":"COPERNICUS/S1_GRD","band":"VV","value":-6.2041,"farmer_unique_id":"4785977","site_id":3627},{"date":"2020-08-14","product":"COPERNICUS/S1_GRD","band":"VV","value":-6.1894,"farmer_unique_id":"4785977","site_id":3627},{"date":"2020-08-26","product":"COPERNICUS/S1_GRD","band":"VV","value":-9.0269,"farmer_unique_id":"4785977","site_id":3627},{"date":"2020-09-07","product":"COPERNICUS/S1_GRD","band":"VV","value":-9.8846,"farmer_unique_id":"4785977","site_id":3627},{"date":"2020-09-19","product":"COPERNICUS/S1_GRD","band":"VV","value":-12.9413,"farmer_unique_id":"4785977","site_id":3627},{"date":"2020-10-01","product":"COPERNICUS/S1_GRD","band":"VV","value":-9.0354,"farmer_unique_id":"4785977","site_id":3627},{"date":"2020-10-13","product":"COPERNICUS/S1_GRD","band":"VV","value":-8.0848,"farmer_unique_id":"4785977","site_id":3627},{"date":"2020-10-25","product":"COPERNICUS/S1_GRD","band":"VV","value":-13.0081,"farmer_unique_id":"4785977","site_id":3627},{"date":"2020-11-06","product":"COPERNICUS/S1_GRD","band":"VV","value":-9.7895,"farmer_unique_id":"4785977","site_id":3627},{"date":"2020-11-18","product":"COPERNICUS/S1_GRD","band":"VV","value":-10.7598,"farmer_unique_id":"4785977","site_id":3627},{"date":"2020-11-30","product":"COPERNICUS/S1_GRD","band":"VV","value":-7.2589,"farmer_unique_id":"4785977","site_id":3627},{"date":"2020-12-12","product":"COPERNICUS/S1_GRD","band":"VV","value":-5.6829,"farmer_unique_id":"4785977","site_id":3627},{"date":"2020-12-24","product":"COPERNICUS/S1_GRD","band":"VV","value":-10.7819,"farmer_unique_id":"4785977","site_id":3627},{"date":"2021-01-05","product":"COPERNICUS/S1_GRD","band":"VV","value":-13.1146,"farmer_unique_id":"4785977","site_id":3627},{"date":"2021-01-17","product":"COPERNICUS/S1_GRD","band":"VV","value":-11.4352,"farmer_unique_id":"4785977","site_id":3627},{"date":"2021-01-29","product":"COPERNICUS/S1_GRD","band":"VV","value":-9.1716,"farmer_unique_id":"4785977","site_id":3627},{"date":"2021-02-10","product":"COPERNICUS/S1_GRD","band":"VV","value":-7.8019,"farmer_unique_id":"4785977","site_id":3627},{"date":"2021-02-22","product":"COPERNICUS/S1_GRD","band":"VV","value":-8.8429,"farmer_unique_id":"4785977","site_id":3627},{"date":"2021-03-06","product":"COPERNICUS/S1_GRD","band":"VV","value":-8.68,"farmer_unique_id":"4785977","site_id":3627},{"date":"2021-03-18","product":"COPERNICUS/S1_GRD","band":"VV","value":-8.1067,"farmer_unique_id":"4785977","site_id":3627},{"date":"2021-03-30","product":"COPERNICUS/S1_GRD","band":"VV","value":-10.987,"farmer_unique_id":"4785977","site_id":3627},{"date":"2021-04-11","product":"COPERNICUS/S1_GRD","band":"VV","value":-10.2535,"farmer_unique_id":"4785977","site_id":3627},{"date":"2021-04-23","product":"COPERNICUS/S1_GRD","band":"VV","value":-10.947,"farmer_unique_id":"4785977","site_id":3627},{"date":"2021-05-05","product":"COPERNICUS/S1_GRD","band":"VV","value":-12.279,"farmer_unique_id":"4785977","site_id":3627},{"date":"2021-05-17","product":"COPERNICUS/S1_GRD","band":"VV","value":-9.1736,"farmer_unique_id":"4785977","site_id":3627},{"date":"2021-05-29","product":"COPERNICUS/S1_GRD","band":"VV","value":-7.8431,"farmer_unique_id":"4785977","site_id":3627}]
