[{"date":"2020-01-11","product":"COPERNICUS/S1_GRD","band":"VH","value":-16.5962,"farmer_unique_id":"155158","site_id":3496},{"date":"2020-01-23","product":"COPERNICUS/S1_GRD","band":"VH","value":-14.5759,"farmer_unique_id":"155158","site_id":3496},{"date":"2020-02-04","product":"COPERNICUS/S1_GRD","band":"VH","value":-16.1617,"farmer_unique_id":"155158","site_id":3496},{"date":"2020-02-16","product":"COPERNICUS/S1_GRD","band":"VH","value":-14.174,"farmer_unique_id":"155158","site_id":3496},{"date":"2020-02-28","product":"COPERNICUS/S1_GRD","band":"VH","value":-13.5901,"farmer_unique_id":"155158","site_id":3496},{"date":"2020-03-11","product":"COPERNICUS/S1_GRD","band":"VH","value":-13.1666,"farmer_unique_id":"155158","site_id":3496},{"date":"2020-03-23","product":"COPERNICUS/S1_GRD","band":"VH","value":-17.3034,"farmer_unique_id":"155158","site_id":3496},{"date":"2020-04-04","product":"COPERNICUS/S1_GRD","band":"VH","value":-18.0593,"farmer_unique_id":"155158","site_id":3496},{"date":"2020-04-16","product":"COPERNICUS/S1_GRD","band":"VH","value":-17.8948,"farmer_unique_id":"155158","site_id":3496},{"date":"2020-04-28","product":"COPERNICUS/S1_GRD","band":"VH","value":-14.9281,"farmer_unique_id":"155158","site_id":3496},{"date":"2020-05-10","product":"COPERNICUS/S1_GRD","band":"VH","value":-16.8012,"farmer_unique_id":"155158","site_id":3496},{"date":"2020-05-22","product":"COPERNICUS/S1_GRD","band":"VH","value":-19.0769,"farmer_unique_id":"155158","site_id":3496},{"date":"2020-06-03","product":"COPERNICUS/S1_GRD","band":"VH","value":-19.5132,"farmer_unique_id":"155158","site_id":3496},{"date":"2020-06-15","product":"COPERNICUS/S1_GRD","band":"VH","value":-16.1904,"farmer_unique_id":"155158","site_id":3496},{"date":"2020-06-27","product":"COPERNICUS/S1_GRD","band":"VH","value":-16.005,"farmer_unique_id":"155158","site_id":3496},{"date":"2020-07-09","product":"COPERNICUS/S1_GRD","band":"VH","value":-18.153,"farmer_unique_id":"155158","site_id":3496},{"date":"2020-07-21","product":"COPERNICUS/S1_GRD","band":"VH","value":-18.0162,"farmer_unique_id":"155158","site_id":3496},{"date":"2020-08-02","product":"COPERNICUS/S1_GRD","band":"VH","value":-17.2317,"farmer_unique_id":"155158","site_id":3496},{"date":"2020-08-14","product":"COPERNICUS/S1_GRD","band":"VH","value":-16.8874,"farmer_unique_id":"155158","site_id":3496},{"date":"2020-08-26","product":"COPERNICUS/S1_GRD","band":"VH","value":-17.8063,"farmer_unique_id":"155158","site_id":3496},{"date":"2020-09-07","product":"COPERNICUS/S1_GRD","band":"VH","value":-19.7935,"farmer_unique_id":"155158","site_id":3496},{"date":"2020-09-19","product":"COPERNICUS/S1_GRD","band":"VH","value":-18.5898,"farmer_unique_id":"155158","site_id":3496},{"date":"2020-10-01","product":"COPERNICUS/S1_GRD","band":"VH","value":-19.4613,"farmer_unique_id":"155158","site_id":3496},{"date":"2020-10-13","product":"COPERNICUS/S1_GRD","band":"VH","value":-17.7731,"farmer_unique_id":"155158","site_id":3496},{"date":"2020-10-25","product":"COPERNICUS/S1_GRD","band":"VH","value":-22.5445,"farmer_unique_id":"155158","site_id":3496},{"date":"2020-11-06","product":"COPERNICUS/S1_GRD","band":"VH","value":-14.9573,"farmer_unique_id":"155158","site_id":3496},{"date":"2020-11-18","product":"COPERNICUS/S1_GRD","band":"VH","value":-19.0671,"farmer_unique_id":"155158","site_id":3496},{"date":"2020-11-30","product":"COPERNICUS/S1_GRD","band":"VH","value":-17.1699,"farmer_unique_id":"155158","site_id":3496},{"date":"2020-12-12","product":"COPERNICUS/S1_GRD","band":"VH","value":-16.5324,"farmer_unique_id":"155158","site_id":3496},{"date":"2020-12-24","product":"COPERNICUS/S1_GRD","band":"VH","value":-13.4531,"farmer_unique_id":"155158","site_id":3496},{"date":"2021-01-05","product":"COPERNICUS/S1_GRD","band":"VH","value":-15.9712,"farmer_unique_id":"155158","site_id":3496},{"date":"2021-01-17","product":"COPERNICUS/S1_GRD","band":"VH","value":-18.4708,"farmer_unique_id":"155158","site_id":3496},{"date":"2021-01-29","product":"COPERNICUS/S1_GRD","band":"VH","value":-15.4647,"farmer_unique_id":"155158","site_id":3496},{"date":"2021-02-10","product":"COPERNICUS/S1_GRD","band":"VH","value":-11.7481,"farmer_unique_id":"155158","site_id":3496},{"date":"2021-02-22","product":"COPERNICUS/S1_GRD","band":"VH","value":-15.979,"farmer_unique_id":"155158","site_id":3496},{"date":"2021-03-06","product":"COPERNICUS/S1_GRD","band":"VH","value":-17.3432,"farmer_unique_id":"155158","site_id":3496},{"date":"2021-03-18","product":"COPERNICUS/S1_GRD","band":"VH","value":-18.5036,"farmer_unique_id":"155158","site_id":3496},{"date":"2021-03-30","product":"COPERNICUS/S1_GRD","band":"VH","value":-18.9628,"farmer_unique_id":"155158","site_id":3496},{"date":"2021-04-11","product":"COPERNICUS/S1_GRD","band":"VH","value":-15.5834,"farmer_unique_id":"155158","site_id":3496},{"date":"2021-04-23","product":"COPERNICUS/S1_GRD","band":"VH","value":-15.5188,"farmer_unique_id":"155158","site_id":3496},{"date":"2021-05-05","product":"COPERNICUS/S1_GRD","band":"VH","value":-17.2391,"farmer_unique_id":"155158","site_id":3496},{"date":"2021-05-17","product":"COPERNICUS/S1_GRD","band":"VH","value":-20.8495,"farmer_unique_id":"155158","site_id":3496},{"date":"2021-05-29","product":"COPERNICUS/S1_GRD","band":"VH","value":-15.6909,"farmer_unique_id":"155158","site_id":3496},{"date":"2020-01-11","product":"COPERNICUS/S1_GRD","band":"VV","value":-15.0039,"farmer_unique_id":"155158","site_id":3496},{"date":"2020-01-23","product":"COPERNICUS/S1_GRD","band":"VV","value":-10.4751,"farmer_unique_id":"155158","site_id":3496},{"date":"2020-02-04","product":"COPERNICUS/S1_GRD","band":"VV","value":-9.2144,"farmer_unique_id":"155158","site_id":3496},{"date":"2020-02-16","product":"COPERNICUS/S1_GRD","band":"VV","value":-10.5783,"farmer_unique_id":"155158","site_id":3496},{"date":"2020-02-28","product":"COPERNICUS/S1_GRD","band":"VV","value":-7.6713,"farmer_unique_id":"155158","site_id":3496},{"date":"2020-03-11","product":"COPERNICUS/S1_GRD","band":"VV","value":-9.8593,"farmer_unique_id":"155158","site_id":3496},{"date":"2020-03-23","product":"COPERNICUS/S1_GRD","band":"VV","value":-9.0279,"farmer_unique_id":"155158","site_id":3496},{"date":"2020-04-04","product":"COPERNICUS/S1_GRD","band":"VV","value":-7.3442,"farmer_unique_id":"155158","site_id":3496},{"date":"2020-04-16","product":"COPERNICUS/S1_GRD","band":"VV","value":-13.1569,"farmer_unique_id":"155158","site_id":3496},{"date":"2020-04-28","product":"COPERNICUS/S1_GRD","band":"VV","value":-10.2454,"farmer_unique_id":"155158","site_id":3496},{"date":"2020-05-10","product":"COPERNICUS/S1_GRD","band":"VV","value":-8.6797,"farmer_unique_id":"155158","site_id":3496},{"date":"2020-05-22","product":"COPERNICUS/S1_GRD","band":"VV","value":-10.427,"farmer_unique_id":"155158","site_id":3496},{"date":"2020-06-03","product":"COPERNICUS/S1_GRD","band":"VV","value":-10.1093,"farmer_unique_id":"155158","site_id":3496},{"date":"2020-06-15","product":"COPERNICUS/S1_GRD","band":"VV","value":-9.9205,"farmer_unique_id":"155158","site_id":3496},{"date":"2020-06-27","product":"COPERNICUS/S1_GRD","band":"VV","value":-10.9305,"farmer_unique_id":"155158","site_id":3496},{"date":"2020-07-09","product":"COPERNICUS/S1_GRD","band":"VV","value":-9.1667,"farmer_unique_id":"155158","site_id":3496},{"date":"2020-07-21","product":"COPERNICUS/S1_GRD","band":"VV","value":-10.4119,"farmer_unique_id":"155158","site_id":3496},{"date":"2020-08-02","product":"COPERNICUS/S1_GRD","band":"VV","value":-7.8766,"farmer_unique_id":"155158","site_id":3496},{"date":"2020-08-14","product":"COPERNICUS/S1_GRD","band":"VV","value":-9.362,"farmer_unique_id":"155158","site_id":3496},{"date":"2020-08-26","product":"COPERNICUS/S1_GRD","band":"VV","value":-13.5948,"farmer_unique_id":"155158","site_id":3496},{"date":"2020-09-07","product":"COPERNICUS/S1_GRD","band":"VV","value":-10.6046,"farmer_unique_id":"155158","site_id":3496},{"date":"2020-09-19","product":"COPERNICUS/S1_GRD","band":"VV","value":-9.8589,"farmer_unique_id":"155158","site_id":3496},{"date":"2020-10-01","product":"COPERNICUS/S1_GRD","band":"VV","value":-12.2021,"farmer_unique_id":"155158","site_id":3496},{"date":"2020-10-13","product":"COPERNICUS/S1_GRD","band":"VV","value":-13.0045,"farmer_unique_id":"155158","site_id":3496},{"date":"2020-10-25","product":"COPERNICUS/S1_GRD","band":"VV","value":-11.4497,"farmer_unique_id":"155158","site_id":3496},{"date":"2020-11-06","product":"COPERNICUS/S1_GRD","band":"VV","value":-11.7019,"farmer_unique_id":"155158","site_id":3496},{"date":"2020-11-18","product":"COPERNICUS/S1_GRD","band":"VV","value":-9.5218,"farmer_unique_id":"155158","site_id":3496},{"date":"2020-11-30","product":"COPERNICUS/S1_GRD","band":"VV","value":-9.9451,"farmer_unique_id":"155158","site_id":3496},{"date":"2020-12-12","product":"COPERNICUS/S1_GRD","band":"VV","value":-7.2852,"farmer_unique_id":"155158","site_id":3496},{"date":"2020-12-24","product":"COPERNICUS/S1_GRD","band":"VV","value":-6.6232,"farmer_unique_id":"155158","site_id":3496},{"date":"2021-01-05","product":"COPERNICUS/S1_GRD","band":"VV","value":-9.5618,"farmer_unique_id":"155158","site_id":3496},{"date":"2021-01-17","product":"COPERNICUS/S1_GRD","band":"VV","value":-11.1928,"farmer_unique_id":"155158","site_id":3496},{"date":"2021-01-29","product":"COPERNICUS/S1_GRD","band":"VV","value":-8.7751,"farmer_unique_id":"155158","site_id":3496},{"date":"2021-02-10","product":"COPERNICUS/S1_GRD","band":"VV","value":-5.9846,"farmer_unique_id":"155158","site_id":3496},{"date":"2021-02-22","product":"COPERNICUS/S1_GRD","band":"VV","value":-10.2561,"farmer_unique_id":"155158","site_id":3496},{"date":"2021-03-06","product":"COPERNICUS/S1_GRD","band":"VV","value":-8.6813,"farmer_unique_id":"155158","site_id":3496},{"date":"2021-03-18","product":"COPERNICUS/S1_GRD","band":"VV","value":-11.4258,"farmer_unique_id":"155158","site_id":3496},{"date":"2021-03-30","product":"COPERNICUS/S1_GRD","band":"VV","value":-12.485,"farmer_unique_id":"155158","site_id":3496},{"date":"2021-04-11","product":"COPERNICUS/S1_GRD","band":"VV","value":-11.8092,"farmer_unique_id":"155158","site_id":3496},{"date":"2021-04-23","product":"COPERNICUS/S1_GRD","band":"VV","value":-9.9686,"farmer_unique_id":"155158","site_id":3496},{"date":"2021-05-05","product":"COPERNICUS/S1_GRD","band":"VV","value":-9.97,"farmer_unique_id":"155158","site_id":3496},{"date":"2021-05-17","product":"COPERNICUS/S1_GRD","band":"VV","value":-12.4762,"farmer_unique_id":"155158","site_id":3496},{"date":"2021-05-29","product":"COPERNICUS/S1_GRD","band":"VV","value":-10.241,"farmer_unique_id":"155158","site_id":3496}]
