[{"date":"2020-01-04","product":"COPERNICUS/S1_GRD","band":"VH","value":-17.7742,"farmer_unique_id":"BS019","site_id":1330},{"date":"2020-01-09","product":"COPERNICUS/S1_GRD","band":"VH","value":-13.9624,"farmer_unique_id":"BS019","site_id":1330},{"date":"2020-01-16","product":"COPERNICUS/S1_GRD","band":"VH","value":-16.3385,"farmer_unique_id":"BS019","site_id":1330},{"date":"2020-01-21","product":"COPERNICUS/S1_GRD","band":"VH","value":-16.6271,"farmer_unique_id":"BS019","site_id":1330},{"date":"2020-01-28","product":"COPERNICUS/S1_GRD","band":"VH","value":-14.7986,"farmer_unique_id":"BS019","site_id":1330},{"date":"2020-02-02","product":"COPERNICUS/S1_GRD","band":"VH","value":-16.559,"farmer_unique_id":"BS019","site_id":1330},{"date":"2020-02-09","product":"COPERNICUS/S1_GRD","band":"VH","value":-15.5016,"farmer_unique_id":"BS019","site_id":1330},{"date":"2020-02-14","product":"COPERNICUS/S1_GRD","band":"VH","value":-13.8905,"farmer_unique_id":"BS019","site_id":1330},{"date":"2020-02-21","product":"COPERNICUS/S1_GRD","band":"VH","value":-20.8876,"farmer_unique_id":"BS019","site_id":1330},{"date":"2020-02-26","product":"COPERNICUS/S1_GRD","band":"VH","value":-17.5491,"farmer_unique_id":"BS019","site_id":1330},{"date":"2020-03-04","product":"COPERNICUS/S1_GRD","band":"VH","value":-12.5528,"farmer_unique_id":"BS019","site_id":1330},{"date":"2020-03-09","product":"COPERNICUS/S1_GRD","band":"VH","value":-23.3458,"farmer_unique_id":"BS019","site_id":1330},{"date":"2020-03-16","product":"COPERNICUS/S1_GRD","band":"VH","value":-20.3491,"farmer_unique_id":"BS019","site_id":1330},{"date":"2020-03-21","product":"COPERNICUS/S1_GRD","band":"VH","value":-20.5518,"farmer_unique_id":"BS019","site_id":1330},{"date":"2020-03-28","product":"COPERNICUS/S1_GRD","band":"VH","value":-12.4099,"farmer_unique_id":"BS019","site_id":1330},{"date":"2020-04-02","product":"COPERNICUS/S1_GRD","band":"VH","value":-15.4083,"farmer_unique_id":"BS019","site_id":1330},{"date":"2020-04-09","product":"COPERNICUS/S1_GRD","band":"VH","value":-15.5138,"farmer_unique_id":"BS019","site_id":1330},{"date":"2020-04-14","product":"COPERNICUS/S1_GRD","band":"VH","value":-16.2629,"farmer_unique_id":"BS019","site_id":1330},{"date":"2020-04-21","product":"COPERNICUS/S1_GRD","band":"VH","value":-13.0052,"farmer_unique_id":"BS019","site_id":1330},{"date":"2020-04-26","product":"COPERNICUS/S1_GRD","band":"VH","value":-12.2112,"farmer_unique_id":"BS019","site_id":1330},{"date":"2020-05-03","product":"COPERNICUS/S1_GRD","band":"VH","value":-15.0323,"farmer_unique_id":"BS019","site_id":1330},{"date":"2020-05-08","product":"COPERNICUS/S1_GRD","band":"VH","value":-15.5602,"farmer_unique_id":"BS019","site_id":1330},{"date":"2020-05-15","product":"COPERNICUS/S1_GRD","band":"VH","value":-17.0177,"farmer_unique_id":"BS019","site_id":1330},{"date":"2020-05-20","product":"COPERNICUS/S1_GRD","band":"VH","value":-14.5305,"farmer_unique_id":"BS019","site_id":1330},{"date":"2020-05-27","product":"COPERNICUS/S1_GRD","band":"VH","value":-13.5232,"farmer_unique_id":"BS019","site_id":1330},{"date":"2020-06-01","product":"COPERNICUS/S1_GRD","band":"VH","value":-12.8078,"farmer_unique_id":"BS019","site_id":1330},{"date":"2020-06-08","product":"COPERNICUS/S1_GRD","band":"VH","value":-16.4797,"farmer_unique_id":"BS019","site_id":1330},{"date":"2020-06-13","product":"COPERNICUS/S1_GRD","band":"VH","value":-13.5948,"farmer_unique_id":"BS019","site_id":1330},{"date":"2020-06-20","product":"COPERNICUS/S1_GRD","band":"VH","value":-14.283,"farmer_unique_id":"BS019","site_id":1330},{"date":"2020-06-25","product":"COPERNICUS/S1_GRD","band":"VH","value":-16.8046,"farmer_unique_id":"BS019","site_id":1330},{"date":"2020-07-02","product":"COPERNICUS/S1_GRD","band":"VH","value":-14.4699,"farmer_unique_id":"BS019","site_id":1330},{"date":"2020-07-07","product":"COPERNICUS/S1_GRD","band":"VH","value":-11.6599,"farmer_unique_id":"BS019","site_id":1330},{"date":"2020-07-14","product":"COPERNICUS/S1_GRD","band":"VH","value":-15.3861,"farmer_unique_id":"BS019","site_id":1330},{"date":"2020-07-19","product":"COPERNICUS/S1_GRD","band":"VH","value":-14.6256,"farmer_unique_id":"BS019","site_id":1330},{"date":"2020-07-26","product":"COPERNICUS/S1_GRD","band":"VH","value":-16.105,"farmer_unique_id":"BS019","site_id":1330},{"date":"2020-07-31","product":"COPERNICUS/S1_GRD","band":"VH","value":-15.3476,"farmer_unique_id":"BS019","site_id":1330},{"date":"2020-08-07","product":"COPERNICUS/S1_GRD","band":"VH","value":-19.3037,"farmer_unique_id":"BS019","site_id":1330},{"date":"2020-08-12","product":"COPERNICUS/S1_GRD","band":"VH","farmer_unique_id":"BS019","site_id":1330},{"date":"2020-08-19","product":"COPERNICUS/S1_GRD","band":"VH","value":-21.9325,"farmer_unique_id":"BS019","site_id":1330},{"date":"2020-08-24","product":"COPERNICUS/S1_GRD","band":"VH","value":-15.2053,"farmer_unique_id":"BS019","site_id":1330},{"date":"2020-08-31","product":"COPERNICUS/S1_GRD","band":"VH","value":-10.2487,"farmer_unique_id":"BS019","site_id":1330},{"date":"2020-09-05","product":"COPERNICUS/S1_GRD","band":"VH","value":-15.0152,"farmer_unique_id":"BS019","site_id":1330},{"date":"2020-09-12","product":"COPERNICUS/S1_GRD","band":"VH","value":-13.8162,"farmer_unique_id":"BS019","site_id":1330},{"date":"2020-09-17","product":"COPERNICUS/S1_GRD","band":"VH","value":-17.8602,"farmer_unique_id":"BS019","site_id":1330},{"date":"2020-09-24","product":"COPERNICUS/S1_GRD","band":"VH","value":-19.4737,"farmer_unique_id":"BS019","site_id":1330},{"date":"2020-09-29","product":"COPERNICUS/S1_GRD","band":"VH","value":-15.4183,"farmer_unique_id":"BS019","site_id":1330},{"date":"2020-10-06","product":"COPERNICUS/S1_GRD","band":"VH","value":-16.3966,"farmer_unique_id":"BS019","site_id":1330},{"date":"2020-10-11","product":"COPERNICUS/S1_GRD","band":"VH","value":-19.0229,"farmer_unique_id":"BS019","site_id":1330},{"date":"2020-10-18","product":"COPERNICUS/S1_GRD","band":"VH","value":-12.9665,"farmer_unique_id":"BS019","site_id":1330},{"date":"2020-10-23","product":"COPERNICUS/S1_GRD","band":"VH","value":-14.4247,"farmer_unique_id":"BS019","site_id":1330},{"date":"2020-10-30","product":"COPERNICUS/S1_GRD","band":"VH","value":-14.4369,"farmer_unique_id":"BS019","site_id":1330},{"date":"2020-11-04","product":"COPERNICUS/S1_GRD","band":"VH","value":-14.3943,"farmer_unique_id":"BS019","site_id":1330},{"date":"2020-11-11","product":"COPERNICUS/S1_GRD","band":"VH","value":-16.4301,"farmer_unique_id":"BS019","site_id":1330},{"date":"2020-11-16","product":"COPERNICUS/S1_GRD","band":"VH","value":-14.4651,"farmer_unique_id":"BS019","site_id":1330},{"date":"2020-11-23","product":"COPERNICUS/S1_GRD","band":"VH","value":-15.4515,"farmer_unique_id":"BS019","site_id":1330},{"date":"2020-11-28","product":"COPERNICUS/S1_GRD","band":"VH","value":-16.1959,"farmer_unique_id":"BS019","site_id":1330},{"date":"2020-12-05","product":"COPERNICUS/S1_GRD","band":"VH","value":-14.5183,"farmer_unique_id":"BS019","site_id":1330},{"date":"2020-12-10","product":"COPERNICUS/S1_GRD","band":"VH","value":-13.6383,"farmer_unique_id":"BS019","site_id":1330},{"date":"2020-12-17","product":"COPERNICUS/S1_GRD","band":"VH","value":-17.0326,"farmer_unique_id":"BS019","site_id":1330},{"date":"2020-12-22","product":"COPERNICUS/S1_GRD","band":"VH","value":-21.6289,"farmer_unique_id":"BS019","site_id":1330},{"date":"2020-12-29","product":"COPERNICUS/S1_GRD","band":"VH","value":-16.3097,"farmer_unique_id":"BS019","site_id":1330},{"date":"2021-01-03","product":"COPERNICUS/S1_GRD","band":"VH","value":-16.9488,"farmer_unique_id":"BS019","site_id":1330},{"date":"2021-01-10","product":"COPERNICUS/S1_GRD","band":"VH","value":-13.8598,"farmer_unique_id":"BS019","site_id":1330},{"date":"2021-01-15","product":"COPERNICUS/S1_GRD","band":"VH","value":-16.7463,"farmer_unique_id":"BS019","site_id":1330},{"date":"2021-01-22","product":"COPERNICUS/S1_GRD","band":"VH","value":-18.7314,"farmer_unique_id":"BS019","site_id":1330},{"date":"2021-01-27","product":"COPERNICUS/S1_GRD","band":"VH","value":-15.5962,"farmer_unique_id":"BS019","site_id":1330},{"date":"2021-02-03","product":"COPERNICUS/S1_GRD","band":"VH","value":-13.1705,"farmer_unique_id":"BS019","site_id":1330},{"date":"2021-02-08","product":"COPERNICUS/S1_GRD","band":"VH","value":-16.2062,"farmer_unique_id":"BS019","site_id":1330},{"date":"2021-02-15","product":"COPERNICUS/S1_GRD","band":"VH","value":-15.6977,"farmer_unique_id":"BS019","site_id":1330},{"date":"2021-02-20","product":"COPERNICUS/S1_GRD","band":"VH","value":-18.0896,"farmer_unique_id":"BS019","site_id":1330},{"date":"2021-02-27","product":"COPERNICUS/S1_GRD","band":"VH","value":-19.2539,"farmer_unique_id":"BS019","site_id":1330},{"date":"2021-03-04","product":"COPERNICUS/S1_GRD","band":"VH","value":-15.5623,"farmer_unique_id":"BS019","site_id":1330},{"date":"2021-03-11","product":"COPERNICUS/S1_GRD","band":"VH","value":-18.4497,"farmer_unique_id":"BS019","site_id":1330},{"date":"2021-03-16","product":"COPERNICUS/S1_GRD","band":"VH","value":-17.2512,"farmer_unique_id":"BS019","site_id":1330},{"date":"2021-03-23","product":"COPERNICUS/S1_GRD","band":"VH","value":-16.4561,"farmer_unique_id":"BS019","site_id":1330},{"date":"2021-03-28","product":"COPERNICUS/S1_GRD","band":"VH","value":-21.5022,"farmer_unique_id":"BS019","site_id":1330},{"date":"2021-04-04","product":"COPERNICUS/S1_GRD","band":"VH","value":-19.3745,"farmer_unique_id":"BS019","site_id":1330},{"date":"2021-04-09","product":"COPERNICUS/S1_GRD","band":"VH","value":-17.4373,"farmer_unique_id":"BS019","site_id":1330},{"date":"2021-04-16","product":"COPERNICUS/S1_GRD","band":"VH","value":-20.2078,"farmer_unique_id":"BS019","site_id":1330},{"date":"2021-04-21","product":"COPERNICUS/S1_GRD","band":"VH","value":-15.7921,"farmer_unique_id":"BS019","site_id":1330},{"date":"2021-04-28","product":"COPERNICUS/S1_GRD","band":"VH","value":-17.0023,"farmer_unique_id":"BS019","site_id":1330},{"date":"2021-05-03","product":"COPERNICUS/S1_GRD","band":"VH","value":-15.6925,"farmer_unique_id":"BS019","site_id":1330},{"date":"2021-05-10","product":"COPERNICUS/S1_GRD","band":"VH","value":-15.2388,"farmer_unique_id":"BS019","site_id":1330},{"date":"2021-05-15","product":"COPERNICUS/S1_GRD","band":"VH","value":-16.2922,"farmer_unique_id":"BS019","site_id":1330},{"date":"2021-05-22","product":"COPERNICUS/S1_GRD","band":"VH","value":-16.0064,"farmer_unique_id":"BS019","site_id":1330},{"date":"2021-05-27","product":"COPERNICUS/S1_GRD","band":"VH","value":-13.4277,"farmer_unique_id":"BS019","site_id":1330},{"date":"2020-01-04","product":"COPERNICUS/S1_GRD","band":"VV","value":-10.4202,"farmer_unique_id":"BS019","site_id":1330},{"date":"2020-01-09","product":"COPERNICUS/S1_GRD","band":"VV","value":-10.0908,"farmer_unique_id":"BS019","site_id":1330},{"date":"2020-01-16","product":"COPERNICUS/S1_GRD","band":"VV","value":-9.3832,"farmer_unique_id":"BS019","site_id":1330},{"date":"2020-01-21","product":"COPERNICUS/S1_GRD","band":"VV","value":-10.6311,"farmer_unique_id":"BS019","site_id":1330},{"date":"2020-01-28","product":"COPERNICUS/S1_GRD","band":"VV","value":-4.8455,"farmer_unique_id":"BS019","site_id":1330},{"date":"2020-02-02","product":"COPERNICUS/S1_GRD","band":"VV","value":-9.7645,"farmer_unique_id":"BS019","site_id":1330},{"date":"2020-02-09","product":"COPERNICUS/S1_GRD","band":"VV","value":-11.172,"farmer_unique_id":"BS019","site_id":1330},{"date":"2020-02-14","product":"COPERNICUS/S1_GRD","band":"VV","value":-9.5827,"farmer_unique_id":"BS019","site_id":1330},{"date":"2020-02-21","product":"COPERNICUS/S1_GRD","band":"VV","value":-9.5784,"farmer_unique_id":"BS019","site_id":1330},{"date":"2020-02-26","product":"COPERNICUS/S1_GRD","band":"VV","value":-14.9313,"farmer_unique_id":"BS019","site_id":1330},{"date":"2020-03-04","product":"COPERNICUS/S1_GRD","band":"VV","value":-4.2296,"farmer_unique_id":"BS019","site_id":1330},{"date":"2020-03-09","product":"COPERNICUS/S1_GRD","band":"VV","value":-10.0702,"farmer_unique_id":"BS019","site_id":1330},{"date":"2020-03-16","product":"COPERNICUS/S1_GRD","band":"VV","value":-10.2138,"farmer_unique_id":"BS019","site_id":1330},{"date":"2020-03-21","product":"COPERNICUS/S1_GRD","band":"VV","value":-9.8734,"farmer_unique_id":"BS019","site_id":1330},{"date":"2020-03-28","product":"COPERNICUS/S1_GRD","band":"VV","value":-6.4467,"farmer_unique_id":"BS019","site_id":1330},{"date":"2020-04-02","product":"COPERNICUS/S1_GRD","band":"VV","value":-10.0573,"farmer_unique_id":"BS019","site_id":1330},{"date":"2020-04-09","product":"COPERNICUS/S1_GRD","band":"VV","value":-7.6388,"farmer_unique_id":"BS019","site_id":1330},{"date":"2020-04-14","product":"COPERNICUS/S1_GRD","band":"VV","value":-11.4748,"farmer_unique_id":"BS019","site_id":1330},{"date":"2020-04-21","product":"COPERNICUS/S1_GRD","band":"VV","value":-8.1622,"farmer_unique_id":"BS019","site_id":1330},{"date":"2020-04-26","product":"COPERNICUS/S1_GRD","band":"VV","value":-7.0532,"farmer_unique_id":"BS019","site_id":1330},{"date":"2020-05-03","product":"COPERNICUS/S1_GRD","band":"VV","value":-11.7826,"farmer_unique_id":"BS019","site_id":1330},{"date":"2020-05-08","product":"COPERNICUS/S1_GRD","band":"VV","value":-8.2482,"farmer_unique_id":"BS019","site_id":1330},{"date":"2020-05-15","product":"COPERNICUS/S1_GRD","band":"VV","value":-7.9844,"farmer_unique_id":"BS019","site_id":1330},{"date":"2020-05-20","product":"COPERNICUS/S1_GRD","band":"VV","value":-9.8433,"farmer_unique_id":"BS019","site_id":1330},{"date":"2020-05-27","product":"COPERNICUS/S1_GRD","band":"VV","value":-6.0657,"farmer_unique_id":"BS019","site_id":1330},{"date":"2020-06-01","product":"COPERNICUS/S1_GRD","band":"VV","value":-8.8148,"farmer_unique_id":"BS019","site_id":1330},{"date":"2020-06-08","product":"COPERNICUS/S1_GRD","band":"VV","value":-5.6568,"farmer_unique_id":"BS019","site_id":1330},{"date":"2020-06-13","product":"COPERNICUS/S1_GRD","band":"VV","value":-7.6789,"farmer_unique_id":"BS019","site_id":1330},{"date":"2020-06-20","product":"COPERNICUS/S1_GRD","band":"VV","value":-5.2699,"farmer_unique_id":"BS019","site_id":1330},{"date":"2020-06-25","product":"COPERNICUS/S1_GRD","band":"VV","value":-11.5729,"farmer_unique_id":"BS019","site_id":1330},{"date":"2020-07-02","product":"COPERNICUS/S1_GRD","band":"VV","value":-11.0791,"farmer_unique_id":"BS019","site_id":1330},{"date":"2020-07-07","product":"COPERNICUS/S1_GRD","band":"VV","value":-10.7887,"farmer_unique_id":"BS019","site_id":1330},{"date":"2020-07-14","product":"COPERNICUS/S1_GRD","band":"VV","value":-12.8263,"farmer_unique_id":"BS019","site_id":1330},{"date":"2020-07-19","product":"COPERNICUS/S1_GRD","band":"VV","value":-8.9702,"farmer_unique_id":"BS019","site_id":1330},{"date":"2020-07-26","product":"COPERNICUS/S1_GRD","band":"VV","value":-8.433,"farmer_unique_id":"BS019","site_id":1330},{"date":"2020-07-31","product":"COPERNICUS/S1_GRD","band":"VV","value":-10.5706,"farmer_unique_id":"BS019","site_id":1330},{"date":"2020-08-07","product":"COPERNICUS/S1_GRD","band":"VV","value":-9.5559,"farmer_unique_id":"BS019","site_id":1330},{"date":"2020-08-12","product":"COPERNICUS/S1_GRD","band":"VV","value":-12.183,"farmer_unique_id":"BS019","site_id":1330},{"date":"2020-08-19","product":"COPERNICUS/S1_GRD","band":"VV","value":-8.879,"farmer_unique_id":"BS019","site_id":1330},{"date":"2020-08-24","product":"COPERNICUS/S1_GRD","band":"VV","value":-6.4574,"farmer_unique_id":"BS019","site_id":1330},{"date":"2020-08-31","product":"COPERNICUS/S1_GRD","band":"VV","value":-6.3897,"farmer_unique_id":"BS019","site_id":1330},{"date":"2020-09-05","product":"COPERNICUS/S1_GRD","band":"VV","value":-10.5483,"farmer_unique_id":"BS019","site_id":1330},{"date":"2020-09-12","product":"COPERNICUS/S1_GRD","band":"VV","value":-6.5164,"farmer_unique_id":"BS019","site_id":1330},{"date":"2020-09-17","product":"COPERNICUS/S1_GRD","band":"VV","value":-11.5641,"farmer_unique_id":"BS019","site_id":1330},{"date":"2020-09-24","product":"COPERNICUS/S1_GRD","band":"VV","value":-8.0855,"farmer_unique_id":"BS019","site_id":1330},{"date":"2020-09-29","product":"COPERNICUS/S1_GRD","band":"VV","value":-11.3489,"farmer_unique_id":"BS019","site_id":1330},{"date":"2020-10-06","product":"COPERNICUS/S1_GRD","band":"VV","value":-6.4214,"farmer_unique_id":"BS019","site_id":1330},{"date":"2020-10-11","product":"COPERNICUS/S1_GRD","band":"VV","value":-10.4351,"farmer_unique_id":"BS019","site_id":1330},{"date":"2020-10-18","product":"COPERNICUS/S1_GRD","band":"VV","value":-6.7523,"farmer_unique_id":"BS019","site_id":1330},{"date":"2020-10-23","product":"COPERNICUS/S1_GRD","band":"VV","value":-10.3329,"farmer_unique_id":"BS019","site_id":1330},{"date":"2020-10-30","product":"COPERNICUS/S1_GRD","band":"VV","value":-7.4524,"farmer_unique_id":"BS019","site_id":1330},{"date":"2020-11-04","product":"COPERNICUS/S1_GRD","band":"VV","value":-8.9903,"farmer_unique_id":"BS019","site_id":1330},{"date":"2020-11-11","product":"COPERNICUS/S1_GRD","band":"VV","value":-9.0484,"farmer_unique_id":"BS019","site_id":1330},{"date":"2020-11-16","product":"COPERNICUS/S1_GRD","band":"VV","value":-10.4908,"farmer_unique_id":"BS019","site_id":1330},{"date":"2020-11-23","product":"COPERNICUS/S1_GRD","band":"VV","value":-11.1318,"farmer_unique_id":"BS019","site_id":1330},{"date":"2020-11-28","product":"COPERNICUS/S1_GRD","band":"VV","value":-7.2665,"farmer_unique_id":"BS019","site_id":1330},{"date":"2020-12-05","product":"COPERNICUS/S1_GRD","band":"VV","value":-10.6542,"farmer_unique_id":"BS019","site_id":1330},{"date":"2020-12-10","product":"COPERNICUS/S1_GRD","band":"VV","value":-8.9049,"farmer_unique_id":"BS019","site_id":1330},{"date":"2020-12-17","product":"COPERNICUS/S1_GRD","band":"VV","value":-10.3817,"farmer_unique_id":"BS019","site_id":1330},{"date":"2020-12-22","product":"COPERNICUS/S1_GRD","band":"VV","value":-9.3138,"farmer_unique_id":"BS019","site_id":1330},{"date":"2020-12-29","product":"COPERNICUS/S1_GRD","band":"VV","value":-8.2105,"farmer_unique_id":"BS019","site_id":1330},{"date":"2021-01-03","product":"COPERNICUS/S1_GRD","band":"VV","value":-6.7422,"farmer_unique_id":"BS019","site_id":1330},{"date":"2021-01-10","product":"COPERNICUS/S1_GRD","band":"VV","value":-7.7455,"farmer_unique_id":"BS019","site_id":1330},{"date":"2021-01-15","product":"COPERNICUS/S1_GRD","band":"VV","value":-11.4603,"farmer_unique_id":"BS019","site_id":1330},{"date":"2021-01-22","product":"COPERNICUS/S1_GRD","band":"VV","value":-7.5908,"farmer_unique_id":"BS019","site_id":1330},{"date":"2021-01-27","product":"COPERNICUS/S1_GRD","band":"VV","value":-11.3781,"farmer_unique_id":"BS019","site_id":1330},{"date":"2021-02-03","product":"COPERNICUS/S1_GRD","band":"VV","value":-9.9742,"farmer_unique_id":"BS019","site_id":1330},{"date":"2021-02-08","product":"COPERNICUS/S1_GRD","band":"VV","value":-9.0319,"farmer_unique_id":"BS019","site_id":1330},{"date":"2021-02-15","product":"COPERNICUS/S1_GRD","band":"VV","value":-9.7612,"farmer_unique_id":"BS019","site_id":1330},{"date":"2021-02-20","product":"COPERNICUS/S1_GRD","band":"VV","value":-11.8468,"farmer_unique_id":"BS019","site_id":1330},{"date":"2021-02-27","product":"COPERNICUS/S1_GRD","band":"VV","value":-10.8988,"farmer_unique_id":"BS019","site_id":1330},{"date":"2021-03-04","product":"COPERNICUS/S1_GRD","band":"VV","value":-10.3888,"farmer_unique_id":"BS019","site_id":1330},{"date":"2021-03-11","product":"COPERNICUS/S1_GRD","band":"VV","value":-5.9172,"farmer_unique_id":"BS019","site_id":1330},{"date":"2021-03-16","product":"COPERNICUS/S1_GRD","band":"VV","value":-8.2976,"farmer_unique_id":"BS019","site_id":1330},{"date":"2021-03-23","product":"COPERNICUS/S1_GRD","band":"VV","value":-5.9167,"farmer_unique_id":"BS019","site_id":1330},{"date":"2021-03-28","product":"COPERNICUS/S1_GRD","band":"VV","value":-11.4214,"farmer_unique_id":"BS019","site_id":1330},{"date":"2021-04-04","product":"COPERNICUS/S1_GRD","band":"VV","value":-7.725,"farmer_unique_id":"BS019","site_id":1330},{"date":"2021-04-09","product":"COPERNICUS/S1_GRD","band":"VV","value":-10.0068,"farmer_unique_id":"BS019","site_id":1330},{"date":"2021-04-16","product":"COPERNICUS/S1_GRD","band":"VV","value":-9.2609,"farmer_unique_id":"BS019","site_id":1330},{"date":"2021-04-21","product":"COPERNICUS/S1_GRD","band":"VV","value":-7.7068,"farmer_unique_id":"BS019","site_id":1330},{"date":"2021-04-28","product":"COPERNICUS/S1_GRD","band":"VV","value":-7.5282,"farmer_unique_id":"BS019","site_id":1330},{"date":"2021-05-03","product":"COPERNICUS/S1_GRD","band":"VV","value":-14.1171,"farmer_unique_id":"BS019","site_id":1330},{"date":"2021-05-10","product":"COPERNICUS/S1_GRD","band":"VV","value":-10.1483,"farmer_unique_id":"BS019","site_id":1330},{"date":"2021-05-15","product":"COPERNICUS/S1_GRD","band":"VV","value":-9.646,"farmer_unique_id":"BS019","site_id":1330},{"date":"2021-05-22","product":"COPERNICUS/S1_GRD","band":"VV","value":-7.9397,"farmer_unique_id":"BS019","site_id":1330},{"date":"2021-05-27","product":"COPERNICUS/S1_GRD","band":"VV","value":-8.0287,"farmer_unique_id":"BS019","site_id":1330}]
