[{"date":"2020-01-11","product":"COPERNICUS/S1_GRD","band":"VH","value":-18.3035,"farmer_unique_id":"2497752","site_id":4454},{"date":"2020-01-23","product":"COPERNICUS/S1_GRD","band":"VH","value":-17.6348,"farmer_unique_id":"2497752","site_id":4454},{"date":"2020-02-04","product":"COPERNICUS/S1_GRD","band":"VH","value":-16.0095,"farmer_unique_id":"2497752","site_id":4454},{"date":"2020-02-16","product":"COPERNICUS/S1_GRD","band":"VH","value":-16.038,"farmer_unique_id":"2497752","site_id":4454},{"date":"2020-02-28","product":"COPERNICUS/S1_GRD","band":"VH","value":-21.5883,"farmer_unique_id":"2497752","site_id":4454},{"date":"2020-03-11","product":"COPERNICUS/S1_GRD","band":"VH","value":-17.4486,"farmer_unique_id":"2497752","site_id":4454},{"date":"2020-03-23","product":"COPERNICUS/S1_GRD","band":"VH","value":-15.19,"farmer_unique_id":"2497752","site_id":4454},{"date":"2020-04-04","product":"COPERNICUS/S1_GRD","band":"VH","value":-13.6505,"farmer_unique_id":"2497752","site_id":4454},{"date":"2020-04-16","product":"COPERNICUS/S1_GRD","band":"VH","value":-16.2733,"farmer_unique_id":"2497752","site_id":4454},{"date":"2020-04-28","product":"COPERNICUS/S1_GRD","band":"VH","value":-16.9795,"farmer_unique_id":"2497752","site_id":4454},{"date":"2020-05-10","product":"COPERNICUS/S1_GRD","band":"VH","value":-15.5165,"farmer_unique_id":"2497752","site_id":4454},{"date":"2020-05-22","product":"COPERNICUS/S1_GRD","band":"VH","value":-13.7834,"farmer_unique_id":"2497752","site_id":4454},{"date":"2020-06-03","product":"COPERNICUS/S1_GRD","band":"VH","value":-14.9634,"farmer_unique_id":"2497752","site_id":4454},{"date":"2020-06-15","product":"COPERNICUS/S1_GRD","band":"VH","value":-13.4051,"farmer_unique_id":"2497752","site_id":4454},{"date":"2020-06-27","product":"COPERNICUS/S1_GRD","band":"VH","value":-16.4442,"farmer_unique_id":"2497752","site_id":4454},{"date":"2020-07-09","product":"COPERNICUS/S1_GRD","band":"VH","value":-11.4564,"farmer_unique_id":"2497752","site_id":4454},{"date":"2020-07-21","product":"COPERNICUS/S1_GRD","band":"VH","value":-15.2302,"farmer_unique_id":"2497752","site_id":4454},{"date":"2020-08-02","product":"COPERNICUS/S1_GRD","band":"VH","value":-17.6761,"farmer_unique_id":"2497752","site_id":4454},{"date":"2020-08-14","product":"COPERNICUS/S1_GRD","band":"VH","value":-14.4801,"farmer_unique_id":"2497752","site_id":4454},{"date":"2020-08-26","product":"COPERNICUS/S1_GRD","band":"VH","value":-15.9407,"farmer_unique_id":"2497752","site_id":4454},{"date":"2020-09-07","product":"COPERNICUS/S1_GRD","band":"VH","value":-18.8049,"farmer_unique_id":"2497752","site_id":4454},{"date":"2020-09-19","product":"COPERNICUS/S1_GRD","band":"VH","value":-17.0501,"farmer_unique_id":"2497752","site_id":4454},{"date":"2020-10-01","product":"COPERNICUS/S1_GRD","band":"VH","value":-18.0653,"farmer_unique_id":"2497752","site_id":4454},{"date":"2020-10-13","product":"COPERNICUS/S1_GRD","band":"VH","value":-19.7039,"farmer_unique_id":"2497752","site_id":4454},{"date":"2020-10-25","product":"COPERNICUS/S1_GRD","band":"VH","value":-14.151,"farmer_unique_id":"2497752","site_id":4454},{"date":"2020-11-06","product":"COPERNICUS/S1_GRD","band":"VH","value":-17.478,"farmer_unique_id":"2497752","site_id":4454},{"date":"2020-11-18","product":"COPERNICUS/S1_GRD","band":"VH","value":-18.7747,"farmer_unique_id":"2497752","site_id":4454},{"date":"2020-11-30","product":"COPERNICUS/S1_GRD","band":"VH","value":-15.2418,"farmer_unique_id":"2497752","site_id":4454},{"date":"2020-12-12","product":"COPERNICUS/S1_GRD","band":"VH","value":-19.792,"farmer_unique_id":"2497752","site_id":4454},{"date":"2020-12-24","product":"COPERNICUS/S1_GRD","band":"VH","value":-18.2427,"farmer_unique_id":"2497752","site_id":4454},{"date":"2021-01-05","product":"COPERNICUS/S1_GRD","band":"VH","value":-14.5766,"farmer_unique_id":"2497752","site_id":4454},{"date":"2021-01-17","product":"COPERNICUS/S1_GRD","band":"VH","value":-15.2042,"farmer_unique_id":"2497752","site_id":4454},{"date":"2021-01-29","product":"COPERNICUS/S1_GRD","band":"VH","value":-16.1402,"farmer_unique_id":"2497752","site_id":4454},{"date":"2021-02-10","product":"COPERNICUS/S1_GRD","band":"VH","value":-16.4392,"farmer_unique_id":"2497752","site_id":4454},{"date":"2021-02-22","product":"COPERNICUS/S1_GRD","band":"VH","value":-19.7666,"farmer_unique_id":"2497752","site_id":4454},{"date":"2021-03-06","product":"COPERNICUS/S1_GRD","band":"VH","value":-18.3475,"farmer_unique_id":"2497752","site_id":4454},{"date":"2021-03-18","product":"COPERNICUS/S1_GRD","band":"VH","value":-15.2657,"farmer_unique_id":"2497752","site_id":4454},{"date":"2021-03-30","product":"COPERNICUS/S1_GRD","band":"VH","value":-15.055,"farmer_unique_id":"2497752","site_id":4454},{"date":"2021-04-11","product":"COPERNICUS/S1_GRD","band":"VH","value":-16.3697,"farmer_unique_id":"2497752","site_id":4454},{"date":"2021-04-23","product":"COPERNICUS/S1_GRD","band":"VH","value":-15.2072,"farmer_unique_id":"2497752","site_id":4454},{"date":"2021-05-05","product":"COPERNICUS/S1_GRD","band":"VH","value":-13.3525,"farmer_unique_id":"2497752","site_id":4454},{"date":"2021-05-17","product":"COPERNICUS/S1_GRD","band":"VH","value":-21.377,"farmer_unique_id":"2497752","site_id":4454},{"date":"2021-05-29","product":"COPERNICUS/S1_GRD","band":"VH","value":-15.233,"farmer_unique_id":"2497752","site_id":4454},{"date":"2020-01-11","product":"COPERNICUS/S1_GRD","band":"VV","value":-7.287,"farmer_unique_id":"2497752","site_id":4454},{"date":"2020-01-23","product":"COPERNICUS/S1_GRD","band":"VV","value":-10.9337,"farmer_unique_id":"2497752","site_id":4454},{"date":"2020-02-04","product":"COPERNICUS/S1_GRD","band":"VV","value":-10.5421,"farmer_unique_id":"2497752","site_id":4454},{"date":"2020-02-16","product":"COPERNICUS/S1_GRD","band":"VV","value":-11.3918,"farmer_unique_id":"2497752","site_id":4454},{"date":"2020-02-28","product":"COPERNICUS/S1_GRD","band":"VV","value":-10.3053,"farmer_unique_id":"2497752","site_id":4454},{"date":"2020-03-11","product":"COPERNICUS/S1_GRD","band":"VV","value":-8.5059,"farmer_unique_id":"2497752","site_id":4454},{"date":"2020-03-23","product":"COPERNICUS/S1_GRD","band":"VV","value":-10.4673,"farmer_unique_id":"2497752","site_id":4454},{"date":"2020-04-04","product":"COPERNICUS/S1_GRD","band":"VV","value":-12.5729,"farmer_unique_id":"2497752","site_id":4454},{"date":"2020-04-16","product":"COPERNICUS/S1_GRD","band":"VV","value":-9.6627,"farmer_unique_id":"2497752","site_id":4454},{"date":"2020-04-28","product":"COPERNICUS/S1_GRD","band":"VV","value":-15.0697,"farmer_unique_id":"2497752","site_id":4454},{"date":"2020-05-10","product":"COPERNICUS/S1_GRD","band":"VV","value":-12.0317,"farmer_unique_id":"2497752","site_id":4454},{"date":"2020-05-22","product":"COPERNICUS/S1_GRD","band":"VV","value":-7.9051,"farmer_unique_id":"2497752","site_id":4454},{"date":"2020-06-03","product":"COPERNICUS/S1_GRD","band":"VV","value":-11.4514,"farmer_unique_id":"2497752","site_id":4454},{"date":"2020-06-15","product":"COPERNICUS/S1_GRD","band":"VV","value":-13.1579,"farmer_unique_id":"2497752","site_id":4454},{"date":"2020-06-27","product":"COPERNICUS/S1_GRD","band":"VV","value":-13.2573,"farmer_unique_id":"2497752","site_id":4454},{"date":"2020-07-09","product":"COPERNICUS/S1_GRD","band":"VV","value":-10.3485,"farmer_unique_id":"2497752","site_id":4454},{"date":"2020-07-21","product":"COPERNICUS/S1_GRD","band":"VV","value":-11.5341,"farmer_unique_id":"2497752","site_id":4454},{"date":"2020-08-02","product":"COPERNICUS/S1_GRD","band":"VV","value":-12.4538,"farmer_unique_id":"2497752","site_id":4454},{"date":"2020-08-14","product":"COPERNICUS/S1_GRD","band":"VV","value":-15.0974,"farmer_unique_id":"2497752","site_id":4454},{"date":"2020-08-26","product":"COPERNICUS/S1_GRD","band":"VV","value":-13.36,"farmer_unique_id":"2497752","site_id":4454},{"date":"2020-09-07","product":"COPERNICUS/S1_GRD","band":"VV","value":-6.8874,"farmer_unique_id":"2497752","site_id":4454},{"date":"2020-09-19","product":"COPERNICUS/S1_GRD","band":"VV","value":-13.4511,"farmer_unique_id":"2497752","site_id":4454},{"date":"2020-10-01","product":"COPERNICUS/S1_GRD","band":"VV","value":-15.4356,"farmer_unique_id":"2497752","site_id":4454},{"date":"2020-10-13","product":"COPERNICUS/S1_GRD","band":"VV","value":-9.7104,"farmer_unique_id":"2497752","site_id":4454},{"date":"2020-10-25","product":"COPERNICUS/S1_GRD","band":"VV","value":-9.58,"farmer_unique_id":"2497752","site_id":4454},{"date":"2020-11-06","product":"COPERNICUS/S1_GRD","band":"VV","value":-5.9917,"farmer_unique_id":"2497752","site_id":4454},{"date":"2020-11-18","product":"COPERNICUS/S1_GRD","band":"VV","value":-11.6448,"farmer_unique_id":"2497752","site_id":4454},{"date":"2020-11-30","product":"COPERNICUS/S1_GRD","band":"VV","value":-7.8635,"farmer_unique_id":"2497752","site_id":4454},{"date":"2020-12-12","product":"COPERNICUS/S1_GRD","band":"VV","value":-8.7072,"farmer_unique_id":"2497752","site_id":4454},{"date":"2020-12-24","product":"COPERNICUS/S1_GRD","band":"VV","value":-9.1689,"farmer_unique_id":"2497752","site_id":4454},{"date":"2021-01-05","product":"COPERNICUS/S1_GRD","band":"VV","value":-10.5113,"farmer_unique_id":"2497752","site_id":4454},{"date":"2021-01-17","product":"COPERNICUS/S1_GRD","band":"VV","value":-14.4275,"farmer_unique_id":"2497752","site_id":4454},{"date":"2021-01-29","product":"COPERNICUS/S1_GRD","band":"VV","value":-11.6116,"farmer_unique_id":"2497752","site_id":4454},{"date":"2021-02-10","product":"COPERNICUS/S1_GRD","band":"VV","value":-7.5399,"farmer_unique_id":"2497752","site_id":4454},{"date":"2021-02-22","product":"COPERNICUS/S1_GRD","band":"VV","value":-11.884,"farmer_unique_id":"2497752","site_id":4454},{"date":"2021-03-06","product":"COPERNICUS/S1_GRD","band":"VV","value":-11.319,"farmer_unique_id":"2497752","site_id":4454},{"date":"2021-03-18","product":"COPERNICUS/S1_GRD","band":"VV","value":-12.6387,"farmer_unique_id":"2497752","site_id":4454},{"date":"2021-03-30","product":"COPERNICUS/S1_GRD","band":"VV","value":-10.6474,"farmer_unique_id":"2497752","site_id":4454},{"date":"2021-04-11","product":"COPERNICUS/S1_GRD","band":"VV","value":-8.9861,"farmer_unique_id":"2497752","site_id":4454},{"date":"2021-04-23","product":"COPERNICUS/S1_GRD","band":"VV","value":-10.6934,"farmer_unique_id":"2497752","site_id":4454},{"date":"2021-05-05","product":"COPERNICUS/S1_GRD","band":"VV","value":-11.889,"farmer_unique_id":"2497752","site_id":4454},{"date":"2021-05-17","product":"COPERNICUS/S1_GRD","band":"VV","value":-8.7763,"farmer_unique_id":"2497752","site_id":4454},{"date":"2021-05-29","product":"COPERNICUS/S1_GRD","band":"VV","value":-10.8556,"farmer_unique_id":"2497752","site_id":4454}]
