[{"date":"2020-01-09","product":"COPERNICUS/S1_GRD","band":"VH","value":-15.8003,"farmer_unique_id":"453553","site_id":1576},{"date":"2020-01-21","product":"COPERNICUS/S1_GRD","band":"VH","value":-20.5075,"farmer_unique_id":"453553","site_id":1576},{"date":"2020-02-02","product":"COPERNICUS/S1_GRD","band":"VH","value":-13.3723,"farmer_unique_id":"453553","site_id":1576},{"date":"2020-02-14","product":"COPERNICUS/S1_GRD","band":"VH","value":-16.4722,"farmer_unique_id":"453553","site_id":1576},{"date":"2020-02-26","product":"COPERNICUS/S1_GRD","band":"VH","value":-15.5067,"farmer_unique_id":"453553","site_id":1576},{"date":"2020-03-09","product":"COPERNICUS/S1_GRD","band":"VH","value":-17.0853,"farmer_unique_id":"453553","site_id":1576},{"date":"2020-03-21","product":"COPERNICUS/S1_GRD","band":"VH","value":-14.5527,"farmer_unique_id":"453553","site_id":1576},{"date":"2020-04-02","product":"COPERNICUS/S1_GRD","band":"VH","value":-15.186,"farmer_unique_id":"453553","site_id":1576},{"date":"2020-04-14","product":"COPERNICUS/S1_GRD","band":"VH","value":-15.1791,"farmer_unique_id":"453553","site_id":1576},{"date":"2020-04-26","product":"COPERNICUS/S1_GRD","band":"VH","value":-12.7701,"farmer_unique_id":"453553","site_id":1576},{"date":"2020-05-08","product":"COPERNICUS/S1_GRD","band":"VH","value":-16.69,"farmer_unique_id":"453553","site_id":1576},{"date":"2020-05-20","product":"COPERNICUS/S1_GRD","band":"VH","value":-16.8761,"farmer_unique_id":"453553","site_id":1576},{"date":"2020-06-01","product":"COPERNICUS/S1_GRD","band":"VH","value":-17.0638,"farmer_unique_id":"453553","site_id":1576},{"date":"2020-06-13","product":"COPERNICUS/S1_GRD","band":"VH","value":-12.7118,"farmer_unique_id":"453553","site_id":1576},{"date":"2020-06-25","product":"COPERNICUS/S1_GRD","band":"VH","value":-13.4004,"farmer_unique_id":"453553","site_id":1576},{"date":"2020-07-07","product":"COPERNICUS/S1_GRD","band":"VH","value":-14.5302,"farmer_unique_id":"453553","site_id":1576},{"date":"2020-07-19","product":"COPERNICUS/S1_GRD","band":"VH","value":-12.7217,"farmer_unique_id":"453553","site_id":1576},{"date":"2020-07-31","product":"COPERNICUS/S1_GRD","band":"VH","value":-13.3406,"farmer_unique_id":"453553","site_id":1576},{"date":"2020-08-12","product":"COPERNICUS/S1_GRD","band":"VH","farmer_unique_id":"453553","site_id":1576},{"date":"2020-08-24","product":"COPERNICUS/S1_GRD","band":"VH","value":-21.7608,"farmer_unique_id":"453553","site_id":1576},{"date":"2020-09-05","product":"COPERNICUS/S1_GRD","band":"VH","value":-13.8491,"farmer_unique_id":"453553","site_id":1576},{"date":"2020-09-17","product":"COPERNICUS/S1_GRD","band":"VH","value":-13.3248,"farmer_unique_id":"453553","site_id":1576},{"date":"2020-09-29","product":"COPERNICUS/S1_GRD","band":"VH","value":-16.4961,"farmer_unique_id":"453553","site_id":1576},{"date":"2020-10-11","product":"COPERNICUS/S1_GRD","band":"VH","value":-13.6642,"farmer_unique_id":"453553","site_id":1576},{"date":"2020-10-23","product":"COPERNICUS/S1_GRD","band":"VH","value":-12.9784,"farmer_unique_id":"453553","site_id":1576},{"date":"2020-11-04","product":"COPERNICUS/S1_GRD","band":"VH","value":-17.0984,"farmer_unique_id":"453553","site_id":1576},{"date":"2020-11-16","product":"COPERNICUS/S1_GRD","band":"VH","value":-12.6959,"farmer_unique_id":"453553","site_id":1576},{"date":"2020-11-28","product":"COPERNICUS/S1_GRD","band":"VH","value":-19.6405,"farmer_unique_id":"453553","site_id":1576},{"date":"2020-12-10","product":"COPERNICUS/S1_GRD","band":"VH","value":-14.8279,"farmer_unique_id":"453553","site_id":1576},{"date":"2020-12-22","product":"COPERNICUS/S1_GRD","band":"VH","value":-13.5197,"farmer_unique_id":"453553","site_id":1576},{"date":"2021-01-03","product":"COPERNICUS/S1_GRD","band":"VH","value":-16.1864,"farmer_unique_id":"453553","site_id":1576},{"date":"2021-01-15","product":"COPERNICUS/S1_GRD","band":"VH","value":-15.1594,"farmer_unique_id":"453553","site_id":1576},{"date":"2021-01-27","product":"COPERNICUS/S1_GRD","band":"VH","value":-14.2057,"farmer_unique_id":"453553","site_id":1576},{"date":"2021-02-08","product":"COPERNICUS/S1_GRD","band":"VH","value":-16.2164,"farmer_unique_id":"453553","site_id":1576},{"date":"2021-02-20","product":"COPERNICUS/S1_GRD","band":"VH","value":-15.3821,"farmer_unique_id":"453553","site_id":1576},{"date":"2021-03-04","product":"COPERNICUS/S1_GRD","band":"VH","value":-16.0326,"farmer_unique_id":"453553","site_id":1576},{"date":"2021-03-16","product":"COPERNICUS/S1_GRD","band":"VH","value":-15.8889,"farmer_unique_id":"453553","site_id":1576},{"date":"2021-03-28","product":"COPERNICUS/S1_GRD","band":"VH","value":-18.7513,"farmer_unique_id":"453553","site_id":1576},{"date":"2021-04-09","product":"COPERNICUS/S1_GRD","band":"VH","value":-12.0531,"farmer_unique_id":"453553","site_id":1576},{"date":"2021-04-21","product":"COPERNICUS/S1_GRD","band":"VH","value":-14.7424,"farmer_unique_id":"453553","site_id":1576},{"date":"2021-05-03","product":"COPERNICUS/S1_GRD","band":"VH","value":-13.4995,"farmer_unique_id":"453553","site_id":1576},{"date":"2021-05-15","product":"COPERNICUS/S1_GRD","band":"VH","value":-15.7301,"farmer_unique_id":"453553","site_id":1576},{"date":"2021-05-27","product":"COPERNICUS/S1_GRD","band":"VH","value":-14.6666,"farmer_unique_id":"453553","site_id":1576},{"date":"2020-01-09","product":"COPERNICUS/S1_GRD","band":"VV","value":-11.2594,"farmer_unique_id":"453553","site_id":1576},{"date":"2020-01-21","product":"COPERNICUS/S1_GRD","band":"VV","value":-8.8709,"farmer_unique_id":"453553","site_id":1576},{"date":"2020-02-02","product":"COPERNICUS/S1_GRD","band":"VV","value":-8.0468,"farmer_unique_id":"453553","site_id":1576},{"date":"2020-02-14","product":"COPERNICUS/S1_GRD","band":"VV","value":-7.5821,"farmer_unique_id":"453553","site_id":1576},{"date":"2020-02-26","product":"COPERNICUS/S1_GRD","band":"VV","value":-9.9933,"farmer_unique_id":"453553","site_id":1576},{"date":"2020-03-09","product":"COPERNICUS/S1_GRD","band":"VV","value":-8.272,"farmer_unique_id":"453553","site_id":1576},{"date":"2020-03-21","product":"COPERNICUS/S1_GRD","band":"VV","value":-5.7383,"farmer_unique_id":"453553","site_id":1576},{"date":"2020-04-02","product":"COPERNICUS/S1_GRD","band":"VV","value":-7.2251,"farmer_unique_id":"453553","site_id":1576},{"date":"2020-04-14","product":"COPERNICUS/S1_GRD","band":"VV","value":-8.3799,"farmer_unique_id":"453553","site_id":1576},{"date":"2020-04-26","product":"COPERNICUS/S1_GRD","band":"VV","value":-5.8385,"farmer_unique_id":"453553","site_id":1576},{"date":"2020-05-08","product":"COPERNICUS/S1_GRD","band":"VV","value":-5.7733,"farmer_unique_id":"453553","site_id":1576},{"date":"2020-05-20","product":"COPERNICUS/S1_GRD","band":"VV","value":-11.0355,"farmer_unique_id":"453553","site_id":1576},{"date":"2020-06-01","product":"COPERNICUS/S1_GRD","band":"VV","value":-7.474,"farmer_unique_id":"453553","site_id":1576},{"date":"2020-06-13","product":"COPERNICUS/S1_GRD","band":"VV","value":-6.8931,"farmer_unique_id":"453553","site_id":1576},{"date":"2020-06-25","product":"COPERNICUS/S1_GRD","band":"VV","value":-9.4855,"farmer_unique_id":"453553","site_id":1576},{"date":"2020-07-07","product":"COPERNICUS/S1_GRD","band":"VV","value":-15.0073,"farmer_unique_id":"453553","site_id":1576},{"date":"2020-07-19","product":"COPERNICUS/S1_GRD","band":"VV","value":-10.431,"farmer_unique_id":"453553","site_id":1576},{"date":"2020-07-31","product":"COPERNICUS/S1_GRD","band":"VV","value":-6.7695,"farmer_unique_id":"453553","site_id":1576},{"date":"2020-08-12","product":"COPERNICUS/S1_GRD","band":"VV","value":-9.9548,"farmer_unique_id":"453553","site_id":1576},{"date":"2020-08-24","product":"COPERNICUS/S1_GRD","band":"VV","value":-12.7831,"farmer_unique_id":"453553","site_id":1576},{"date":"2020-09-05","product":"COPERNICUS/S1_GRD","band":"VV","value":-7.9437,"farmer_unique_id":"453553","site_id":1576},{"date":"2020-09-17","product":"COPERNICUS/S1_GRD","band":"VV","value":-10.5959,"farmer_unique_id":"453553","site_id":1576},{"date":"2020-09-29","product":"COPERNICUS/S1_GRD","band":"VV","value":-7.6474,"farmer_unique_id":"453553","site_id":1576},{"date":"2020-10-11","product":"COPERNICUS/S1_GRD","band":"VV","value":-5.1906,"farmer_unique_id":"453553","site_id":1576},{"date":"2020-10-23","product":"COPERNICUS/S1_GRD","band":"VV","value":-6.5594,"farmer_unique_id":"453553","site_id":1576},{"date":"2020-11-04","product":"COPERNICUS/S1_GRD","band":"VV","value":-6.9092,"farmer_unique_id":"453553","site_id":1576},{"date":"2020-11-16","product":"COPERNICUS/S1_GRD","band":"VV","value":-7.5515,"farmer_unique_id":"453553","site_id":1576},{"date":"2020-11-28","product":"COPERNICUS/S1_GRD","band":"VV","value":-12.2839,"farmer_unique_id":"453553","site_id":1576},{"date":"2020-12-10","product":"COPERNICUS/S1_GRD","band":"VV","value":-11.1198,"farmer_unique_id":"453553","site_id":1576},{"date":"2020-12-22","product":"COPERNICUS/S1_GRD","band":"VV","value":-5.2159,"farmer_unique_id":"453553","site_id":1576},{"date":"2021-01-03","product":"COPERNICUS/S1_GRD","band":"VV","value":-8.5613,"farmer_unique_id":"453553","site_id":1576},{"date":"2021-01-15","product":"COPERNICUS/S1_GRD","band":"VV","value":-9.9469,"farmer_unique_id":"453553","site_id":1576},{"date":"2021-01-27","product":"COPERNICUS/S1_GRD","band":"VV","value":-6.8912,"farmer_unique_id":"453553","site_id":1576},{"date":"2021-02-08","product":"COPERNICUS/S1_GRD","band":"VV","value":-11.5705,"farmer_unique_id":"453553","site_id":1576},{"date":"2021-02-20","product":"COPERNICUS/S1_GRD","band":"VV","value":-8.601,"farmer_unique_id":"453553","site_id":1576},{"date":"2021-03-04","product":"COPERNICUS/S1_GRD","band":"VV","value":-8.9504,"farmer_unique_id":"453553","site_id":1576},{"date":"2021-03-16","product":"COPERNICUS/S1_GRD","band":"VV","value":-6.9161,"farmer_unique_id":"453553","site_id":1576},{"date":"2021-03-28","product":"COPERNICUS/S1_GRD","band":"VV","value":-7.691,"farmer_unique_id":"453553","site_id":1576},{"date":"2021-04-09","product":"COPERNICUS/S1_GRD","band":"VV","value":-8.85,"farmer_unique_id":"453553","site_id":1576},{"date":"2021-04-21","product":"COPERNICUS/S1_GRD","band":"VV","value":-10.02,"farmer_unique_id":"453553","site_id":1576},{"date":"2021-05-03","product":"COPERNICUS/S1_GRD","band":"VV","value":-10.1491,"farmer_unique_id":"453553","site_id":1576},{"date":"2021-05-15","product":"COPERNICUS/S1_GRD","band":"VV","value":-12.7745,"farmer_unique_id":"453553","site_id":1576},{"date":"2021-05-27","product":"COPERNICUS/S1_GRD","band":"VV","value":-10.9812,"farmer_unique_id":"453553","site_id":1576}]
