[{"date":"2020-01-04","product":"COPERNICUS/S1_GRD","band":"VH","value":-10.8561,"farmer_unique_id":"4929248","site_id":5140},{"date":"2020-01-09","product":"COPERNICUS/S1_GRD","band":"VH","value":-16.1648,"farmer_unique_id":"4929248","site_id":5140},{"date":"2020-01-16","product":"COPERNICUS/S1_GRD","band":"VH","value":-15.9077,"farmer_unique_id":"4929248","site_id":5140},{"date":"2020-01-21","product":"COPERNICUS/S1_GRD","band":"VH","value":-16.4207,"farmer_unique_id":"4929248","site_id":5140},{"date":"2020-01-28","product":"COPERNICUS/S1_GRD","band":"VH","value":-14.3823,"farmer_unique_id":"4929248","site_id":5140},{"date":"2020-02-02","product":"COPERNICUS/S1_GRD","band":"VH","value":-13.1299,"farmer_unique_id":"4929248","site_id":5140},{"date":"2020-02-09","product":"COPERNICUS/S1_GRD","band":"VH","value":-13.4396,"farmer_unique_id":"4929248","site_id":5140},{"date":"2020-02-14","product":"COPERNICUS/S1_GRD","band":"VH","value":-18.5705,"farmer_unique_id":"4929248","site_id":5140},{"date":"2020-02-21","product":"COPERNICUS/S1_GRD","band":"VH","value":-12.1618,"farmer_unique_id":"4929248","site_id":5140},{"date":"2020-02-26","product":"COPERNICUS/S1_GRD","band":"VH","value":-14.3678,"farmer_unique_id":"4929248","site_id":5140},{"date":"2020-03-04","product":"COPERNICUS/S1_GRD","band":"VH","value":-14.7423,"farmer_unique_id":"4929248","site_id":5140},{"date":"2020-03-09","product":"COPERNICUS/S1_GRD","band":"VH","value":-15.5918,"farmer_unique_id":"4929248","site_id":5140},{"date":"2020-03-16","product":"COPERNICUS/S1_GRD","band":"VH","value":-17.8523,"farmer_unique_id":"4929248","site_id":5140},{"date":"2020-03-21","product":"COPERNICUS/S1_GRD","band":"VH","value":-14.9178,"farmer_unique_id":"4929248","site_id":5140},{"date":"2020-03-28","product":"COPERNICUS/S1_GRD","band":"VH","value":-15.9441,"farmer_unique_id":"4929248","site_id":5140},{"date":"2020-04-02","product":"COPERNICUS/S1_GRD","band":"VH","value":-18.6341,"farmer_unique_id":"4929248","site_id":5140},{"date":"2020-04-09","product":"COPERNICUS/S1_GRD","band":"VH","value":-13.8787,"farmer_unique_id":"4929248","site_id":5140},{"date":"2020-04-14","product":"COPERNICUS/S1_GRD","band":"VH","value":-14.7118,"farmer_unique_id":"4929248","site_id":5140},{"date":"2020-04-21","product":"COPERNICUS/S1_GRD","band":"VH","value":-17.5127,"farmer_unique_id":"4929248","site_id":5140},{"date":"2020-04-26","product":"COPERNICUS/S1_GRD","band":"VH","value":-15.936,"farmer_unique_id":"4929248","site_id":5140},{"date":"2020-05-03","product":"COPERNICUS/S1_GRD","band":"VH","value":-12.162,"farmer_unique_id":"4929248","site_id":5140},{"date":"2020-05-08","product":"COPERNICUS/S1_GRD","band":"VH","value":-12.0155,"farmer_unique_id":"4929248","site_id":5140},{"date":"2020-05-15","product":"COPERNICUS/S1_GRD","band":"VH","value":-17.292,"farmer_unique_id":"4929248","site_id":5140},{"date":"2020-05-20","product":"COPERNICUS/S1_GRD","band":"VH","value":-13.6622,"farmer_unique_id":"4929248","site_id":5140},{"date":"2020-05-27","product":"COPERNICUS/S1_GRD","band":"VH","value":-17.7322,"farmer_unique_id":"4929248","site_id":5140},{"date":"2020-06-01","product":"COPERNICUS/S1_GRD","band":"VH","value":-17.6349,"farmer_unique_id":"4929248","site_id":5140},{"date":"2020-06-08","product":"COPERNICUS/S1_GRD","band":"VH","value":-14.189,"farmer_unique_id":"4929248","site_id":5140},{"date":"2020-06-13","product":"COPERNICUS/S1_GRD","band":"VH","value":-13.9497,"farmer_unique_id":"4929248","site_id":5140},{"date":"2020-06-20","product":"COPERNICUS/S1_GRD","band":"VH","value":-16.8225,"farmer_unique_id":"4929248","site_id":5140},{"date":"2020-06-25","product":"COPERNICUS/S1_GRD","band":"VH","value":-16.4989,"farmer_unique_id":"4929248","site_id":5140},{"date":"2020-07-02","product":"COPERNICUS/S1_GRD","band":"VH","value":-15.7024,"farmer_unique_id":"4929248","site_id":5140},{"date":"2020-07-07","product":"COPERNICUS/S1_GRD","band":"VH","value":-14.1531,"farmer_unique_id":"4929248","site_id":5140},{"date":"2020-07-14","product":"COPERNICUS/S1_GRD","band":"VH","value":-13.5192,"farmer_unique_id":"4929248","site_id":5140},{"date":"2020-07-19","product":"COPERNICUS/S1_GRD","band":"VH","value":-15.4752,"farmer_unique_id":"4929248","site_id":5140},{"date":"2020-07-26","product":"COPERNICUS/S1_GRD","band":"VH","value":-14.0716,"farmer_unique_id":"4929248","site_id":5140},{"date":"2020-07-31","product":"COPERNICUS/S1_GRD","band":"VH","value":-15.0836,"farmer_unique_id":"4929248","site_id":5140},{"date":"2020-08-07","product":"COPERNICUS/S1_GRD","band":"VH","value":-15.6536,"farmer_unique_id":"4929248","site_id":5140},{"date":"2020-08-12","product":"COPERNICUS/S1_GRD","band":"VH","farmer_unique_id":"4929248","site_id":5140},{"date":"2020-08-19","product":"COPERNICUS/S1_GRD","band":"VH","value":-15.9027,"farmer_unique_id":"4929248","site_id":5140},{"date":"2020-08-24","product":"COPERNICUS/S1_GRD","band":"VH","value":-17.1414,"farmer_unique_id":"4929248","site_id":5140},{"date":"2020-08-31","product":"COPERNICUS/S1_GRD","band":"VH","value":-13.2713,"farmer_unique_id":"4929248","site_id":5140},{"date":"2020-09-05","product":"COPERNICUS/S1_GRD","band":"VH","value":-16.2503,"farmer_unique_id":"4929248","site_id":5140},{"date":"2020-09-12","product":"COPERNICUS/S1_GRD","band":"VH","value":-18.8353,"farmer_unique_id":"4929248","site_id":5140},{"date":"2020-09-17","product":"COPERNICUS/S1_GRD","band":"VH","value":-19.7424,"farmer_unique_id":"4929248","site_id":5140},{"date":"2020-09-24","product":"COPERNICUS/S1_GRD","band":"VH","value":-14.5991,"farmer_unique_id":"4929248","site_id":5140},{"date":"2020-09-29","product":"COPERNICUS/S1_GRD","band":"VH","value":-14.8963,"farmer_unique_id":"4929248","site_id":5140},{"date":"2020-10-06","product":"COPERNICUS/S1_GRD","band":"VH","value":-20.9308,"farmer_unique_id":"4929248","site_id":5140},{"date":"2020-10-11","product":"COPERNICUS/S1_GRD","band":"VH","value":-19.842,"farmer_unique_id":"4929248","site_id":5140},{"date":"2020-10-18","product":"COPERNICUS/S1_GRD","band":"VH","value":-14.7692,"farmer_unique_id":"4929248","site_id":5140},{"date":"2020-10-23","product":"COPERNICUS/S1_GRD","band":"VH","value":-15.5643,"farmer_unique_id":"4929248","site_id":5140},{"date":"2020-10-30","product":"COPERNICUS/S1_GRD","band":"VH","value":-14.0008,"farmer_unique_id":"4929248","site_id":5140},{"date":"2020-11-04","product":"COPERNICUS/S1_GRD","band":"VH","value":-18.4372,"farmer_unique_id":"4929248","site_id":5140},{"date":"2020-11-11","product":"COPERNICUS/S1_GRD","band":"VH","value":-14.6193,"farmer_unique_id":"4929248","site_id":5140},{"date":"2020-11-16","product":"COPERNICUS/S1_GRD","band":"VH","value":-15.9566,"farmer_unique_id":"4929248","site_id":5140},{"date":"2020-11-23","product":"COPERNICUS/S1_GRD","band":"VH","value":-14.4163,"farmer_unique_id":"4929248","site_id":5140},{"date":"2020-11-28","product":"COPERNICUS/S1_GRD","band":"VH","value":-15.4736,"farmer_unique_id":"4929248","site_id":5140},{"date":"2020-12-05","product":"COPERNICUS/S1_GRD","band":"VH","value":-19.9434,"farmer_unique_id":"4929248","site_id":5140},{"date":"2020-12-10","product":"COPERNICUS/S1_GRD","band":"VH","value":-22.8302,"farmer_unique_id":"4929248","site_id":5140},{"date":"2020-12-17","product":"COPERNICUS/S1_GRD","band":"VH","value":-14.4414,"farmer_unique_id":"4929248","site_id":5140},{"date":"2020-12-22","product":"COPERNICUS/S1_GRD","band":"VH","value":-14.8168,"farmer_unique_id":"4929248","site_id":5140},{"date":"2020-12-29","product":"COPERNICUS/S1_GRD","band":"VH","value":-15.2497,"farmer_unique_id":"4929248","site_id":5140},{"date":"2021-01-03","product":"COPERNICUS/S1_GRD","band":"VH","value":-15.3843,"farmer_unique_id":"4929248","site_id":5140},{"date":"2021-01-10","product":"COPERNICUS/S1_GRD","band":"VH","value":-14.4867,"farmer_unique_id":"4929248","site_id":5140},{"date":"2021-01-15","product":"COPERNICUS/S1_GRD","band":"VH","value":-15.6492,"farmer_unique_id":"4929248","site_id":5140},{"date":"2021-01-22","product":"COPERNICUS/S1_GRD","band":"VH","value":-11.8045,"farmer_unique_id":"4929248","site_id":5140},{"date":"2021-01-27","product":"COPERNICUS/S1_GRD","band":"VH","value":-18.4924,"farmer_unique_id":"4929248","site_id":5140},{"date":"2021-02-03","product":"COPERNICUS/S1_GRD","band":"VH","value":-13.2514,"farmer_unique_id":"4929248","site_id":5140},{"date":"2021-02-08","product":"COPERNICUS/S1_GRD","band":"VH","value":-16.6285,"farmer_unique_id":"4929248","site_id":5140},{"date":"2021-02-15","product":"COPERNICUS/S1_GRD","band":"VH","value":-16.2535,"farmer_unique_id":"4929248","site_id":5140},{"date":"2021-02-20","product":"COPERNICUS/S1_GRD","band":"VH","value":-14.8292,"farmer_unique_id":"4929248","site_id":5140},{"date":"2021-02-27","product":"COPERNICUS/S1_GRD","band":"VH","value":-16.8131,"farmer_unique_id":"4929248","site_id":5140},{"date":"2021-03-04","product":"COPERNICUS/S1_GRD","band":"VH","value":-12.547,"farmer_unique_id":"4929248","site_id":5140},{"date":"2021-03-11","product":"COPERNICUS/S1_GRD","band":"VH","value":-10.7161,"farmer_unique_id":"4929248","site_id":5140},{"date":"2021-03-16","product":"COPERNICUS/S1_GRD","band":"VH","value":-16.2221,"farmer_unique_id":"4929248","site_id":5140},{"date":"2021-03-23","product":"COPERNICUS/S1_GRD","band":"VH","value":-13.6264,"farmer_unique_id":"4929248","site_id":5140},{"date":"2021-03-28","product":"COPERNICUS/S1_GRD","band":"VH","value":-16.4782,"farmer_unique_id":"4929248","site_id":5140},{"date":"2021-04-04","product":"COPERNICUS/S1_GRD","band":"VH","value":-14.1119,"farmer_unique_id":"4929248","site_id":5140},{"date":"2021-04-09","product":"COPERNICUS/S1_GRD","band":"VH","value":-12.4281,"farmer_unique_id":"4929248","site_id":5140},{"date":"2021-04-16","product":"COPERNICUS/S1_GRD","band":"VH","value":-12.7961,"farmer_unique_id":"4929248","site_id":5140},{"date":"2021-04-21","product":"COPERNICUS/S1_GRD","band":"VH","value":-21.0882,"farmer_unique_id":"4929248","site_id":5140},{"date":"2021-04-28","product":"COPERNICUS/S1_GRD","band":"VH","value":-17.3817,"farmer_unique_id":"4929248","site_id":5140},{"date":"2021-05-03","product":"COPERNICUS/S1_GRD","band":"VH","value":-22.3969,"farmer_unique_id":"4929248","site_id":5140},{"date":"2021-05-10","product":"COPERNICUS/S1_GRD","band":"VH","value":-16.5646,"farmer_unique_id":"4929248","site_id":5140},{"date":"2021-05-15","product":"COPERNICUS/S1_GRD","band":"VH","value":-15.2303,"farmer_unique_id":"4929248","site_id":5140},{"date":"2021-05-22","product":"COPERNICUS/S1_GRD","band":"VH","value":-15.2957,"farmer_unique_id":"4929248","site_id":5140},{"date":"2021-05-27","product":"COPERNICUS/S1_GRD","band":"VH","value":-18.4682,"farmer_unique_id":"4929248","site_id":5140},{"date":"2020-01-04","product":"COPERNICUS/S1_GRD","band":"VV","value":-6.7409,"farmer_unique_id":"4929248","site_id":5140},{"date":"2020-01-09","product":"COPERNICUS/S1_GRD","band":"VV","value":-4.527,"farmer_unique_id":"4929248","site_id":5140},{"date":"2020-01-16","product":"COPERNICUS/S1_GRD","band":"VV","value":-8.778,"farmer_unique_id":"4929248","site_id":5140},{"date":"2020-01-21","product":"COPERNICUS/S1_GRD","band":"VV","value":-9.4073,"farmer_unique_id":"4929248","site_id":5140},{"date":"2020-01-28","product":"COPERNICUS/S1_GRD","band":"VV","value":-10.3456,"farmer_unique_id":"4929248","site_id":5140},{"date":"2020-02-02","product":"COPERNICUS/S1_GRD","band":"VV","value":-6.641,"farmer_unique_id":"4929248","site_id":5140},{"date":"2020-02-09","product":"COPERNICUS/S1_GRD","band":"VV","value":-6.2255,"farmer_unique_id":"4929248","site_id":5140},{"date":"2020-02-14","product":"COPERNICUS/S1_GRD","band":"VV","value":-11.0821,"farmer_unique_id":"4929248","site_id":5140},{"date":"2020-02-21","product":"COPERNICUS/S1_GRD","band":"VV","value":-11.3735,"farmer_unique_id":"4929248","site_id":5140},{"date":"2020-02-26","product":"COPERNICUS/S1_GRD","band":"VV","value":-7.4565,"farmer_unique_id":"4929248","site_id":5140},{"date":"2020-03-04","product":"COPERNICUS/S1_GRD","band":"VV","value":-6.831,"farmer_unique_id":"4929248","site_id":5140},{"date":"2020-03-09","product":"COPERNICUS/S1_GRD","band":"VV","value":-11.8861,"farmer_unique_id":"4929248","site_id":5140},{"date":"2020-03-16","product":"COPERNICUS/S1_GRD","band":"VV","value":-10.5052,"farmer_unique_id":"4929248","site_id":5140},{"date":"2020-03-21","product":"COPERNICUS/S1_GRD","band":"VV","value":-10.6904,"farmer_unique_id":"4929248","site_id":5140},{"date":"2020-03-28","product":"COPERNICUS/S1_GRD","band":"VV","value":-12.8141,"farmer_unique_id":"4929248","site_id":5140},{"date":"2020-04-02","product":"COPERNICUS/S1_GRD","band":"VV","value":-9.1197,"farmer_unique_id":"4929248","site_id":5140},{"date":"2020-04-09","product":"COPERNICUS/S1_GRD","band":"VV","value":-6.3545,"farmer_unique_id":"4929248","site_id":5140},{"date":"2020-04-14","product":"COPERNICUS/S1_GRD","band":"VV","value":-10.1146,"farmer_unique_id":"4929248","site_id":5140},{"date":"2020-04-21","product":"COPERNICUS/S1_GRD","band":"VV","value":-6.5196,"farmer_unique_id":"4929248","site_id":5140},{"date":"2020-04-26","product":"COPERNICUS/S1_GRD","band":"VV","value":-11.341,"farmer_unique_id":"4929248","site_id":5140},{"date":"2020-05-03","product":"COPERNICUS/S1_GRD","band":"VV","value":-6.244,"farmer_unique_id":"4929248","site_id":5140},{"date":"2020-05-08","product":"COPERNICUS/S1_GRD","band":"VV","value":-9.9894,"farmer_unique_id":"4929248","site_id":5140},{"date":"2020-05-15","product":"COPERNICUS/S1_GRD","band":"VV","value":-8.0358,"farmer_unique_id":"4929248","site_id":5140},{"date":"2020-05-20","product":"COPERNICUS/S1_GRD","band":"VV","value":-8.8662,"farmer_unique_id":"4929248","site_id":5140},{"date":"2020-05-27","product":"COPERNICUS/S1_GRD","band":"VV","value":-9.8979,"farmer_unique_id":"4929248","site_id":5140},{"date":"2020-06-01","product":"COPERNICUS/S1_GRD","band":"VV","value":-12.9415,"farmer_unique_id":"4929248","site_id":5140},{"date":"2020-06-08","product":"COPERNICUS/S1_GRD","band":"VV","value":-8.2973,"farmer_unique_id":"4929248","site_id":5140},{"date":"2020-06-13","product":"COPERNICUS/S1_GRD","band":"VV","value":-9.3788,"farmer_unique_id":"4929248","site_id":5140},{"date":"2020-06-20","product":"COPERNICUS/S1_GRD","band":"VV","value":-9.4108,"farmer_unique_id":"4929248","site_id":5140},{"date":"2020-06-25","product":"COPERNICUS/S1_GRD","band":"VV","value":-11.9771,"farmer_unique_id":"4929248","site_id":5140},{"date":"2020-07-02","product":"COPERNICUS/S1_GRD","band":"VV","value":-10.1372,"farmer_unique_id":"4929248","site_id":5140},{"date":"2020-07-07","product":"COPERNICUS/S1_GRD","band":"VV","value":-14.8175,"farmer_unique_id":"4929248","site_id":5140},{"date":"2020-07-14","product":"COPERNICUS/S1_GRD","band":"VV","value":-6.9835,"farmer_unique_id":"4929248","site_id":5140},{"date":"2020-07-19","product":"COPERNICUS/S1_GRD","band":"VV","value":-9.5783,"farmer_unique_id":"4929248","site_id":5140},{"date":"2020-07-26","product":"COPERNICUS/S1_GRD","band":"VV","value":-7.8066,"farmer_unique_id":"4929248","site_id":5140},{"date":"2020-07-31","product":"COPERNICUS/S1_GRD","band":"VV","value":-11.5397,"farmer_unique_id":"4929248","site_id":5140},{"date":"2020-08-07","product":"COPERNICUS/S1_GRD","band":"VV","value":-10.6184,"farmer_unique_id":"4929248","site_id":5140},{"date":"2020-08-12","product":"COPERNICUS/S1_GRD","band":"VV","value":-10.7832,"farmer_unique_id":"4929248","site_id":5140},{"date":"2020-08-19","product":"COPERNICUS/S1_GRD","band":"VV","value":-8.4534,"farmer_unique_id":"4929248","site_id":5140},{"date":"2020-08-24","product":"COPERNICUS/S1_GRD","band":"VV","value":-8.7962,"farmer_unique_id":"4929248","site_id":5140},{"date":"2020-08-31","product":"COPERNICUS/S1_GRD","band":"VV","value":-6.5645,"farmer_unique_id":"4929248","site_id":5140},{"date":"2020-09-05","product":"COPERNICUS/S1_GRD","band":"VV","value":-9.5402,"farmer_unique_id":"4929248","site_id":5140},{"date":"2020-09-12","product":"COPERNICUS/S1_GRD","band":"VV","value":-9.4981,"farmer_unique_id":"4929248","site_id":5140},{"date":"2020-09-17","product":"COPERNICUS/S1_GRD","band":"VV","value":-10.1191,"farmer_unique_id":"4929248","site_id":5140},{"date":"2020-09-24","product":"COPERNICUS/S1_GRD","band":"VV","value":-11.0701,"farmer_unique_id":"4929248","site_id":5140},{"date":"2020-09-29","product":"COPERNICUS/S1_GRD","band":"VV","value":-9.4898,"farmer_unique_id":"4929248","site_id":5140},{"date":"2020-10-06","product":"COPERNICUS/S1_GRD","band":"VV","value":-9.4435,"farmer_unique_id":"4929248","site_id":5140},{"date":"2020-10-11","product":"COPERNICUS/S1_GRD","band":"VV","value":-9.0765,"farmer_unique_id":"4929248","site_id":5140},{"date":"2020-10-18","product":"COPERNICUS/S1_GRD","band":"VV","value":-7.6773,"farmer_unique_id":"4929248","site_id":5140},{"date":"2020-10-23","product":"COPERNICUS/S1_GRD","band":"VV","value":-10.5819,"farmer_unique_id":"4929248","site_id":5140},{"date":"2020-10-30","product":"COPERNICUS/S1_GRD","band":"VV","value":-7.5049,"farmer_unique_id":"4929248","site_id":5140},{"date":"2020-11-04","product":"COPERNICUS/S1_GRD","band":"VV","value":-11.0007,"farmer_unique_id":"4929248","site_id":5140},{"date":"2020-11-11","product":"COPERNICUS/S1_GRD","band":"VV","value":-7.7288,"farmer_unique_id":"4929248","site_id":5140},{"date":"2020-11-16","product":"COPERNICUS/S1_GRD","band":"VV","value":-9.085,"farmer_unique_id":"4929248","site_id":5140},{"date":"2020-11-23","product":"COPERNICUS/S1_GRD","band":"VV","value":-8.007,"farmer_unique_id":"4929248","site_id":5140},{"date":"2020-11-28","product":"COPERNICUS/S1_GRD","band":"VV","value":-11.8752,"farmer_unique_id":"4929248","site_id":5140},{"date":"2020-12-05","product":"COPERNICUS/S1_GRD","band":"VV","value":-9.5405,"farmer_unique_id":"4929248","site_id":5140},{"date":"2020-12-10","product":"COPERNICUS/S1_GRD","band":"VV","value":-10.5751,"farmer_unique_id":"4929248","site_id":5140},{"date":"2020-12-17","product":"COPERNICUS/S1_GRD","band":"VV","value":-12.2457,"farmer_unique_id":"4929248","site_id":5140},{"date":"2020-12-22","product":"COPERNICUS/S1_GRD","band":"VV","value":-12.9317,"farmer_unique_id":"4929248","site_id":5140},{"date":"2020-12-29","product":"COPERNICUS/S1_GRD","band":"VV","value":-9.5268,"farmer_unique_id":"4929248","site_id":5140},{"date":"2021-01-03","product":"COPERNICUS/S1_GRD","band":"VV","value":-11.3701,"farmer_unique_id":"4929248","site_id":5140},{"date":"2021-01-10","product":"COPERNICUS/S1_GRD","band":"VV","value":-7.343,"farmer_unique_id":"4929248","site_id":5140},{"date":"2021-01-15","product":"COPERNICUS/S1_GRD","band":"VV","value":-5.3695,"farmer_unique_id":"4929248","site_id":5140},{"date":"2021-01-22","product":"COPERNICUS/S1_GRD","band":"VV","value":-9.0223,"farmer_unique_id":"4929248","site_id":5140},{"date":"2021-01-27","product":"COPERNICUS/S1_GRD","band":"VV","value":-7.3012,"farmer_unique_id":"4929248","site_id":5140},{"date":"2021-02-03","product":"COPERNICUS/S1_GRD","band":"VV","value":-9.774,"farmer_unique_id":"4929248","site_id":5140},{"date":"2021-02-08","product":"COPERNICUS/S1_GRD","band":"VV","value":-10.3717,"farmer_unique_id":"4929248","site_id":5140},{"date":"2021-02-15","product":"COPERNICUS/S1_GRD","band":"VV","value":-7.7809,"farmer_unique_id":"4929248","site_id":5140},{"date":"2021-02-20","product":"COPERNICUS/S1_GRD","band":"VV","value":-10.1309,"farmer_unique_id":"4929248","site_id":5140},{"date":"2021-02-27","product":"COPERNICUS/S1_GRD","band":"VV","value":-7.3061,"farmer_unique_id":"4929248","site_id":5140},{"date":"2021-03-04","product":"COPERNICUS/S1_GRD","band":"VV","value":-7.6289,"farmer_unique_id":"4929248","site_id":5140},{"date":"2021-03-11","product":"COPERNICUS/S1_GRD","band":"VV","value":-10.4008,"farmer_unique_id":"4929248","site_id":5140},{"date":"2021-03-16","product":"COPERNICUS/S1_GRD","band":"VV","value":-5.6744,"farmer_unique_id":"4929248","site_id":5140},{"date":"2021-03-23","product":"COPERNICUS/S1_GRD","band":"VV","value":-9.3662,"farmer_unique_id":"4929248","site_id":5140},{"date":"2021-03-28","product":"COPERNICUS/S1_GRD","band":"VV","value":-10.2057,"farmer_unique_id":"4929248","site_id":5140},{"date":"2021-04-04","product":"COPERNICUS/S1_GRD","band":"VV","value":-12.0783,"farmer_unique_id":"4929248","site_id":5140},{"date":"2021-04-09","product":"COPERNICUS/S1_GRD","band":"VV","value":-11.0364,"farmer_unique_id":"4929248","site_id":5140},{"date":"2021-04-16","product":"COPERNICUS/S1_GRD","band":"VV","value":-9.8327,"farmer_unique_id":"4929248","site_id":5140},{"date":"2021-04-21","product":"COPERNICUS/S1_GRD","band":"VV","value":-9.3602,"farmer_unique_id":"4929248","site_id":5140},{"date":"2021-04-28","product":"COPERNICUS/S1_GRD","band":"VV","value":-7.2186,"farmer_unique_id":"4929248","site_id":5140},{"date":"2021-05-03","product":"COPERNICUS/S1_GRD","band":"VV","value":-12.5328,"farmer_unique_id":"4929248","site_id":5140},{"date":"2021-05-10","product":"COPERNICUS/S1_GRD","band":"VV","value":-9.8786,"farmer_unique_id":"4929248","site_id":5140},{"date":"2021-05-15","product":"COPERNICUS/S1_GRD","band":"VV","value":-8.1721,"farmer_unique_id":"4929248","site_id":5140},{"date":"2021-05-22","product":"COPERNICUS/S1_GRD","band":"VV","value":-7.4989,"farmer_unique_id":"4929248","site_id":5140},{"date":"2021-05-27","product":"COPERNICUS/S1_GRD","band":"VV","value":-12.8103,"farmer_unique_id":"4929248","site_id":5140}]
