[{"date":"2020-01-04","product":"COPERNICUS/S1_GRD","band":"VH","value":-16.395,"farmer_unique_id":"3411490","site_id":2375},{"date":"2020-01-09","product":"COPERNICUS/S1_GRD","band":"VH","value":-21.9683,"farmer_unique_id":"3411490","site_id":2375},{"date":"2020-01-16","product":"COPERNICUS/S1_GRD","band":"VH","value":-17.017,"farmer_unique_id":"3411490","site_id":2375},{"date":"2020-01-21","product":"COPERNICUS/S1_GRD","band":"VH","value":-15.2762,"farmer_unique_id":"3411490","site_id":2375},{"date":"2020-01-28","product":"COPERNICUS/S1_GRD","band":"VH","value":-11.7302,"farmer_unique_id":"3411490","site_id":2375},{"date":"2020-02-02","product":"COPERNICUS/S1_GRD","band":"VH","value":-16.8265,"farmer_unique_id":"3411490","site_id":2375},{"date":"2020-02-09","product":"COPERNICUS/S1_GRD","band":"VH","value":-15.1869,"farmer_unique_id":"3411490","site_id":2375},{"date":"2020-02-14","product":"COPERNICUS/S1_GRD","band":"VH","value":-17.1377,"farmer_unique_id":"3411490","site_id":2375},{"date":"2020-02-21","product":"COPERNICUS/S1_GRD","band":"VH","value":-15.0264,"farmer_unique_id":"3411490","site_id":2375},{"date":"2020-02-26","product":"COPERNICUS/S1_GRD","band":"VH","value":-17.6204,"farmer_unique_id":"3411490","site_id":2375},{"date":"2020-03-04","product":"COPERNICUS/S1_GRD","band":"VH","value":-21.3345,"farmer_unique_id":"3411490","site_id":2375},{"date":"2020-03-09","product":"COPERNICUS/S1_GRD","band":"VH","value":-18.7102,"farmer_unique_id":"3411490","site_id":2375},{"date":"2020-03-16","product":"COPERNICUS/S1_GRD","band":"VH","value":-14.305,"farmer_unique_id":"3411490","site_id":2375},{"date":"2020-03-21","product":"COPERNICUS/S1_GRD","band":"VH","value":-17.1886,"farmer_unique_id":"3411490","site_id":2375},{"date":"2020-03-28","product":"COPERNICUS/S1_GRD","band":"VH","value":-21.7187,"farmer_unique_id":"3411490","site_id":2375},{"date":"2020-04-02","product":"COPERNICUS/S1_GRD","band":"VH","value":-16.3902,"farmer_unique_id":"3411490","site_id":2375},{"date":"2020-04-09","product":"COPERNICUS/S1_GRD","band":"VH","value":-17.923,"farmer_unique_id":"3411490","site_id":2375},{"date":"2020-04-14","product":"COPERNICUS/S1_GRD","band":"VH","value":-20.4721,"farmer_unique_id":"3411490","site_id":2375},{"date":"2020-04-21","product":"COPERNICUS/S1_GRD","band":"VH","value":-17.007,"farmer_unique_id":"3411490","site_id":2375},{"date":"2020-04-26","product":"COPERNICUS/S1_GRD","band":"VH","value":-14.7913,"farmer_unique_id":"3411490","site_id":2375},{"date":"2020-05-03","product":"COPERNICUS/S1_GRD","band":"VH","value":-15.8308,"farmer_unique_id":"3411490","site_id":2375},{"date":"2020-05-08","product":"COPERNICUS/S1_GRD","band":"VH","value":-15.4416,"farmer_unique_id":"3411490","site_id":2375},{"date":"2020-05-15","product":"COPERNICUS/S1_GRD","band":"VH","value":-17.5051,"farmer_unique_id":"3411490","site_id":2375},{"date":"2020-05-20","product":"COPERNICUS/S1_GRD","band":"VH","value":-18.1852,"farmer_unique_id":"3411490","site_id":2375},{"date":"2020-05-27","product":"COPERNICUS/S1_GRD","band":"VH","value":-15.345,"farmer_unique_id":"3411490","site_id":2375},{"date":"2020-06-01","product":"COPERNICUS/S1_GRD","band":"VH","value":-18.8085,"farmer_unique_id":"3411490","site_id":2375},{"date":"2020-06-08","product":"COPERNICUS/S1_GRD","band":"VH","value":-15.2297,"farmer_unique_id":"3411490","site_id":2375},{"date":"2020-06-13","product":"COPERNICUS/S1_GRD","band":"VH","value":-19.3061,"farmer_unique_id":"3411490","site_id":2375},{"date":"2020-06-20","product":"COPERNICUS/S1_GRD","band":"VH","value":-20.2665,"farmer_unique_id":"3411490","site_id":2375},{"date":"2020-06-25","product":"COPERNICUS/S1_GRD","band":"VH","value":-21.2931,"farmer_unique_id":"3411490","site_id":2375},{"date":"2020-07-02","product":"COPERNICUS/S1_GRD","band":"VH","value":-17.3855,"farmer_unique_id":"3411490","site_id":2375},{"date":"2020-07-07","product":"COPERNICUS/S1_GRD","band":"VH","value":-20.3676,"farmer_unique_id":"3411490","site_id":2375},{"date":"2020-07-14","product":"COPERNICUS/S1_GRD","band":"VH","value":-19.1369,"farmer_unique_id":"3411490","site_id":2375},{"date":"2020-07-19","product":"COPERNICUS/S1_GRD","band":"VH","value":-17.2152,"farmer_unique_id":"3411490","site_id":2375},{"date":"2020-07-26","product":"COPERNICUS/S1_GRD","band":"VH","value":-18.5847,"farmer_unique_id":"3411490","site_id":2375},{"date":"2020-07-31","product":"COPERNICUS/S1_GRD","band":"VH","value":-18.2474,"farmer_unique_id":"3411490","site_id":2375},{"date":"2020-08-07","product":"COPERNICUS/S1_GRD","band":"VH","value":-15.2073,"farmer_unique_id":"3411490","site_id":2375},{"date":"2020-08-12","product":"COPERNICUS/S1_GRD","band":"VH","farmer_unique_id":"3411490","site_id":2375},{"date":"2020-08-19","product":"COPERNICUS/S1_GRD","band":"VH","value":-15.958,"farmer_unique_id":"3411490","site_id":2375},{"date":"2020-08-24","product":"COPERNICUS/S1_GRD","band":"VH","value":-15.515,"farmer_unique_id":"3411490","site_id":2375},{"date":"2020-08-31","product":"COPERNICUS/S1_GRD","band":"VH","value":-18.1231,"farmer_unique_id":"3411490","site_id":2375},{"date":"2020-09-05","product":"COPERNICUS/S1_GRD","band":"VH","value":-26.8477,"farmer_unique_id":"3411490","site_id":2375},{"date":"2020-09-12","product":"COPERNICUS/S1_GRD","band":"VH","value":-22.3427,"farmer_unique_id":"3411490","site_id":2375},{"date":"2020-09-17","product":"COPERNICUS/S1_GRD","band":"VH","value":-19.9343,"farmer_unique_id":"3411490","site_id":2375},{"date":"2020-09-24","product":"COPERNICUS/S1_GRD","band":"VH","value":-16.0082,"farmer_unique_id":"3411490","site_id":2375},{"date":"2020-09-29","product":"COPERNICUS/S1_GRD","band":"VH","value":-13.8351,"farmer_unique_id":"3411490","site_id":2375},{"date":"2020-10-06","product":"COPERNICUS/S1_GRD","band":"VH","value":-18.8172,"farmer_unique_id":"3411490","site_id":2375},{"date":"2020-10-11","product":"COPERNICUS/S1_GRD","band":"VH","value":-17.708,"farmer_unique_id":"3411490","site_id":2375},{"date":"2020-10-18","product":"COPERNICUS/S1_GRD","band":"VH","value":-20.4731,"farmer_unique_id":"3411490","site_id":2375},{"date":"2020-10-23","product":"COPERNICUS/S1_GRD","band":"VH","value":-16.17,"farmer_unique_id":"3411490","site_id":2375},{"date":"2020-10-30","product":"COPERNICUS/S1_GRD","band":"VH","value":-13.0231,"farmer_unique_id":"3411490","site_id":2375},{"date":"2020-11-04","product":"COPERNICUS/S1_GRD","band":"VH","value":-17.6669,"farmer_unique_id":"3411490","site_id":2375},{"date":"2020-11-11","product":"COPERNICUS/S1_GRD","band":"VH","value":-10.9808,"farmer_unique_id":"3411490","site_id":2375},{"date":"2020-11-16","product":"COPERNICUS/S1_GRD","band":"VH","value":-17.9867,"farmer_unique_id":"3411490","site_id":2375},{"date":"2020-11-23","product":"COPERNICUS/S1_GRD","band":"VH","value":-17.4252,"farmer_unique_id":"3411490","site_id":2375},{"date":"2020-11-28","product":"COPERNICUS/S1_GRD","band":"VH","value":-16.8524,"farmer_unique_id":"3411490","site_id":2375},{"date":"2020-12-05","product":"COPERNICUS/S1_GRD","band":"VH","value":-16.6532,"farmer_unique_id":"3411490","site_id":2375},{"date":"2020-12-10","product":"COPERNICUS/S1_GRD","band":"VH","value":-19.1136,"farmer_unique_id":"3411490","site_id":2375},{"date":"2020-12-17","product":"COPERNICUS/S1_GRD","band":"VH","value":-16.833,"farmer_unique_id":"3411490","site_id":2375},{"date":"2020-12-22","product":"COPERNICUS/S1_GRD","band":"VH","value":-17.6166,"farmer_unique_id":"3411490","site_id":2375},{"date":"2020-12-29","product":"COPERNICUS/S1_GRD","band":"VH","value":-16.4885,"farmer_unique_id":"3411490","site_id":2375},{"date":"2021-01-03","product":"COPERNICUS/S1_GRD","band":"VH","value":-16.7426,"farmer_unique_id":"3411490","site_id":2375},{"date":"2021-01-10","product":"COPERNICUS/S1_GRD","band":"VH","value":-16.5345,"farmer_unique_id":"3411490","site_id":2375},{"date":"2021-01-15","product":"COPERNICUS/S1_GRD","band":"VH","value":-18.8997,"farmer_unique_id":"3411490","site_id":2375},{"date":"2021-01-22","product":"COPERNICUS/S1_GRD","band":"VH","value":-18.0261,"farmer_unique_id":"3411490","site_id":2375},{"date":"2021-01-27","product":"COPERNICUS/S1_GRD","band":"VH","value":-20.3222,"farmer_unique_id":"3411490","site_id":2375},{"date":"2021-02-03","product":"COPERNICUS/S1_GRD","band":"VH","value":-17.2752,"farmer_unique_id":"3411490","site_id":2375},{"date":"2021-02-08","product":"COPERNICUS/S1_GRD","band":"VH","value":-18.4328,"farmer_unique_id":"3411490","site_id":2375},{"date":"2021-02-15","product":"COPERNICUS/S1_GRD","band":"VH","value":-18.3577,"farmer_unique_id":"3411490","site_id":2375},{"date":"2021-02-20","product":"COPERNICUS/S1_GRD","band":"VH","value":-19.779,"farmer_unique_id":"3411490","site_id":2375},{"date":"2021-02-27","product":"COPERNICUS/S1_GRD","band":"VH","value":-17.1949,"farmer_unique_id":"3411490","site_id":2375},{"date":"2021-03-04","product":"COPERNICUS/S1_GRD","band":"VH","value":-16.612,"farmer_unique_id":"3411490","site_id":2375},{"date":"2021-03-11","product":"COPERNICUS/S1_GRD","band":"VH","value":-17.0899,"farmer_unique_id":"3411490","site_id":2375},{"date":"2021-03-16","product":"COPERNICUS/S1_GRD","band":"VH","value":-20.2183,"farmer_unique_id":"3411490","site_id":2375},{"date":"2021-03-23","product":"COPERNICUS/S1_GRD","band":"VH","value":-22.5341,"farmer_unique_id":"3411490","site_id":2375},{"date":"2021-03-28","product":"COPERNICUS/S1_GRD","band":"VH","value":-17.5481,"farmer_unique_id":"3411490","site_id":2375},{"date":"2021-04-04","product":"COPERNICUS/S1_GRD","band":"VH","value":-13.3796,"farmer_unique_id":"3411490","site_id":2375},{"date":"2021-04-09","product":"COPERNICUS/S1_GRD","band":"VH","value":-17.1095,"farmer_unique_id":"3411490","site_id":2375},{"date":"2021-04-16","product":"COPERNICUS/S1_GRD","band":"VH","value":-13.3604,"farmer_unique_id":"3411490","site_id":2375},{"date":"2021-04-21","product":"COPERNICUS/S1_GRD","band":"VH","value":-18.765,"farmer_unique_id":"3411490","site_id":2375},{"date":"2021-04-28","product":"COPERNICUS/S1_GRD","band":"VH","value":-20.3851,"farmer_unique_id":"3411490","site_id":2375},{"date":"2021-05-03","product":"COPERNICUS/S1_GRD","band":"VH","value":-16.643,"farmer_unique_id":"3411490","site_id":2375},{"date":"2021-05-10","product":"COPERNICUS/S1_GRD","band":"VH","value":-17.5351,"farmer_unique_id":"3411490","site_id":2375},{"date":"2021-05-15","product":"COPERNICUS/S1_GRD","band":"VH","value":-15.3872,"farmer_unique_id":"3411490","site_id":2375},{"date":"2021-05-22","product":"COPERNICUS/S1_GRD","band":"VH","value":-17.0597,"farmer_unique_id":"3411490","site_id":2375},{"date":"2021-05-27","product":"COPERNICUS/S1_GRD","band":"VH","value":-18.306,"farmer_unique_id":"3411490","site_id":2375},{"date":"2020-01-04","product":"COPERNICUS/S1_GRD","band":"VV","value":-13.146,"farmer_unique_id":"3411490","site_id":2375},{"date":"2020-01-09","product":"COPERNICUS/S1_GRD","band":"VV","value":-11.1393,"farmer_unique_id":"3411490","site_id":2375},{"date":"2020-01-16","product":"COPERNICUS/S1_GRD","band":"VV","value":-6.3095,"farmer_unique_id":"3411490","site_id":2375},{"date":"2020-01-21","product":"COPERNICUS/S1_GRD","band":"VV","value":-13.0411,"farmer_unique_id":"3411490","site_id":2375},{"date":"2020-01-28","product":"COPERNICUS/S1_GRD","band":"VV","value":-8.2905,"farmer_unique_id":"3411490","site_id":2375},{"date":"2020-02-02","product":"COPERNICUS/S1_GRD","band":"VV","value":-10.9734,"farmer_unique_id":"3411490","site_id":2375},{"date":"2020-02-09","product":"COPERNICUS/S1_GRD","band":"VV","value":-10.1091,"farmer_unique_id":"3411490","site_id":2375},{"date":"2020-02-14","product":"COPERNICUS/S1_GRD","band":"VV","value":-14.2795,"farmer_unique_id":"3411490","site_id":2375},{"date":"2020-02-21","product":"COPERNICUS/S1_GRD","band":"VV","value":-9.6133,"farmer_unique_id":"3411490","site_id":2375},{"date":"2020-02-26","product":"COPERNICUS/S1_GRD","band":"VV","value":-13.3858,"farmer_unique_id":"3411490","site_id":2375},{"date":"2020-03-04","product":"COPERNICUS/S1_GRD","band":"VV","value":-12.4569,"farmer_unique_id":"3411490","site_id":2375},{"date":"2020-03-09","product":"COPERNICUS/S1_GRD","band":"VV","value":-15.9349,"farmer_unique_id":"3411490","site_id":2375},{"date":"2020-03-16","product":"COPERNICUS/S1_GRD","band":"VV","value":-13.4146,"farmer_unique_id":"3411490","site_id":2375},{"date":"2020-03-21","product":"COPERNICUS/S1_GRD","band":"VV","value":-13.1831,"farmer_unique_id":"3411490","site_id":2375},{"date":"2020-03-28","product":"COPERNICUS/S1_GRD","band":"VV","value":-8.4629,"farmer_unique_id":"3411490","site_id":2375},{"date":"2020-04-02","product":"COPERNICUS/S1_GRD","band":"VV","value":-10.8121,"farmer_unique_id":"3411490","site_id":2375},{"date":"2020-04-09","product":"COPERNICUS/S1_GRD","band":"VV","value":-10.0009,"farmer_unique_id":"3411490","site_id":2375},{"date":"2020-04-14","product":"COPERNICUS/S1_GRD","band":"VV","value":-10.6115,"farmer_unique_id":"3411490","site_id":2375},{"date":"2020-04-21","product":"COPERNICUS/S1_GRD","band":"VV","value":-7.4299,"farmer_unique_id":"3411490","site_id":2375},{"date":"2020-04-26","product":"COPERNICUS/S1_GRD","band":"VV","value":-13.4262,"farmer_unique_id":"3411490","site_id":2375},{"date":"2020-05-03","product":"COPERNICUS/S1_GRD","band":"VV","value":-11.9245,"farmer_unique_id":"3411490","site_id":2375},{"date":"2020-05-08","product":"COPERNICUS/S1_GRD","band":"VV","value":-11.3603,"farmer_unique_id":"3411490","site_id":2375},{"date":"2020-05-15","product":"COPERNICUS/S1_GRD","band":"VV","value":-8.9028,"farmer_unique_id":"3411490","site_id":2375},{"date":"2020-05-20","product":"COPERNICUS/S1_GRD","band":"VV","value":-14.6549,"farmer_unique_id":"3411490","site_id":2375},{"date":"2020-05-27","product":"COPERNICUS/S1_GRD","band":"VV","value":-10.9535,"farmer_unique_id":"3411490","site_id":2375},{"date":"2020-06-01","product":"COPERNICUS/S1_GRD","band":"VV","value":-16.1495,"farmer_unique_id":"3411490","site_id":2375},{"date":"2020-06-08","product":"COPERNICUS/S1_GRD","band":"VV","value":-9.3186,"farmer_unique_id":"3411490","site_id":2375},{"date":"2020-06-13","product":"COPERNICUS/S1_GRD","band":"VV","value":-12.2098,"farmer_unique_id":"3411490","site_id":2375},{"date":"2020-06-20","product":"COPERNICUS/S1_GRD","band":"VV","value":-9.1549,"farmer_unique_id":"3411490","site_id":2375},{"date":"2020-06-25","product":"COPERNICUS/S1_GRD","band":"VV","value":-13.0131,"farmer_unique_id":"3411490","site_id":2375},{"date":"2020-07-02","product":"COPERNICUS/S1_GRD","band":"VV","value":-10.0264,"farmer_unique_id":"3411490","site_id":2375},{"date":"2020-07-07","product":"COPERNICUS/S1_GRD","band":"VV","value":-15.441,"farmer_unique_id":"3411490","site_id":2375},{"date":"2020-07-14","product":"COPERNICUS/S1_GRD","band":"VV","value":-6.0631,"farmer_unique_id":"3411490","site_id":2375},{"date":"2020-07-19","product":"COPERNICUS/S1_GRD","band":"VV","value":-11.9045,"farmer_unique_id":"3411490","site_id":2375},{"date":"2020-07-26","product":"COPERNICUS/S1_GRD","band":"VV","value":-12.6535,"farmer_unique_id":"3411490","site_id":2375},{"date":"2020-07-31","product":"COPERNICUS/S1_GRD","band":"VV","value":-15.0177,"farmer_unique_id":"3411490","site_id":2375},{"date":"2020-08-07","product":"COPERNICUS/S1_GRD","band":"VV","value":-10.3254,"farmer_unique_id":"3411490","site_id":2375},{"date":"2020-08-12","product":"COPERNICUS/S1_GRD","band":"VV","value":-12.2313,"farmer_unique_id":"3411490","site_id":2375},{"date":"2020-08-19","product":"COPERNICUS/S1_GRD","band":"VV","value":-9.1155,"farmer_unique_id":"3411490","site_id":2375},{"date":"2020-08-24","product":"COPERNICUS/S1_GRD","band":"VV","value":-12.1618,"farmer_unique_id":"3411490","site_id":2375},{"date":"2020-08-31","product":"COPERNICUS/S1_GRD","band":"VV","value":-5.7053,"farmer_unique_id":"3411490","site_id":2375},{"date":"2020-09-05","product":"COPERNICUS/S1_GRD","band":"VV","value":-13.1418,"farmer_unique_id":"3411490","site_id":2375},{"date":"2020-09-12","product":"COPERNICUS/S1_GRD","band":"VV","value":-13.1375,"farmer_unique_id":"3411490","site_id":2375},{"date":"2020-09-17","product":"COPERNICUS/S1_GRD","band":"VV","value":-11.5353,"farmer_unique_id":"3411490","site_id":2375},{"date":"2020-09-24","product":"COPERNICUS/S1_GRD","band":"VV","value":-9.1258,"farmer_unique_id":"3411490","site_id":2375},{"date":"2020-09-29","product":"COPERNICUS/S1_GRD","band":"VV","value":-12.6658,"farmer_unique_id":"3411490","site_id":2375},{"date":"2020-10-06","product":"COPERNICUS/S1_GRD","band":"VV","value":-11.8643,"farmer_unique_id":"3411490","site_id":2375},{"date":"2020-10-11","product":"COPERNICUS/S1_GRD","band":"VV","value":-12.5071,"farmer_unique_id":"3411490","site_id":2375},{"date":"2020-10-18","product":"COPERNICUS/S1_GRD","band":"VV","value":-13.3285,"farmer_unique_id":"3411490","site_id":2375},{"date":"2020-10-23","product":"COPERNICUS/S1_GRD","band":"VV","value":-8.1417,"farmer_unique_id":"3411490","site_id":2375},{"date":"2020-10-30","product":"COPERNICUS/S1_GRD","band":"VV","value":-6.9833,"farmer_unique_id":"3411490","site_id":2375},{"date":"2020-11-04","product":"COPERNICUS/S1_GRD","band":"VV","value":-12.5682,"farmer_unique_id":"3411490","site_id":2375},{"date":"2020-11-11","product":"COPERNICUS/S1_GRD","band":"VV","value":-7.6896,"farmer_unique_id":"3411490","site_id":2375},{"date":"2020-11-16","product":"COPERNICUS/S1_GRD","band":"VV","value":-14.0549,"farmer_unique_id":"3411490","site_id":2375},{"date":"2020-11-23","product":"COPERNICUS/S1_GRD","band":"VV","value":-6.5413,"farmer_unique_id":"3411490","site_id":2375},{"date":"2020-11-28","product":"COPERNICUS/S1_GRD","band":"VV","value":-8.7222,"farmer_unique_id":"3411490","site_id":2375},{"date":"2020-12-05","product":"COPERNICUS/S1_GRD","band":"VV","value":-13.0948,"farmer_unique_id":"3411490","site_id":2375},{"date":"2020-12-10","product":"COPERNICUS/S1_GRD","band":"VV","value":-11.4521,"farmer_unique_id":"3411490","site_id":2375},{"date":"2020-12-17","product":"COPERNICUS/S1_GRD","band":"VV","value":-14.8548,"farmer_unique_id":"3411490","site_id":2375},{"date":"2020-12-22","product":"COPERNICUS/S1_GRD","band":"VV","value":-12.1243,"farmer_unique_id":"3411490","site_id":2375},{"date":"2020-12-29","product":"COPERNICUS/S1_GRD","band":"VV","value":-12.5584,"farmer_unique_id":"3411490","site_id":2375},{"date":"2021-01-03","product":"COPERNICUS/S1_GRD","band":"VV","value":-12.661,"farmer_unique_id":"3411490","site_id":2375},{"date":"2021-01-10","product":"COPERNICUS/S1_GRD","band":"VV","value":-7.4067,"farmer_unique_id":"3411490","site_id":2375},{"date":"2021-01-15","product":"COPERNICUS/S1_GRD","band":"VV","value":-14.0336,"farmer_unique_id":"3411490","site_id":2375},{"date":"2021-01-22","product":"COPERNICUS/S1_GRD","band":"VV","value":-10.5063,"farmer_unique_id":"3411490","site_id":2375},{"date":"2021-01-27","product":"COPERNICUS/S1_GRD","band":"VV","value":-11.7905,"farmer_unique_id":"3411490","site_id":2375},{"date":"2021-02-03","product":"COPERNICUS/S1_GRD","band":"VV","value":-9.2006,"farmer_unique_id":"3411490","site_id":2375},{"date":"2021-02-08","product":"COPERNICUS/S1_GRD","band":"VV","value":-19.5393,"farmer_unique_id":"3411490","site_id":2375},{"date":"2021-02-15","product":"COPERNICUS/S1_GRD","band":"VV","value":-9.2666,"farmer_unique_id":"3411490","site_id":2375},{"date":"2021-02-20","product":"COPERNICUS/S1_GRD","band":"VV","value":-13.1899,"farmer_unique_id":"3411490","site_id":2375},{"date":"2021-02-27","product":"COPERNICUS/S1_GRD","band":"VV","value":-10.9804,"farmer_unique_id":"3411490","site_id":2375},{"date":"2021-03-04","product":"COPERNICUS/S1_GRD","band":"VV","value":-16.9183,"farmer_unique_id":"3411490","site_id":2375},{"date":"2021-03-11","product":"COPERNICUS/S1_GRD","band":"VV","value":-13.0665,"farmer_unique_id":"3411490","site_id":2375},{"date":"2021-03-16","product":"COPERNICUS/S1_GRD","band":"VV","value":-11.3249,"farmer_unique_id":"3411490","site_id":2375},{"date":"2021-03-23","product":"COPERNICUS/S1_GRD","band":"VV","value":-14.3219,"farmer_unique_id":"3411490","site_id":2375},{"date":"2021-03-28","product":"COPERNICUS/S1_GRD","band":"VV","value":-14.896,"farmer_unique_id":"3411490","site_id":2375},{"date":"2021-04-04","product":"COPERNICUS/S1_GRD","band":"VV","value":-8.5419,"farmer_unique_id":"3411490","site_id":2375},{"date":"2021-04-09","product":"COPERNICUS/S1_GRD","band":"VV","value":-12.459,"farmer_unique_id":"3411490","site_id":2375},{"date":"2021-04-16","product":"COPERNICUS/S1_GRD","band":"VV","value":-7.8547,"farmer_unique_id":"3411490","site_id":2375},{"date":"2021-04-21","product":"COPERNICUS/S1_GRD","band":"VV","value":-9.8861,"farmer_unique_id":"3411490","site_id":2375},{"date":"2021-04-28","product":"COPERNICUS/S1_GRD","band":"VV","value":-7.6747,"farmer_unique_id":"3411490","site_id":2375},{"date":"2021-05-03","product":"COPERNICUS/S1_GRD","band":"VV","value":-12.567,"farmer_unique_id":"3411490","site_id":2375},{"date":"2021-05-10","product":"COPERNICUS/S1_GRD","band":"VV","value":-11.8886,"farmer_unique_id":"3411490","site_id":2375},{"date":"2021-05-15","product":"COPERNICUS/S1_GRD","band":"VV","value":-11.2389,"farmer_unique_id":"3411490","site_id":2375},{"date":"2021-05-22","product":"COPERNICUS/S1_GRD","band":"VV","value":-13.6022,"farmer_unique_id":"3411490","site_id":2375},{"date":"2021-05-27","product":"COPERNICUS/S1_GRD","band":"VV","value":-11.7516,"farmer_unique_id":"3411490","site_id":2375}]
